timestamp,open,high,low,close
2026-02-25 00:00:00+00:00,13516.80,13520.85,13515.70,13519.70
2026-02-25 00:05:00+00:00,13519.80,13521.80,13517.90,13519.85
2026-02-25 00:10:00+00:00,13519.75,13520.50,13519.05,13519.80
2026-02-25 00:15:00+00:00,13520.00,13520.95,13519.70,13520.45
2026-02-25 00:20:00+00:00,13520.50,13520.55,13516.40,13517.00
2026-02-25 00:25:00+00:00,13516.80,13519.30,13516.80,13519.25
2026-02-25 00:30:00+00:00,13519.10,13520.45,13517.95,13519.10
2026-02-25 00:35:00+00:00,13518.95,13521.55,13518.95,13521.55
2026-02-25 00:40:00+00:00,13521.45,13525.30,13520.70,13524.85
2026-02-25 00:45:00+00:00,13524.80,13524.90,13522.60,13523.60
2026-02-25 00:50:00+00:00,13523.55,13523.60,13521.85,13522.15
2026-02-25 00:55:00+00:00,13521.80,13522.65,13520.15,13521.75
2026-02-25 01:00:00+00:00,13521.60,13522.70,13519.75,13520.85
2026-02-25 01:05:00+00:00,13520.80,13521.85,13518.65,13518.95
2026-02-25 01:10:00+00:00,13519.10,13524.90,13518.15,13523.65
2026-02-25 01:15:00+00:00,13523.60,13524.55,13522.65,13523.85
2026-02-25 01:20:00+00:00,13523.70,13526.30,13522.85,13525.65
2026-02-25 01:25:00+00:00,13525.60,13526.75,13523.65,13525.45
2026-02-25 01:30:00+00:00,13525.65,13526.55,13524.35,13526.55
2026-02-25 01:35:00+00:00,13526.30,13526.55,13525.45,13526.20
2026-02-25 01:40:00+00:00,13526.10,13526.20,13522.70,13523.15
2026-02-25 01:45:00+00:00,13523.20,13523.75,13522.40,13523.55
2026-02-25 01:50:00+00:00,13523.75,13526.70,13523.45,13523.55
2026-02-25 01:55:00+00:00,13523.65,13526.20,13523.35,13525.65
2026-02-25 02:00:00+00:00,13525.75,13528.75,13524.75,13527.75
2026-02-25 02:05:00+00:00,13527.60,13528.70,13524.55,13524.80
2026-02-25 02:10:00+00:00,13524.90,13527.40,13523.65,13523.65
2026-02-25 02:15:00+00:00,13523.55,13523.80,13520.70,13521.70
2026-02-25 02:20:00+00:00,13521.75,13522.25,13517.75,13518.50
2026-02-25 02:25:00+00:00,13518.60,13522.85,13517.30,13521.20
2026-02-25 02:30:00+00:00,13521.25,13521.25,13517.25,13517.55
2026-02-25 02:35:00+00:00,13517.50,13518.50,13515.40,13516.40
2026-02-25 02:40:00+00:00,13516.45,13521.10,13515.85,13518.80
2026-02-25 02:45:00+00:00,13519.05,13520.45,13517.65,13520.35
2026-02-25 02:50:00+00:00,13520.45,13530.00,13520.45,13525.65
2026-02-25 02:55:00+00:00,13525.65,13529.55,13523.70,13526.60
2026-02-25 03:00:00+00:00,13526.60,13533.90,13525.25,13526.60
2026-02-25 03:05:00+00:00,13526.70,13527.75,13517.90,13520.10
2026-02-25 03:10:00+00:00,13520.40,13520.70,13515.70,13518.90
2026-02-25 03:15:00+00:00,13518.80,13524.35,13518.00,13519.60
2026-02-25 03:20:00+00:00,13519.70,13520.65,13516.65,13516.80
2026-02-25 03:25:00+00:00,13516.85,13517.00,13509.65,13510.80
2026-02-25 03:30:00+00:00,13510.95,13517.70,13510.95,13516.90
2026-02-25 03:35:00+00:00,13517.20,13522.30,13517.20,13520.60
2026-02-25 03:40:00+00:00,13520.70,13523.80,13520.70,13521.65
2026-02-25 03:45:00+00:00,13521.75,13523.70,13519.25,13521.20
2026-02-25 03:50:00+00:00,13521.20,13521.20,13516.80,13518.10
2026-02-25 03:55:00+00:00,13518.00,13518.45,13515.75,13516.70
2026-02-25 04:00:00+00:00,13516.40,13516.75,13512.50,13514.65
2026-02-25 04:05:00+00:00,13514.85,13518.40,13513.60,13517.80
2026-02-25 04:10:00+00:00,13517.70,13519.40,13514.35,13515.00
2026-02-25 04:15:00+00:00,13514.90,13517.45,13511.50,13517.45
2026-02-25 04:20:00+00:00,13517.45,13521.95,13514.15,13514.55
2026-02-25 04:25:00+00:00,13514.80,13514.90,13512.10,13513.60
2026-02-25 04:30:00+00:00,13513.90,13520.60,13510.75,13518.50
2026-02-25 04:35:00+00:00,13518.25,13519.40,13513.65,13514.70
2026-02-25 04:40:00+00:00,13514.45,13516.70,13512.45,13515.20
2026-02-25 04:45:00+00:00,13515.30,13516.90,13511.45,13512.70
2026-02-25 04:50:00+00:00,13512.65,13515.45,13512.25,13514.40
2026-02-25 04:55:00+00:00,13514.50,13519.75,13514.50,13517.85
2026-02-25 05:00:00+00:00,13517.80,13519.70,13517.30,13518.65
2026-02-25 05:05:00+00:00,13518.65,13521.45,13516.95,13519.60
2026-02-25 05:10:00+00:00,13519.10,13521.45,13517.80,13519.40
2026-02-25 05:15:00+00:00,13519.35,13519.35,13516.15,13517.10
2026-02-25 05:20:00+00:00,13517.15,13517.80,13512.60,13514.75
2026-02-25 05:25:00+00:00,13514.10,13514.50,13510.55,13510.55
2026-02-25 05:30:00+00:00,13510.45,13510.75,13506.55,13509.00
2026-02-25 05:35:00+00:00,13509.25,13513.90,13507.60,13512.95
2026-02-25 05:40:00+00:00,13513.05,13515.80,13511.10,13512.90
2026-02-25 05:45:00+00:00,13512.85,13513.80,13510.70,13512.90
2026-02-25 05:50:00+00:00,13512.30,13513.80,13510.50,13513.70
2026-02-25 05:55:00+00:00,13513.80,13513.80,13511.10,13511.20
2026-02-25 06:00:00+00:00,13511.05,13512.60,13506.40,13508.60
2026-02-25 06:05:00+00:00,13508.80,13509.55,13505.20,13505.80
2026-02-25 06:10:00+00:00,13506.30,13507.45,13504.40,13505.20
2026-02-25 06:15:00+00:00,13505.30,13505.35,13493.20,13494.35
2026-02-25 06:20:00+00:00,13493.85,13496.85,13491.70,13494.80
2026-02-25 06:25:00+00:00,13495.05,13495.20,13491.40,13492.55
2026-02-25 06:30:00+00:00,13492.50,13496.05,13491.10,13494.10
2026-02-25 06:35:00+00:00,13494.00,13498.20,13493.55,13496.55
2026-02-25 06:40:00+00:00,13496.70,13497.60,13494.80,13495.70
2026-02-25 06:45:00+00:00,13495.55,13499.85,13495.55,13497.95
2026-02-25 06:50:00+00:00,13498.20,13502.75,13498.20,13501.15
2026-02-25 06:55:00+00:00,13501.10,13505.70,13501.10,13505.20
2026-02-25 07:00:00+00:00,13505.00,13507.10,13503.65,13506.20
2026-02-25 07:05:00+00:00,13506.15,13507.60,13503.40,13503.95
2026-02-25 07:10:00+00:00,13504.05,13512.00,13503.75,13511.70
2026-02-25 07:15:00+00:00,13511.60,13511.60,13506.75,13509.60
2026-02-25 07:20:00+00:00,13509.80,13511.65,13508.45,13511.65
2026-02-25 07:25:00+00:00,13511.70,13513.75,13510.50,13511.50
2026-02-25 07:30:00+00:00,13511.45,13512.55,13509.10,13510.70
2026-02-25 07:35:00+00:00,13510.75,13510.90,13508.90,13509.40
2026-02-25 07:40:00+00:00,13509.50,13512.65,13507.45,13512.40
2026-02-25 07:45:00+00:00,13512.40,13521.15,13511.70,13520.55
2026-02-25 07:50:00+00:00,13520.60,13521.80,13518.05,13519.75
2026-02-25 07:55:00+00:00,13519.80,13524.00,13518.50,13522.90
2026-02-25 08:00:00+00:00,13523.05,13523.85,13520.45,13522.50
2026-02-25 08:05:00+00:00,13522.30,13525.65,13521.90,13522.35
2026-02-25 08:10:00+00:00,13522.45,13530.40,13521.95,13529.65
2026-02-25 08:15:00+00:00,13529.75,13535.40,13529.50,13534.30
2026-02-25 08:20:00+00:00,13534.55,13535.20,13526.45,13531.00
2026-02-25 08:25:00+00:00,13530.85,13531.70,13524.70,13524.75
2026-02-25 08:30:00+00:00,13524.65,13524.65,13518.45,13520.55
2026-02-25 08:35:00+00:00,13520.65,13522.80,13520.20,13520.90
2026-02-25 08:40:00+00:00,13521.00,13524.60,13517.90,13519.50
2026-02-25 08:45:00+00:00,13519.20,13522.25,13514.60,13516.40
2026-02-25 08:50:00+00:00,13516.50,13517.85,13510.70,13511.10
2026-02-25 08:55:00+00:00,13511.25,13512.40,13507.70,13508.15
2026-02-25 09:00:00+00:00,13508.10,13510.60,13506.55,13509.45
2026-02-25 09:05:00+00:00,13509.40,13513.30,13509.25,13511.55
2026-02-25 09:10:00+00:00,13511.70,13516.85,13509.70,13514.65
2026-02-25 09:15:00+00:00,13514.50,13514.65,13510.00,13514.50
2026-02-25 09:20:00+00:00,13514.30,13521.20,13513.70,13519.55
2026-02-25 09:25:00+00:00,13519.60,13521.10,13515.60,13517.70
2026-02-25 09:30:00+00:00,13517.75,13520.15,13515.65,13515.85
2026-02-25 09:35:00+00:00,13515.80,13517.20,13513.30,13513.50
2026-02-25 09:40:00+00:00,13513.40,13515.70,13511.85,13515.10
2026-02-25 09:45:00+00:00,13515.15,13522.75,13515.15,13521.70
2026-02-25 09:50:00+00:00,13521.50,13523.20,13517.80,13520.80
2026-02-25 09:55:00+00:00,13520.70,13523.80,13520.60,13521.35
2026-02-25 10:00:00+00:00,13521.40,13524.75,13517.80,13521.45
2026-02-25 10:05:00+00:00,13521.55,13527.90,13520.80,13523.00
2026-02-25 10:10:00+00:00,13522.90,13533.40,13520.90,13530.90
2026-02-25 10:15:00+00:00,13530.85,13534.85,13530.00,13532.55
2026-02-25 10:20:00+00:00,13532.50,13532.50,13526.65,13527.45
2026-02-25 10:25:00+00:00,13527.55,13530.55,13525.45,13527.50
2026-02-25 10:30:00+00:00,13527.40,13530.80,13523.55,13525.00
2026-02-25 10:35:00+00:00,13525.15,13528.75,13523.50,13528.75
2026-02-25 10:40:00+00:00,13528.85,13530.90,13524.45,13526.55
2026-02-25 10:45:00+00:00,13526.50,13531.40,13520.45,13527.70
2026-02-25 10:50:00+00:00,13527.50,13530.20,13522.40,13529.80
2026-02-25 10:55:00+00:00,13529.60,13537.20,13527.00,13533.70
2026-02-25 11:00:00+00:00,13533.80,13540.70,13533.70,13536.50
2026-02-25 11:05:00+00:00,13536.45,13538.10,13531.95,13536.65
2026-02-25 11:10:00+00:00,13536.85,13544.30,13536.85,13539.55
2026-02-25 11:15:00+00:00,13539.50,13541.10,13535.55,13536.65
2026-02-25 11:20:00+00:00,13536.60,13538.65,13532.40,13532.75
2026-02-25 11:25:00+00:00,13532.60,13537.70,13532.05,13537.70
2026-02-25 11:30:00+00:00,13537.75,13541.85,13537.35,13539.60
2026-02-25 11:35:00+00:00,13539.95,13544.80,13539.50,13544.40
2026-02-25 11:40:00+00:00,13544.50,13546.15,13539.90,13540.35
2026-02-25 11:45:00+00:00,13540.70,13551.70,13539.50,13547.75
2026-02-25 11:50:00+00:00,13547.25,13547.95,13545.35,13546.45
2026-02-25 11:55:00+00:00,13546.40,13551.00,13544.50,13550.60
2026-02-25 12:00:00+00:00,13550.50,13556.80,13548.50,13556.60
2026-02-25 12:05:00+00:00,13556.50,13559.50,13555.20,13557.70
2026-02-25 12:10:00+00:00,13557.60,13560.80,13556.55,13559.45
2026-02-25 12:15:00+00:00,13559.55,13563.30,13558.45,13562.50
2026-02-25 12:20:00+00:00,13562.40,13563.30,13560.50,13562.40
2026-02-25 12:25:00+00:00,13562.50,13564.20,13559.60,13562.15
2026-02-25 12:30:00+00:00,13562.05,13562.15,13559.20,13560.45
2026-02-25 12:35:00+00:00,13560.40,13563.55,13560.00,13562.80
2026-02-25 12:40:00+00:00,13562.85,13565.95,13562.40,13562.40
2026-02-25 12:45:00+00:00,13562.45,13563.45,13559.40,13559.50
2026-02-25 12:50:00+00:00,13559.45,13561.00,13557.60,13558.40
2026-02-25 12:55:00+00:00,13558.50,13558.55,13554.35,13555.80
2026-02-25 13:00:00+00:00,13555.90,13558.50,13555.05,13555.65
2026-02-25 13:05:00+00:00,13555.60,13560.30,13555.25,13558.70
2026-02-25 13:10:00+00:00,13558.75,13558.80,13556.50,13557.95
2026-02-25 13:15:00+00:00,13557.85,13559.50,13555.40,13556.65
2026-02-25 13:20:00+00:00,13556.55,13557.55,13553.55,13554.35
2026-02-25 13:25:00+00:00,13554.40,13554.70,13552.50,13553.30
2026-02-25 13:30:00+00:00,13553.20,13555.40,13550.50,13551.05
2026-02-25 13:35:00+00:00,13551.25,13552.60,13550.70,13551.90
2026-02-25 13:40:00+00:00,13551.80,13552.40,13550.70,13550.75
2026-02-25 13:45:00+00:00,13550.85,13552.95,13550.85,13552.70
2026-02-25 13:50:00+00:00,13552.70,13553.45,13551.60,13552.40
2026-02-25 13:55:00+00:00,13552.60,13553.30,13550.55,13552.55
2026-02-25 14:00:00+00:00,13552.60,13552.95,13550.45,13550.45
2026-02-25 14:05:00+00:00,13550.40,13552.50,13548.45,13552.50
2026-02-25 14:10:00+00:00,13552.20,13555.80,13551.80,13554.40
2026-02-25 14:15:00+00:00,13554.20,13554.20,13552.15,13552.60
2026-02-25 14:20:00+00:00,13552.40,13552.40,13551.30,13551.70
2026-02-25 14:25:00+00:00,13551.65,13551.70,13548.10,13549.40
2026-02-25 14:30:00+00:00,13549.25,13550.70,13549.20,13550.60
2026-02-25 14:35:00+00:00,13550.55,13551.40,13549.75,13550.55
2026-02-25 14:40:00+00:00,13550.50,13552.60,13550.30,13552.00
2026-02-25 14:45:00+00:00,13552.10,13553.60,13550.25,13550.35
2026-02-25 14:50:00+00:00,13550.40,13551.55,13550.40,13551.30
2026-02-25 14:55:00+00:00,13551.50,13551.90,13550.50,13550.50
2026-02-25 15:00:00+00:00,13550.60,13551.85,13549.70,13551.60
2026-02-25 15:05:00+00:00,13551.70,13552.45,13550.90,13551.30
2026-02-25 15:10:00+00:00,13551.25,13551.70,13549.85,13549.85
2026-02-25 15:15:00+00:00,13549.90,13553.85,13549.75,13553.75
2026-02-25 15:20:00+00:00,13553.80,13553.85,13552.50,13553.25
2026-02-25 15:25:00+00:00,13553.35,13553.65,13551.70,13552.45
2026-02-25 15:30:00+00:00,13552.25,13556.00,13551.75,13555.85
2026-02-25 15:35:00+00:00,13555.95,13556.00,13554.10,13555.35
2026-02-25 15:40:00+00:00,13555.00,13555.20,13553.45,13553.70
2026-02-25 15:45:00+00:00,13553.60,13554.90,13553.05,13554.80
2026-02-25 15:50:00+00:00,13554.75,13555.50,13552.70,13553.30
2026-02-25 15:55:00+00:00,13553.00,13554.55,13551.85,13553.90
2026-02-25 16:00:00+00:00,13553.95,13555.75,13552.70,13555.60
2026-02-25 16:05:00+00:00,13555.70,13556.85,13555.35,13555.75
2026-02-25 16:10:00+00:00,13555.70,13556.25,13554.75,13555.00
2026-02-25 16:15:00+00:00,13554.90,13554.90,13552.75,13552.75
2026-02-25 16:20:00+00:00,13552.70,13552.75,13551.75,13552.30
2026-02-25 16:25:00+00:00,13552.40,13554.85,13552.35,13554.85
2026-02-25 16:30:00+00:00,13554.90,13556.95,13554.70,13555.85
2026-02-25 16:35:00+00:00,13555.95,13557.65,13555.55,13557.65
2026-02-25 16:40:00+00:00,13557.95,13559.15,13556.75,13558.90
2026-02-25 16:45:00+00:00,13558.85,13561.00,13558.25,13559.40
2026-02-25 16:50:00+00:00,13559.35,13559.45,13557.20,13558.15
2026-02-25 16:55:00+00:00,13558.25,13560.95,13557.70,13559.55
2026-02-25 17:00:00+00:00,13559.70,13559.90,13556.05,13556.20
2026-02-25 17:05:00+00:00,13556.05,13556.50,13555.55,13556.40
2026-02-25 17:10:00+00:00,13556.10,13556.25,13555.15,13556.00
2026-02-25 17:15:00+00:00,13556.35,13556.45,13555.65,13556.20
2026-02-25 17:20:00+00:00,13556.35,13556.35,13555.40,13555.75
2026-02-25 17:25:00+00:00,13555.40,13556.00,13554.45,13556.00
2026-02-25 17:30:00+00:00,13555.95,13556.20,13553.80,13555.00
2026-02-25 17:35:00+00:00,13554.95,13555.60,13554.95,13555.45
2026-02-25 17:40:00+00:00,13555.50,13556.55,13555.45,13556.00
2026-02-25 17:45:00+00:00,13555.95,13557.00,13553.60,13555.30
2026-02-25 17:50:00+00:00,13555.20,13560.80,13555.05,13559.55
2026-02-25 17:55:00+00:00,13559.65,13559.65,13556.15,13557.45
2026-02-25 18:00:00+00:00,13557.40,13560.35,13555.05,13557.10
2026-02-25 18:05:00+00:00,13556.90,13559.70,13556.50,13558.90
2026-02-25 18:10:00+00:00,13558.95,13559.10,13557.45,13557.55
2026-02-25 18:15:00+00:00,13557.45,13557.45,13555.50,13557.20
2026-02-25 18:20:00+00:00,13557.30,13559.10,13556.90,13558.90
2026-02-25 18:25:00+00:00,13559.00,13559.70,13558.30,13558.50
2026-02-25 18:30:00+00:00,13558.30,13559.30,13556.60,13556.60
2026-02-25 18:35:00+00:00,13556.30,13557.80,13556.00,13557.60
2026-02-25 18:40:00+00:00,13557.50,13557.85,13556.70,13556.70
2026-02-25 18:45:00+00:00,13556.60,13559.45,13556.40,13558.25
2026-02-25 18:50:00+00:00,13558.35,13558.80,13556.90,13557.45
2026-02-25 18:55:00+00:00,13557.50,13558.55,13557.30,13557.60
2026-02-25 19:00:00+00:00,13557.70,13558.55,13554.55,13554.55
2026-02-25 19:05:00+00:00,13554.60,13556.10,13553.90,13555.05
2026-02-25 19:10:00+00:00,13554.95,13555.75,13553.50,13553.70
2026-02-25 19:15:00+00:00,13554.15,13557.35,13553.95,13557.00
2026-02-25 19:20:00+00:00,13556.95,13558.50,13555.55,13555.75
2026-02-25 19:25:00+00:00,13555.80,13556.55,13555.75,13555.90
2026-02-25 19:30:00+00:00,13555.85,13561.55,13553.70,13560.25
2026-02-25 19:35:00+00:00,13560.30,13560.40,13558.60,13559.45
2026-02-25 19:40:00+00:00,13559.25,13562.45,13558.60,13561.55
2026-02-25 19:45:00+00:00,13561.45,13563.55,13558.65,13558.70
2026-02-25 19:50:00+00:00,13558.75,13560.85,13558.45,13559.60
2026-02-25 19:55:00+00:00,13559.55,13563.90,13558.75,13563.80
2026-02-25 20:00:00+00:00,13563.75,13564.75,13562.55,13564.65
2026-02-25 20:05:00+00:00,13565.10,13566.95,13564.75,13565.55
2026-02-25 20:10:00+00:00,13565.75,13566.85,13564.55,13566.30
2026-02-25 20:15:00+00:00,13566.40,13569.65,13566.40,13569.65
2026-02-25 20:20:00+00:00,13569.70,13572.40,13569.30,13571.70
2026-02-25 20:25:00+00:00,13571.95,13572.35,13566.10,13566.65
2026-02-25 20:30:00+00:00,13566.60,13568.10,13564.65,13567.25
2026-02-25 20:35:00+00:00,13567.30,13568.40,13565.60,13567.35
2026-02-25 20:40:00+00:00,13567.50,13571.65,13567.50,13571.55
2026-02-25 20:45:00+00:00,13571.65,13573.85,13570.70,13571.80
2026-02-25 20:50:00+00:00,13571.85,13572.75,13570.75,13571.80
2026-02-25 20:55:00+00:00,13571.85,13573.75,13571.15,13573.50
2026-02-25 21:00:00+00:00,13573.45,13575.20,13569.60,13570.55
2026-02-25 21:05:00+00:00,13570.65,13572.80,13570.65,13571.65
2026-02-25 21:10:00+00:00,13571.75,13573.10,13569.60,13570.75
2026-02-25 21:15:00+00:00,13571.05,13571.85,13568.90,13569.25
2026-02-25 21:20:00+00:00,13569.15,13569.15,13566.55,13566.55
2026-02-25 21:25:00+00:00,13566.70,13566.70,13562.70,13562.70
2026-02-25 21:30:00+00:00,13562.60,13562.60,13560.75,13561.40
2026-02-25 21:35:00+00:00,13561.35,13562.75,13559.85,13559.85
2026-02-25 21:40:00+00:00,13560.05,13560.05,13555.55,13557.55
2026-02-25 21:45:00+00:00,13557.35,13561.20,13557.05,13560.85
2026-02-25 21:50:00+00:00,13560.75,13563.30,13560.75,13562.45
2026-02-25 21:55:00+00:00,13562.65,13564.80,13562.35,13563.95
2026-02-25 22:00:00+00:00,13563.85,13565.65,13563.80,13565.15
2026-02-25 22:05:00+00:00,13564.90,13565.50,13562.65,13563.30
2026-02-25 22:10:00+00:00,13563.60,13564.75,13563.55,13564.75
2026-02-25 22:15:00+00:00,13564.70,13565.85,13563.75,13564.55
2026-02-25 22:20:00+00:00,13564.65,13564.75,13562.05,13562.10
2026-02-25 22:25:00+00:00,13562.05,13563.35,13561.60,13562.25
2026-02-25 22:30:00+00:00,13562.35,13563.85,13562.35,13563.75
2026-02-25 22:35:00+00:00,13563.85,13563.95,13558.65,13558.85
2026-02-25 22:40:00+00:00,13558.80,13559.75,13558.55,13558.85
2026-02-25 22:45:00+00:00,13558.75,13558.75,13557.55,13557.65
2026-02-25 22:50:00+00:00,13557.55,13558.45,13556.55,13557.45
2026-02-25 22:55:00+00:00,13557.20,13558.30,13555.65,13555.85
2026-02-25 23:00:00+00:00,13555.80,13556.60,13555.35,13556.45
2026-02-25 23:05:00+00:00,13556.20,13556.50,13554.25,13554.90
2026-02-25 23:10:00+00:00,13554.85,13554.85,13551.85,13552.55
2026-02-25 23:15:00+00:00,13552.45,13552.65,13550.60,13550.75
2026-02-25 23:20:00+00:00,13550.65,13553.15,13550.65,13552.80
2026-02-25 23:25:00+00:00,13552.75,13553.05,13550.40,13550.65
2026-02-25 23:30:00+00:00,13550.20,13555.80,13549.75,13555.75
2026-02-25 23:35:00+00:00,13555.70,13556.00,13553.95,13554.60
2026-02-25 23:40:00+00:00,13554.40,13556.15,13553.80,13555.75
2026-02-25 23:45:00+00:00,13555.80,13557.05,13554.45,13556.95
2026-02-25 23:50:00+00:00,13557.25,13557.55,13555.45,13556.55
2026-02-25 23:55:00+00:00,13556.65,13558.80,13555.55,13558.25
