date,weekday,EURUSD,USDJPY,USDCAD,GBPUSD
2026-07-01,Wed,present (22151B),MISSING,MISSING,present (22328B)
2026-07-02,Thu,present (21771B),MISSING,MISSING,present (22440B)
2026-07-03,Fri,present (19252B),MISSING,MISSING,present (19756B)
2026-07-04,Sat,weekend,weekend,weekend,weekend
2026-07-05,Sun,present (2809B),weekend,weekend,present (3028B)
2026-07-06,Mon,present (22323B),MISSING,MISSING,present (22487B)
2026-07-07,Tue,present (22129B),MISSING,MISSING,present (22609B)
2026-07-08,Wed,present (22199B),MISSING,MISSING,present (22123B)
2026-07-09,Thu,present (21991B),MISSING,MISSING,present (22251B)
2026-07-10,Fri,present (8701B),MISSING,MISSING,present (9010B)
2026-07-11,Sat,weekend,weekend,weekend,weekend
2026-07-12,Sun,weekend,weekend,weekend,weekend
2026-07-13,Mon,MISSING,MISSING,MISSING,MISSING
2026-07-14,Tue,present (10021B),MISSING,MISSING,present (10022B)
2026-07-15,Wed,present (21984B),MISSING,MISSING,present (22635B)
2026-07-16,Thu,present (22025B),MISSING,MISSING,present (22685B)
2026-07-17,Fri,present (19009B),MISSING,MISSING,present (19536B)
2026-07-18,Sat,weekend,weekend,weekend,weekend
2026-07-19,Sun,present (710B),weekend,weekend,present (706B)
2026-07-20,Mon,present (22127B),MISSING,MISSING,present (22617B)
2026-07-21,Tue,present (21769B),MISSING,MISSING,present (22529B)
2026-07-22,Wed,present (18510B),MISSING,MISSING,present (18861B)
2026-07-23,Thu,present (13287B),present (10799B),present (11332B),present (13562B)
2026-07-24,Fri,present (18508B),present (14756B),present (16363B),present (19417B)
2026-07-25,Sat,weekend,weekend,weekend,weekend
2026-07-26,Sun,present (3477B),weekend,weekend,present (3273B)
2026-07-27,Mon,present (22094B),MISSING,MISSING,present (22507B)
2026-07-28,Tue,present (21925B),MISSING,MISSING,present (22678B)
2026-07-29,Wed,present (21941B),MISSING,MISSING,present (22602B)
2026-07-30,Thu,present (22118B),MISSING,MISSING,present (22599B)
2026-07-31,Fri,present (19104B),MISSING,MISSING,present (19744B)
