date,time,symbol,session,direction,briefing_bias,briefing_confidence,session_expectation,briefing_confirmed,plan_label,pnl_pips,outcome,close_reason
2026-07-23,11:35:49,GBPUSD,LIQUIDITY_HUNT,SELL,BEARISH,0.68,LIQUIDITY_HUNT,False,,20.1,WIN,TP hit
2026-07-23,13:57:06,GBPUSD,LIQUIDITY_HUNT,BUY,BEARISH,0.68,LIQUIDITY_HUNT,False,,2.1,WIN,Breakeven stop hit (IG server-side)
2026-07-23,14:23:57,GBPUSD,LIQUIDITY_HUNT,SELL,BEARISH,0.68,LIQUIDITY_HUNT,False,,18.5,WIN,TP hit
2026-07-23,14:52:24,GBPUSD,LIQUIDITY_HUNT,BUY,BEARISH,0.68,LIQUIDITY_HUNT,False,,-10.6,LOSS,"STRUCTURE_EXIT:structure_flip_down: last_close=13317.35000 < prior_5_low=13318.55000, pnl=-10.2p"
2026-07-23,15:35:06,GBPUSD,LIQUIDITY_HUNT,BUY,BEARISH,0.68,LIQUIDITY_HUNT,False,,-11.7,LOSS,"STRUCTURE_EXIT:structure_flip_down: last_close=13301.85000 < prior_5_low=13306.05000, pnl=-12.0p"
2026-07-23,16:30:05,USDJPY,TREND,BUY,BULLISH,0.72,TREND,False,,-13.0,LOSS,"STRUCTURE_EXIT:structure_flip_down: last_close=16375.10000 < prior_5_low=16376.30000, pnl=-12.5p"
2026-07-24,10:23:04,USDCAD,LIQUIDITY_HUNT,BUY,BULLISH,0.5,LIQUIDITY_HUNT,False,,-10.7,LOSS,"STRUCTURE_EXIT:structure_flip_down: last_close=14077.35000 < prior_5_low=14077.45000, pnl=-10.0p"
2026-07-27,12:12:36,EURUSD,LIQUIDITY_HUNT,SELL,BEARISH,0.5,LIQUIDITY_HUNT,False,,16.3,WIN,TP hit
2026-07-28,10:10:15,EURUSD,LIQUIDITY_HUNT,SELL,BEARISH,0.62,LIQUIDITY_HUNT,False,,12.4,WIN,External/manual close detected (IG open positions)
2026-07-28,10:10:25,GBPUSD,LIQUIDITY_HUNT,SELL,BEARISH,0.68,LIQUIDITY_HUNT,False,,17.8,WIN,TP hit
2026-07-28,14:54:09,EURUSD,LIQUIDITY_HUNT,SELL,BEARISH,0.62,LIQUIDITY_HUNT,False,,-12.1,LOSS,SL hit
2026-07-29,18:00:09,GBPUSD,RANGE,SELL,BEARISH,0.5,RANGE,False,,-14.3,LOSS,External/manual close detected (IG open positions)
2026-07-31,08:10:03,GBPUSD,LIQUIDITY_HUNT,BUY,BULLISH,0.68,LIQUIDITY_HUNT,False,,-12.1,LOSS,"STRUCTURE_EXIT:structure_flip_down: last_close=13442.55000 < prior_5_low=13447.65000, pnl=-11.6p"
2026-07-31,08:58:19,EURUSD,LIQUIDITY_HUNT,BUY,BULLISH,0.5,LIQUIDITY_HUNT,False,,14.1,WIN,TP hit
2026-07-31,13:39:56,EURUSD,LIQUIDITY_HUNT,BUY,BULLISH,0.68,LIQUIDITY_HUNT,False,,-28.4,LOSS,SL hit
2026-07-31,13:40:04,GBPUSD,LIQUIDITY_HUNT,BUY,BULLISH,0.68,LIQUIDITY_HUNT,False,,-12.9,LOSS,"STRUCTURE_EXIT:structure_flip_down: last_close=13403.65000 < prior_5_low=13409.85000, pnl=-12.4p"
2026-07-31,16:32:26,EURUSD,LIQUIDITY_HUNT,BUY,BULLISH,0.68,LIQUIDITY_HUNT,False,,54.6,WIN,External/manual close detected (IG open positions)
