date,weekday,sw_taken,br_trades,br_net_pips,br_settled_gbp_derived,eod_fills,eod_net_pips,eod_net_gbp,bb_standdowns,notes
2026-07-01,Wed,0,0,,,,,,0,
2026-07-02,Thu,1,0,,,,,,0,header-artefact-1trade
2026-07-03,Fri,0,0,,,,,,0,
2026-07-06,Mon,0,0,,,,,,8,silent
2026-07-07,Tue,0,0,,,,,,11,silent
2026-07-08,Wed,0,0,,,,,,9,silent
2026-07-09,Thu,0,0,,,,,,12,silent
2026-07-14,Tue,0,0,,,,,,8,silent
2026-07-15,Wed,0,0,,,,,,12,silent
2026-07-16,Thu,0,0,,,,,,8,silent
2026-07-17,Fri,0,0,,,,,,7,silent
2026-07-20,Mon,0,0,,,,,,0,silent
2026-07-21,Tue,0,0,,,,,,0,silent
2026-07-22,Wed,1,0,,,,,,0,first-sweep-fire
2026-07-23,Thu,14,6,5.4,18.65,,,,0,3W3L
2026-07-24,Fri,17,1,-10.7,2.05,,,,0,weekend-close-DIAAAAX6LANF9AD
2026-07-27,Mon,3,1,16.3,32.60,7,14.75,-9.40,0,top2-day-2
2026-07-28,Tue,3,3,18.1,36.10,9,9.94,19.90,0,top2-day-1
2026-07-29,Wed,36,1,-14.3,-28.60,1,-14.30,-28.60,0,briefing-v5-loss
2026-07-30,Thu,0,0,,,4,-0.88,-1.80,0,sweep-silent-eod-modest
2026-07-31,Fri,5,5,-15.3,-30.60,12,18.96,37.90,0,worst-briefing-day
