pair,month,side,visits,reached_5,reached_8,reached_10,pct_5,pct_8,pct_10,ambiguous_5,ambiguous_8,ambiguous_10,adv_8_before_5,adv_12_before_5,adv_15_before_5,adv_8_before_8,adv_12_before_8,adv_15_before_8,adv_8_before_10,adv_12_before_10,adv_15_before_10
GBPUSD,2024-01,upper,186,163,124,97,0.8763440860215054,0.6666666666666666,0.521505376344086,53,20,16,17,6,4,34,19,14,31,19,13
GBPUSD,2024-01,lower,192,174,122,94,0.90625,0.6354166666666666,0.4895833333333333,52,26,15,14,5,4,27,16,10,32,19,11
GBPUSD,2024-02,upper,177,150,91,67,0.847457627118644,0.5141242937853108,0.3785310734463277,46,17,10,19,4,2,26,13,7,27,18,12
GBPUSD,2024-02,lower,171,137,83,55,0.8011695906432749,0.4853801169590643,0.3216374269005848,39,13,9,7,2,2,21,14,11,21,15,13
GBPUSD,2024-03,upper,177,131,79,46,0.7401129943502824,0.4463276836158192,0.2598870056497175,31,15,11,15,5,3,22,12,9,20,12,8
GBPUSD,2024-03,lower,191,141,88,54,0.7382198952879581,0.4607329842931937,0.28272251308900526,44,15,6,11,1,1,24,13,8,22,20,12
GBPUSD,2024-04,upper,174,132,88,70,0.7586206896551724,0.5057471264367817,0.40229885057471265,40,24,13,10,4,4,18,11,7,19,11,8
GBPUSD,2024-04,lower,190,167,96,72,0.8789473684210526,0.5052631578947369,0.37894736842105264,45,23,17,11,4,4,29,17,13,35,24,21
GBPUSD,2024-05,upper,206,143,87,54,0.6941747572815534,0.4223300970873786,0.2621359223300971,48,17,11,8,3,2,28,23,16,20,18,13
GBPUSD,2024-05,lower,193,154,95,61,0.7979274611398963,0.49222797927461137,0.3160621761658031,46,20,8,14,6,0,22,13,6,23,13,6
GBPUSD,2024-06,upper,163,129,76,47,0.7914110429447853,0.4662576687116564,0.2883435582822086,29,11,9,14,5,3,17,9,7,14,9,7
GBPUSD,2024-06,lower,164,121,70,50,0.7378048780487805,0.4268292682926829,0.3048780487804878,29,11,11,10,3,0,21,9,4,19,13,10
GBPUSD,2024-07,upper,195,143,74,44,0.7333333333333333,0.37948717948717947,0.22564102564102564,37,15,8,16,7,4,20,10,6,17,10,7
GBPUSD,2024-07,lower,197,149,90,57,0.7563451776649747,0.45685279187817257,0.2893401015228426,33,16,7,14,7,5,22,14,8,18,13,11
GBPUSD,2024-08,upper,192,160,116,90,0.8333333333333334,0.6041666666666666,0.46875,52,28,16,15,4,3,30,17,14,31,19,14
GBPUSD,2024-08,lower,163,141,100,78,0.8650306748466258,0.6134969325153374,0.4785276073619632,46,25,13,7,2,2,21,8,5,24,13,7
GBPUSD,2024-09,upper,168,146,110,75,0.8690476190476191,0.6547619047619048,0.44642857142857145,48,20,10,16,3,0,25,15,9,31,21,15
GBPUSD,2024-09,lower,165,145,105,75,0.8787878787878788,0.6363636363636364,0.45454545454545453,45,22,15,4,2,2,23,10,6,24,13,8
GBPUSD,2024-10,upper,201,174,115,81,0.8656716417910447,0.572139303482587,0.40298507462686567,54,24,11,16,4,1,29,8,5,28,12,8
GBPUSD,2024-10,lower,198,175,120,92,0.8838383838383839,0.6060606060606061,0.46464646464646464,57,34,23,19,7,6,36,21,15,38,27,21
GBPUSD,2024-11,upper,175,166,117,97,0.9485714285714286,0.6685714285714286,0.5542857142857143,56,29,18,11,3,2,23,10,10,28,16,15
GBPUSD,2024-11,lower,182,173,127,96,0.9505494505494505,0.6978021978021978,0.5274725274725275,53,30,20,13,3,2,27,12,6,29,15,11
GBPUSD,2024-12,upper,182,167,121,100,0.9175824175824175,0.6648351648351648,0.5494505494505495,54,32,20,16,5,4,32,19,14,39,22,16
GBPUSD,2024-12,lower,169,149,108,88,0.8816568047337278,0.6390532544378699,0.5207100591715976,42,24,19,10,6,5,29,18,12,29,23,16
GBPUSD,2025-01,upper,176,170,138,116,0.9659090909090909,0.7840909090909091,0.6590909090909091,67,38,27,20,7,5,30,16,8,35,22,15
GBPUSD,2025-01,lower,180,173,133,115,0.9611111111111111,0.7388888888888889,0.6388888888888888,63,44,36,13,4,2,33,17,12,41,23,17
GBPUSD,2025-02,upper,160,152,120,98,0.95,0.75,0.6125,65,30,21,12,4,1,29,16,7,30,21,10
GBPUSD,2025-02,lower,173,164,113,85,0.9479768786127167,0.653179190751445,0.4913294797687861,48,20,10,10,1,1,22,6,4,23,9,7
GBPUSD,2025-03,upper,188,175,131,113,0.9308510638297872,0.6968085106382979,0.601063829787234,46,34,25,5,3,1,24,10,7,28,16,11
GBPUSD,2025-03,lower,168,153,115,97,0.9107142857142857,0.6845238095238095,0.5773809523809523,56,35,20,12,6,2,27,15,10,32,18,13
GBPUSD,2025-04,upper,183,181,160,146,0.9890710382513661,0.8743169398907104,0.7978142076502732,84,62,49,12,4,4,33,17,10,44,28,18
GBPUSD,2025-04,lower,174,172,157,138,0.9885057471264368,0.9022988505747126,0.7931034482758621,74,54,31,13,4,3,29,10,4,42,19,8
GBPUSD,2025-05,upper,182,177,146,128,0.9725274725274725,0.8021978021978022,0.7032967032967034,72,39,29,10,3,1,38,15,6,41,20,13
GBPUSD,2025-05,lower,177,173,148,127,0.9774011299435028,0.8361581920903954,0.7175141242937854,56,40,30,10,3,2,32,15,5,40,21,13
GBPUSD,2025-06,upper,171,166,143,125,0.9707602339181286,0.8362573099415205,0.7309941520467836,85,43,24,17,3,2,42,22,19,49,29,25
GBPUSD,2025-06,lower,156,156,133,107,1.0,0.8525641025641025,0.6858974358974359,61,33,21,10,3,2,33,15,14,38,20,19
GBPUSD,2025-07,upper,181,175,138,98,0.9668508287292817,0.7624309392265194,0.5414364640883977,53,25,16,15,3,0,29,17,10,30,17,11
GBPUSD,2025-07,lower,201,192,155,116,0.9552238805970149,0.7711442786069652,0.5771144278606966,63,33,22,11,6,2,34,15,8,36,19,12
GBPUSD,2025-08,upper,176,158,118,89,0.8977272727272727,0.6704545454545454,0.5056818181818182,55,24,15,11,6,3,23,10,6,23,14,11
GBPUSD,2025-08,lower,175,166,116,81,0.9485714285714286,0.6628571428571428,0.46285714285714286,47,32,15,10,0,0,27,12,5,35,20,12
GBPUSD,2025-09,upper,169,154,115,87,0.9112426035502958,0.6804733727810651,0.514792899408284,50,27,17,15,2,2,34,15,6,36,20,12
GBPUSD,2025-09,lower,193,176,124,90,0.9119170984455959,0.6424870466321243,0.46632124352331605,61,32,17,12,8,1,25,15,7,32,18,10
GBPUSD,2025-10,upper,180,172,114,86,0.9555555555555556,0.6333333333333333,0.4777777777777778,62,23,16,14,2,1,26,16,8,28,22,13
GBPUSD,2025-10,lower,191,181,130,103,0.9476439790575916,0.680628272251309,0.5392670157068062,71,36,19,15,3,1,35,18,10,37,24,19
GBPUSD,2025-11,upper,161,148,109,78,0.9192546583850931,0.6770186335403726,0.484472049689441,51,32,16,10,1,0,29,11,6,33,15,10
GBPUSD,2025-11,lower,170,161,116,90,0.9470588235294117,0.6823529411764706,0.5294117647058824,54,26,14,17,6,2,34,17,12,34,21,14
GBPUSD,2025-12,upper,192,167,123,81,0.8697916666666666,0.640625,0.421875,58,27,17,15,2,1,31,19,13,29,20,17
GBPUSD,2025-12,lower,191,177,127,89,0.9267015706806283,0.6649214659685864,0.46596858638743455,50,29,15,10,3,0,31,10,8,28,15,12
GBPUSD,2026-01,upper,163,150,116,92,0.9202453987730062,0.7116564417177914,0.5644171779141104,46,29,22,5,3,2,28,15,11,28,19,14
GBPUSD,2026-01,lower,169,153,109,85,0.9053254437869822,0.6449704142011834,0.5029585798816568,58,33,19,14,6,4,23,13,6,30,19,11
GBPUSD,2026-02,upper,150,146,114,89,0.9733333333333334,0.76,0.5933333333333334,57,31,19,10,4,3,29,15,9,25,16,13
GBPUSD,2026-02,lower,158,152,116,88,0.9620253164556962,0.7341772151898734,0.5569620253164557,47,31,24,14,8,2,31,21,13,39,27,17
GBPUSD,2026-03,upper,179,177,153,136,0.9888268156424581,0.8547486033519553,0.7597765363128491,67,48,35,14,6,6,29,17,10,38,25,19
GBPUSD,2026-03,lower,175,169,151,142,0.9657142857142857,0.8628571428571429,0.8114285714285714,67,54,42,13,6,5,35,22,15,44,28,20
GBPUSD,2026-04,upper,236,225,187,161,0.9533898305084746,0.7923728813559322,0.6822033898305084,89,62,45,5,1,0,23,11,5,34,22,12
GBPUSD,2026-04,lower,240,226,196,161,0.9416666666666667,0.8166666666666667,0.6708333333333333,82,59,45,10,3,2,33,17,7,34,20,15
GBPUSD,2026-05,upper,154,143,114,79,0.9285714285714286,0.7402597402597403,0.512987012987013,56,29,19,9,2,1,24,12,8,25,14,10
GBPUSD,2026-05,lower,168,158,120,99,0.9404761904761905,0.7142857142857143,0.5892857142857143,54,25,18,16,4,3,26,14,9,27,15,11
GBPUSD,2026-06,upper,197,179,131,110,0.9086294416243654,0.6649746192893401,0.5583756345177665,47,31,17,10,5,3,24,12,9,24,19,14
GBPUSD,2026-06,lower,207,191,135,111,0.9227053140096618,0.6521739130434783,0.5362318840579711,54,36,19,17,7,4,37,21,14,39,24,17
GBPUSD,2026-07,upper,184,168,106,71,0.9130434782608695,0.5760869565217391,0.3858695652173913,50,28,16,12,4,0,29,17,11,29,20,13
GBPUSD,2026-07,lower,170,151,105,75,0.888235294117647,0.6176470588235294,0.4411764705882353,54,27,14,10,2,0,23,9,8,24,16,14
GBPUSD,2026-08,upper,216,176,112,69,0.8148148148148148,0.5185185185185185,0.3194444444444444,49,17,9,9,2,1,16,8,4,20,12,9
GBPUSD,2026-08,lower,226,180,105,55,0.7964601769911505,0.4646017699115044,0.24336283185840707,42,15,10,8,2,0,12,7,2,10,7,3
GBPUSD,2026-09,upper,163,138,94,65,0.8466257668711656,0.5766871165644172,0.3987730061349693,48,24,17,11,4,2,20,11,6,19,9,6
GBPUSD,2026-09,lower,157,136,88,49,0.8662420382165605,0.5605095541401274,0.31210191082802546,42,16,9,12,2,1,21,10,6,18,13,9
EURUSD,2024-01,upper,182,141,93,70,0.7747252747252747,0.510989010989011,0.38461538461538464,28,14,10,12,3,1,20,11,6,15,7,5
EURUSD,2024-01,lower,179,148,92,67,0.8268156424581006,0.5139664804469274,0.3743016759776536,37,24,12,16,10,6,22,15,14,24,17,14
EURUSD,2024-02,upper,181,119,60,36,0.6574585635359116,0.3314917127071823,0.19889502762430938,25,9,3,14,3,2,20,10,5,12,9,8
EURUSD,2024-02,lower,165,105,53,34,0.6363636363636364,0.3212121212121212,0.20606060606060606,23,8,6,13,2,2,16,11,9,15,13,12
EURUSD,2024-03,upper,194,99,47,20,0.5103092783505154,0.2422680412371134,0.10309278350515463,19,9,6,8,4,2,10,5,3,6,4,4
EURUSD,2024-03,lower,192,110,47,22,0.5729166666666666,0.24479166666666666,0.11458333333333333,23,6,5,10,4,2,15,11,7,6,6,4
EURUSD,2024-04,upper,172,120,63,43,0.6976744186046512,0.36627906976744184,0.25,32,14,11,13,4,1,22,10,5,19,10,6
EURUSD,2024-04,lower,190,127,61,45,0.6684210526315789,0.32105263157894737,0.23684210526315788,25,14,9,18,8,6,23,17,14,23,19,15
EURUSD,2024-05,upper,180,102,46,24,0.5666666666666667,0.25555555555555554,0.13333333333333333,23,7,4,7,3,2,16,8,7,9,6,5
EURUSD,2024-05,lower,193,111,39,19,0.5751295336787565,0.20207253886010362,0.09844559585492228,14,7,3,8,3,2,9,3,3,4,3,3
EURUSD,2024-06,upper,156,92,40,24,0.5897435897435898,0.2564102564102564,0.15384615384615385,24,9,6,15,7,4,14,6,5,13,5,5
EURUSD,2024-06,lower,156,93,48,31,0.5961538461538461,0.3076923076923077,0.1987179487179487,25,9,6,15,9,4,22,15,11,18,14,11
EURUSD,2024-07,upper,189,107,41,24,0.5661375661375662,0.21693121693121692,0.12698412698412698,22,8,6,11,4,3,14,8,6,10,7,7
EURUSD,2024-07,lower,204,111,55,32,0.5441176470588235,0.2696078431372549,0.1568627450980392,20,7,2,16,6,3,18,8,6,13,9,7
EURUSD,2024-08,upper,178,120,70,38,0.6741573033707865,0.39325842696629215,0.21348314606741572,29,13,12,15,8,4,22,14,7,17,10,6
EURUSD,2024-08,lower,180,129,58,35,0.7166666666666667,0.32222222222222224,0.19444444444444445,29,15,11,9,1,0,12,6,3,13,10,8
EURUSD,2024-09,upper,168,120,64,36,0.7142857142857143,0.38095238095238093,0.21428571428571427,41,12,9,20,6,2,26,13,10,20,11,10
EURUSD,2024-09,lower,161,114,64,43,0.7080745341614907,0.39751552795031053,0.2670807453416149,33,16,12,6,3,1,13,8,2,14,10,5
EURUSD,2024-10,upper,189,122,61,32,0.6455026455026455,0.32275132275132273,0.1693121693121693,25,8,5,7,0,0,15,4,2,10,3,1
EURUSD,2024-10,lower,189,123,69,48,0.6507936507936508,0.36507936507936506,0.25396825396825395,33,15,9,16,6,2,25,11,10,19,9,8
EURUSD,2024-11,upper,152,135,88,79,0.8881578947368421,0.5789473684210527,0.5197368421052632,43,27,15,15,5,3,24,15,12,30,20,16
EURUSD,2024-11,lower,157,143,100,80,0.910828025477707,0.6369426751592356,0.5095541401273885,53,30,20,14,4,1,24,14,6,33,22,12
EURUSD,2024-12,upper,187,157,102,79,0.839572192513369,0.5454545454545454,0.42245989304812837,53,25,16,15,6,6,31,18,13,31,21,15
EURUSD,2024-12,lower,187,144,98,65,0.7700534759358288,0.5240641711229946,0.34759358288770054,40,21,11,14,5,3,27,16,13,25,19,15
EURUSD,2025-01,upper,164,140,99,85,0.8536585365853658,0.6036585365853658,0.5182926829268293,44,30,18,18,6,3,28,15,10,28,17,13
EURUSD,2025-01,lower,180,157,103,75,0.8722222222222222,0.5722222222222222,0.4166666666666667,54,30,23,20,9,4,30,18,9,31,22,11
EURUSD,2025-02,upper,146,135,84,61,0.9246575342465754,0.5753424657534246,0.4178082191780822,41,14,12,11,3,1,23,13,5,26,18,12
EURUSD,2025-02,lower,157,135,87,63,0.8598726114649682,0.554140127388535,0.4012738853503185,39,19,13,10,5,1,18,7,5,18,12,12
EURUSD,2025-03,upper,154,144,115,89,0.935064935064935,0.7467532467532467,0.577922077922078,45,22,15,5,1,0,23,12,9,27,18,15
EURUSD,2025-03,lower,164,149,110,89,0.9085365853658537,0.6707317073170732,0.5426829268292683,48,19,12,17,5,2,24,10,5,26,14,7
EURUSD,2025-04,upper,176,167,154,144,0.9488636363636364,0.875,0.8181818181818182,90,69,54,22,10,7,44,22,13,56,33,25
EURUSD,2025-04,lower,169,164,149,138,0.9704142011834319,0.8816568047337278,0.8165680473372781,71,47,41,21,8,3,31,12,5,37,21,13
EURUSD,2025-05,upper,193,187,155,130,0.9689119170984456,0.8031088082901554,0.6735751295336787,67,43,28,11,3,0,39,16,6,47,27,13
EURUSD,2025-05,lower,183,179,153,119,0.9781420765027322,0.8360655737704918,0.6502732240437158,60,33,21,6,3,2,26,15,9,32,22,17
EURUSD,2025-06,upper,162,160,131,108,0.9876543209876543,0.808641975308642,0.6666666666666666,72,39,21,16,6,4,37,26,18,40,27,19
EURUSD,2025-06,lower,163,157,127,98,0.9631901840490797,0.7791411042944786,0.6012269938650306,47,28,20,8,2,0,26,13,7,28,19,12
EURUSD,2025-07,upper,187,169,106,68,0.9037433155080213,0.5668449197860963,0.36363636363636365,47,24,15,15,5,3,21,9,5,23,13,8
EURUSD,2025-07,lower,188,177,125,83,0.9414893617021277,0.6648936170212766,0.44148936170212766,50,21,19,17,4,2,33,20,16,34,24,21
EURUSD,2025-08,upper,168,148,95,73,0.8809523809523809,0.5654761904761905,0.43452380952380953,57,20,15,15,5,2,32,15,6,26,16,9
EURUSD,2025-08,lower,167,153,105,77,0.9161676646706587,0.6287425149700598,0.46107784431137727,52,26,14,19,4,3,40,21,11,35,21,14
EURUSD,2025-09,upper,186,154,93,68,0.8279569892473119,0.5,0.3655913978494624,46,13,6,11,3,1,30,15,7,27,17,13
EURUSD,2025-09,lower,175,155,90,61,0.8857142857142857,0.5142857142857142,0.3485714285714286,45,17,9,18,3,1,27,13,5,26,15,7
EURUSD,2025-10,upper,182,157,99,59,0.8626373626373627,0.5439560439560439,0.3241758241758242,49,13,7,11,4,2,26,14,7,23,12,8
EURUSD,2025-10,lower,188,162,107,69,0.8617021276595744,0.5691489361702128,0.3670212765957447,39,17,9,8,4,3,25,14,11,24,17,12
EURUSD,2025-11,upper,169,125,53,29,0.7396449704142012,0.3136094674556213,0.17159763313609466,34,10,6,9,1,1,14,8,6,15,10,8
EURUSD,2025-11,lower,165,135,74,39,0.8181818181818182,0.4484848484848485,0.23636363636363636,41,10,0,13,0,0,22,12,9,17,12,10
EURUSD,2025-12,upper,191,135,65,36,0.7068062827225131,0.3403141361256545,0.18848167539267016,38,11,8,15,4,2,22,12,10,13,11,9
EURUSD,2025-12,lower,199,139,69,44,0.6984924623115578,0.34673366834170855,0.22110552763819097,31,11,7,10,1,0,19,10,6,15,8,6
EURUSD,2026-01,upper,154,120,75,52,0.7792207792207793,0.487012987012987,0.33766233766233766,33,19,12,8,3,0,14,5,5,14,10,10
EURUSD,2026-01,lower,156,131,75,61,0.8397435897435898,0.4807692307692308,0.391025641025641,40,16,12,15,7,5,26,16,9,26,20,13
EURUSD,2026-02,upper,164,132,70,47,0.8048780487804879,0.4268292682926829,0.2865853658536585,37,12,11,10,1,1,23,10,6,18,10,7
EURUSD,2026-02,lower,161,136,82,50,0.84472049689441,0.5093167701863354,0.3105590062111801,46,15,6,10,3,1,25,9,5,21,12,10
EURUSD,2026-03,upper,177,167,133,112,0.943502824858757,0.751412429378531,0.632768361581921,66,32,26,14,3,2,26,11,7,35,18,12
EURUSD,2026-03,lower,183,176,141,113,0.9617486338797814,0.7704918032786885,0.6174863387978142,61,35,22,19,11,5,36,25,15,45,34,26
EURUSD,2026-04,upper,208,183,119,72,0.8798076923076923,0.5721153846153846,0.34615384615384615,66,34,16,11,4,2,26,11,7,26,15,9
EURUSD,2026-04,lower,203,186,116,70,0.916256157635468,0.5714285714285714,0.3448275862068966,52,23,10,8,1,1,23,12,6,20,11,5
EURUSD,2026-05,upper,121,91,46,27,0.7520661157024794,0.38016528925619836,0.2231404958677686,27,12,8,8,3,1,12,5,3,10,6,3
EURUSD,2026-05,lower,142,111,59,41,0.7816901408450704,0.4154929577464789,0.2887323943661972,23,10,8,11,3,2,19,6,5,18,6,5
EURUSD,2026-06,upper,169,126,70,46,0.7455621301775148,0.41420118343195267,0.27218934911242604,39,14,9,7,5,5,17,9,8,16,9,9
EURUSD,2026-06,lower,179,139,74,49,0.776536312849162,0.4134078212290503,0.2737430167597765,33,12,12,15,5,3,22,13,9,21,15,11
EURUSD,2026-07,upper,157,108,53,30,0.6878980891719745,0.3375796178343949,0.1910828025477707,31,13,7,16,3,1,23,11,7,19,11,9
EURUSD,2026-07,lower,168,127,50,30,0.7559523809523809,0.2976190476190476,0.17857142857142858,27,7,4,11,1,0,16,6,5,10,5,3
EURUSD,2026-08,upper,204,123,45,20,0.6029411764705882,0.22058823529411764,0.09803921568627451,29,11,5,14,2,0,12,5,4,7,3,2
EURUSD,2026-08,lower,206,110,32,17,0.5339805825242718,0.1553398058252427,0.0825242718446602,15,5,2,7,1,1,10,4,4,5,2,2
EURUSD,2026-09,upper,149,103,49,27,0.6912751677852349,0.3288590604026846,0.18120805369127516,21,7,6,12,3,1,12,6,4,11,7,5
EURUSD,2026-09,lower,158,86,34,21,0.5443037974683544,0.21518987341772153,0.13291139240506328,20,6,0,6,2,0,8,6,5,8,7,4
