pair,hour_utc,side,visits,reached_5,reached_8,reached_10,pct_5,pct_8,pct_10,ambiguous_5,ambiguous_8,ambiguous_10,adv_8_before_5,adv_12_before_5,adv_15_before_5,adv_8_before_8,adv_12_before_8,adv_15_before_8,adv_8_before_10,adv_12_before_10,adv_15_before_10
GBPUSD,0,upper,281,224,99,52,0.797153024911032,0.35231316725978645,0.18505338078291814,58,17,11,16,7,4,28,17,9,16,11,8
GBPUSD,0,lower,333,253,121,63,0.7597597597597597,0.3633633633633634,0.1891891891891892,55,14,9,20,9,4,35,15,7,24,13,8
GBPUSD,1,upper,312,265,145,71,0.8493589743589743,0.46474358974358976,0.22756410256410256,71,23,12,23,5,3,29,11,6,27,14,8
GBPUSD,1,lower,303,262,138,69,0.8646864686468647,0.45544554455445546,0.22772277227722773,48,17,11,19,4,1,33,11,6,24,11,7
GBPUSD,2,upper,233,200,113,67,0.8583690987124464,0.48497854077253216,0.2875536480686695,52,13,8,8,4,3,19,11,9,15,13,12
GBPUSD,2,lower,241,207,104,64,0.8589211618257261,0.4315352697095436,0.26556016597510373,59,17,9,18,4,0,23,9,3,17,8,3
GBPUSD,3,upper,195,154,68,39,0.7897435897435897,0.3487179487179487,0.2,48,16,8,18,6,1,23,12,8,14,7,6
GBPUSD,3,lower,203,163,73,41,0.8029556650246306,0.35960591133004927,0.2019704433497537,26,9,4,22,6,1,22,14,11,16,13,10
GBPUSD,4,upper,207,158,83,60,0.7632850241545893,0.40096618357487923,0.2898550724637681,42,22,12,18,3,2,38,23,18,34,24,21
GBPUSD,4,lower,217,149,74,46,0.6866359447004609,0.34101382488479265,0.2119815668202765,32,13,9,22,8,4,41,26,14,35,26,18
GBPUSD,5,upper,247,199,112,80,0.805668016194332,0.4534412955465587,0.32388663967611336,57,30,15,22,9,5,55,35,25,53,35,25
GBPUSD,5,lower,252,204,105,76,0.8095238095238095,0.4166666666666667,0.30158730158730157,52,25,14,18,6,3,42,25,16,44,29,21
GBPUSD,6,upper,343,305,225,178,0.8892128279883382,0.6559766763848397,0.5189504373177842,99,54,37,34,16,9,80,54,34,81,60,38
GBPUSD,6,lower,308,268,187,142,0.8701298701298701,0.6071428571428571,0.461038961038961,84,48,27,30,10,7,62,31,19,66,43,33
GBPUSD,7,upper,322,314,279,230,0.9751552795031055,0.8664596273291926,0.7142857142857143,130,78,42,20,4,2,62,30,19,72,43,32
GBPUSD,7,lower,318,315,267,230,0.9905660377358491,0.839622641509434,0.7232704402515723,117,80,53,10,2,0,63,27,11,90,48,29
GBPUSD,8,upper,231,231,208,183,1.0,0.9004329004329005,0.7922077922077922,99,69,41,16,5,3,51,29,17,59,37,26
GBPUSD,8,lower,261,261,250,207,1.0,0.9578544061302682,0.7931034482758621,101,59,30,13,3,1,46,20,10,50,29,17
GBPUSD,9,upper,196,193,170,141,0.9846938775510204,0.8673469387755102,0.7193877551020408,79,45,31,13,1,1,43,19,10,43,21,15
GBPUSD,9,lower,204,203,181,142,0.9950980392156863,0.8872549019607843,0.696078431372549,77,41,24,12,4,3,37,17,9,46,30,20
GBPUSD,10,upper,197,193,168,131,0.9796954314720813,0.8527918781725888,0.6649746192893401,84,32,16,13,1,1,43,22,13,54,33,28
GBPUSD,10,lower,196,195,172,138,0.9948979591836735,0.8775510204081632,0.7040816326530612,80,45,22,10,1,0,42,23,16,53,32,25
GBPUSD,11,upper,225,224,185,146,0.9955555555555555,0.8222222222222222,0.6488888888888888,89,38,25,15,3,3,53,23,15,55,29,21
GBPUSD,11,lower,254,252,208,164,0.9921259842519685,0.8188976377952756,0.6456692913385826,103,59,31,14,2,2,60,33,22,72,47,33
GBPUSD,12,upper,246,244,215,178,0.991869918699187,0.8739837398373984,0.7235772357723578,102,53,45,13,7,2,35,22,10,48,30,16
GBPUSD,12,lower,245,245,218,191,1.0,0.889795918367347,0.7795918367346939,105,59,49,23,7,2,49,18,11,64,34,23
GBPUSD,13,upper,347,342,332,302,0.9855907780979827,0.9567723342939481,0.8703170028818443,154,110,79,26,11,9,60,33,21,88,56,38
GBPUSD,13,lower,297,295,278,247,0.9932659932659933,0.936026936026936,0.8316498316498316,122,89,61,14,8,6,48,26,19,71,39,32
GBPUSD,14,upper,245,244,229,208,0.9959183673469387,0.9346938775510204,0.8489795918367347,113,79,59,22,6,3,46,21,14,66,40,30
GBPUSD,14,lower,215,215,205,182,1.0,0.9534883720930233,0.8465116279069768,89,63,45,12,4,2,44,26,13,50,32,19
GBPUSD,15,upper,219,217,207,186,0.9908675799086758,0.9452054794520548,0.8493150684931506,96,71,52,16,5,4,38,18,12,52,32,24
GBPUSD,15,lower,245,242,230,199,0.9877551020408163,0.9387755102040817,0.8122448979591836,127,77,55,12,6,4,48,22,11,68,36,27
GBPUSD,16,upper,154,152,125,98,0.987012987012987,0.8116883116883117,0.6363636363636364,62,29,13,11,3,1,26,11,4,28,15,7
GBPUSD,16,lower,153,146,127,108,0.954248366013072,0.8300653594771242,0.7058823529411765,65,31,17,11,5,1,24,10,8,35,19,15
GBPUSD,17,upper,174,171,135,100,0.9827586206896551,0.7758620689655172,0.5747126436781609,60,19,11,16,5,2,38,21,11,38,23,12
GBPUSD,17,lower,185,176,133,98,0.9513513513513514,0.7189189189189189,0.5297297297297298,52,27,13,9,4,4,22,16,10,30,21,12
GBPUSD,18,upper,233,213,151,105,0.9141630901287554,0.648068669527897,0.45064377682403434,56,24,17,16,5,3,28,17,11,26,18,12
GBPUSD,18,lower,209,192,124,78,0.9186602870813397,0.5933014354066986,0.37320574162679426,60,32,22,17,6,4,31,18,15,23,15,13
GBPUSD,19,upper,228,200,113,73,0.8771929824561403,0.4956140350877193,0.3201754385964912,59,22,17,16,4,1,31,13,9,20,13,12
GBPUSD,19,lower,224,204,118,76,0.9107142857142857,0.5267857142857143,0.3392857142857143,41,22,17,16,6,3,25,16,8,24,17,8
GBPUSD,20,upper,222,182,102,66,0.8198198198198198,0.4594594594594595,0.2972972972972973,43,33,20,13,2,0,20,6,5,19,7,5
GBPUSD,20,lower,231,198,121,93,0.8571428571428571,0.5238095238095238,0.4025974025974026,63,42,30,14,7,4,32,17,11,33,19,13
GBPUSD,21,upper,326,286,223,175,0.8773006134969326,0.6840490797546013,0.5368098159509203,74,47,37,7,2,2,10,3,3,11,4,3
GBPUSD,21,lower,335,300,216,164,0.8955223880597015,0.6447761194029851,0.48955223880597015,100,63,37,25,12,6,41,24,17,39,25,19
GBPUSD,22,upper,269,187,93,58,0.6951672862453532,0.34572490706319703,0.21561338289962825,34,18,12,8,3,2,11,5,4,11,7,4
GBPUSD,22,lower,348,295,182,123,0.8477011494252874,0.5229885057471264,0.35344827586206895,47,26,18,11,5,4,12,9,7,9,7,7
GBPUSD,23,upper,305,203,100,58,0.6655737704918033,0.32786885245901637,0.1901639344262295,44,13,4,34,7,5,27,12,10,23,15,9
GBPUSD,23,lower,217,146,64,34,0.6728110599078341,0.29493087557603687,0.15668202764976957,30,11,6,19,6,6,23,11,9,14,11,8
EURUSD,0,upper,251,160,60,41,0.6374501992031872,0.23904382470119523,0.16334661354581673,46,10,7,16,4,1,20,9,3,14,6,1
EURUSD,0,lower,297,169,67,40,0.569023569023569,0.2255892255892256,0.13468013468013468,33,9,8,19,8,4,27,16,9,17,14,9
EURUSD,1,upper,311,209,88,59,0.6720257234726688,0.2829581993569132,0.18971061093247588,49,19,14,15,3,2,24,11,8,22,15,12
EURUSD,1,lower,290,195,85,42,0.6724137931034483,0.29310344827586204,0.14482758620689656,34,10,9,16,6,5,25,14,10,18,14,10
EURUSD,2,upper,215,131,65,41,0.6093023255813953,0.3023255813953488,0.19069767441860466,35,13,5,10,3,2,17,8,6,15,8,6
EURUSD,2,lower,212,151,71,52,0.7122641509433962,0.33490566037735847,0.24528301886792453,44,9,5,19,10,5,19,11,6,16,12,7
EURUSD,3,upper,175,107,38,21,0.6114285714285714,0.21714285714285714,0.12,21,4,4,9,3,2,11,7,4,9,6,5
EURUSD,3,lower,215,120,43,30,0.5581395348837209,0.2,0.13953488372093023,28,9,4,17,7,3,9,7,5,11,6,5
EURUSD,4,upper,212,127,57,36,0.5990566037735849,0.2688679245283019,0.16981132075471697,25,16,6,26,6,3,25,14,10,16,9,7
EURUSD,4,lower,189,91,33,22,0.48148148148148145,0.1746031746031746,0.1164021164021164,17,7,2,19,3,0,17,8,5,14,11,7
EURUSD,5,upper,267,165,68,45,0.6179775280898876,0.2546816479400749,0.16853932584269662,38,14,8,18,10,7,32,21,14,26,21,16
EURUSD,5,lower,263,156,75,45,0.5931558935361216,0.28517110266159695,0.17110266159695817,35,16,6,19,5,2,40,19,15,31,18,16
EURUSD,6,upper,320,254,146,98,0.79375,0.45625,0.30625,75,25,12,38,12,4,58,31,19,50,32,24
EURUSD,6,lower,316,237,139,92,0.75,0.439873417721519,0.2911392405063291,66,28,19,27,11,6,48,25,18,46,34,27
EURUSD,7,upper,341,316,217,141,0.9266862170087976,0.6363636363636364,0.41348973607038125,110,52,28,28,3,2,69,31,21,61,34,28
EURUSD,7,lower,361,328,218,159,0.9085872576177285,0.6038781163434903,0.4404432132963989,103,53,31,23,4,1,66,35,21,69,46,32
EURUSD,8,upper,243,236,178,130,0.9711934156378601,0.7325102880658436,0.5349794238683128,95,45,28,24,7,5,52,23,11,54,33,21
EURUSD,8,lower,245,237,172,126,0.9673469387755103,0.7020408163265306,0.5142857142857142,82,35,18,12,3,1,37,19,12,43,28,20
EURUSD,9,upper,187,173,118,80,0.9251336898395722,0.6310160427807486,0.42780748663101603,53,23,17,8,5,1,29,16,10,26,17,11
EURUSD,9,lower,186,180,126,92,0.967741935483871,0.6774193548387096,0.4946236559139785,50,19,9,13,6,2,25,15,10,21,17,12
EURUSD,10,upper,204,188,109,73,0.9215686274509803,0.5343137254901961,0.35784313725490197,57,21,14,12,2,1,33,14,9,32,22,16
EURUSD,10,lower,221,211,140,98,0.9547511312217195,0.6334841628959276,0.4434389140271493,58,22,12,18,5,2,43,23,17,41,27,22
EURUSD,11,upper,201,188,125,85,0.9353233830845771,0.6218905472636815,0.4228855721393035,55,25,16,20,6,2,43,25,15,38,26,18
EURUSD,11,lower,241,223,154,100,0.9253112033195021,0.6390041493775933,0.4149377593360996,69,35,18,21,6,3,50,33,22,41,29,22
EURUSD,12,upper,278,260,206,156,0.935251798561151,0.7410071942446043,0.5611510791366906,88,51,37,21,5,4,58,29,19,58,33,25
EURUSD,12,lower,280,270,208,153,0.9642857142857143,0.7428571428571429,0.5464285714285714,83,44,41,19,7,4,55,33,23,57,38,28
EURUSD,13,upper,310,306,270,223,0.9870967741935484,0.8709677419354839,0.7193548387096774,130,77,62,28,13,11,68,35,26,73,39,31
EURUSD,13,lower,291,288,243,197,0.9896907216494846,0.8350515463917526,0.6769759450171822,92,59,44,18,6,4,49,24,16,57,34,24
EURUSD,14,upper,232,230,200,153,0.9913793103448276,0.8620689655172413,0.6594827586206896,93,61,47,15,5,2,40,19,10,47,26,19
EURUSD,14,lower,216,210,176,142,0.9722222222222222,0.8148148148148148,0.6574074074074074,74,47,35,17,5,2,34,17,8,43,25,15
EURUSD,15,upper,212,204,173,147,0.9622641509433962,0.8160377358490566,0.6933962264150944,82,45,30,18,4,2,33,11,3,36,16,9
EURUSD,15,lower,256,245,208,174,0.95703125,0.8125,0.6796875,100,56,32,13,3,0,46,19,11,53,31,18
EURUSD,16,upper,140,130,90,69,0.9285714285714286,0.6428571428571429,0.4928571428571429,40,17,9,18,6,0,25,12,6,24,14,11
EURUSD,16,lower,153,141,97,71,0.9215686274509803,0.6339869281045751,0.46405228758169936,38,18,14,16,7,2,16,9,2,21,13,5
EURUSD,17,upper,163,139,81,57,0.852760736196319,0.49693251533742333,0.3496932515337423,41,14,10,10,5,3,13,9,5,17,13,10
EURUSD,17,lower,190,164,92,67,0.8631578947368421,0.4842105263157895,0.3526315789473684,45,15,12,20,6,3,24,13,11,22,15,13
EURUSD,18,upper,207,155,76,46,0.748792270531401,0.3671497584541063,0.2222222222222222,30,14,9,12,3,0,22,11,9,19,9,7
EURUSD,18,lower,204,169,82,50,0.8284313725490197,0.4019607843137255,0.24509803921568626,37,20,10,20,7,4,19,9,5,17,12,9
EURUSD,19,upper,212,146,73,48,0.6886792452830188,0.3443396226415094,0.22641509433962265,36,13,12,11,4,4,12,6,5,12,9,6
EURUSD,19,lower,210,163,72,44,0.7761904761904762,0.34285714285714286,0.20952380952380953,31,17,12,18,7,4,19,10,6,14,11,9
EURUSD,20,upper,215,150,66,36,0.6976744186046512,0.30697674418604654,0.16744186046511628,39,14,8,10,4,1,11,4,2,11,7,5
EURUSD,20,lower,207,136,56,33,0.6570048309178744,0.27053140096618356,0.15942028985507245,40,18,11,18,4,0,19,9,5,10,7,3
EURUSD,21,upper,247,162,78,37,0.6558704453441295,0.3157894736842105,0.14979757085020243,34,16,8,8,5,4,10,8,8,9,8,8
EURUSD,21,lower,241,164,83,43,0.6804979253112033,0.34439834024896265,0.17842323651452283,46,12,6,15,6,5,18,11,8,19,12,9
EURUSD,22,upper,223,100,41,26,0.4484304932735426,0.18385650224215247,0.11659192825112108,28,17,10,9,3,0,9,3,1,12,5,2
EURUSD,22,lower,278,154,58,27,0.5539568345323741,0.20863309352517986,0.09712230215827339,18,8,3,7,1,1,5,2,2,4,1,1
EURUSD,23,upper,343,172,61,40,0.5014577259475219,0.17784256559766765,0.11661807580174927,43,11,7,27,10,6,24,15,10,18,13,8
EURUSD,23,lower,245,120,48,29,0.4897959183673469,0.19591836734693877,0.11836734693877551,26,13,9,20,10,8,22,16,12,19,15,12
