pair,year,side,visits,reached_5,reached_8,reached_10,pct_5,pct_8,pct_10,ambiguous_5,ambiguous_8,ambiguous_10,adv_8_before_5,adv_12_before_5,adv_15_before_5,adv_8_before_8,adv_12_before_8,adv_15_before_8,adv_8_before_10,adv_12_before_10,adv_15_before_10
GBPUSD,2024,upper,2196,1804,1198,868,0.8214936247723132,0.5455373406193078,0.39526411657559196,548,252,153,173,53,32,304,166,118,305,187,136
GBPUSD,2024,lower,2175,1826,1204,872,0.8395402298850575,0.5535632183908046,0.4009195402298851,531,259,163,134,48,33,302,165,104,314,208,147
GBPUSD,2025,upper,2119,1995,1555,1245,0.9414818310523831,0.7338367154318075,0.5875412930627655,748,404,272,156,40,21,368,184,106,406,244,166
GBPUSD,2025,lower,2149,2044,1567,1238,0.9511400651465798,0.7291763610981852,0.5760818985574686,704,414,250,143,47,18,362,165,99,418,227,156
GBPUSD,2026,upper,1642,1502,1127,872,0.9147381242387332,0.6863580998781973,0.5310596833130329,509,299,199,85,31,18,222,118,73,242,156,110
GBPUSD,2026,lower,1670,1516,1125,865,0.9077844311377246,0.6736526946107785,0.5179640718562875,500,296,200,114,40,21,241,134,80,265,169,117
EURUSD,2024,upper,2128,1434,775,505,0.6738721804511278,0.3641917293233083,0.23731203007518797,364,155,103,152,53,30,234,122,81,192,113,88
EURUSD,2024,lower,2153,1458,784,521,0.6771946121690664,0.36414305620065024,0.24198792382721784,355,172,106,155,61,32,226,135,98,207,151,114
EURUSD,2025,upper,2078,1821,1249,950,0.8763233878729547,0.6010587102983638,0.4571703561116458,630,308,205,159,51,26,339,177,102,351,219,152
EURUSD,2025,lower,2098,1862,1299,955,0.8875119161105816,0.619161105815062,0.4551954242135367,577,278,188,167,48,21,321,165,98,323,207,142
EURUSD,2026,upper,1503,1153,660,433,0.7671324018629407,0.43912175648702595,0.2880904856952761,349,154,100,100,27,13,165,73,51,156,89,66
EURUSD,2026,lower,1556,1202,663,452,0.7724935732647815,0.42609254498714655,0.29048843187660667,317,129,76,102,34,18,185,97,63,174,112,79
