pair,side,band,bar_ts,entry_ts,entry_bid_open,entry_ask_open,mid_close_i,upper_i,lower_i,middle_i
GBPUSD,BUY,LOWER,2026-09-14 00:35:00+00:00,2026-09-14 00:40:00+00:00,13514.1,13520.6,13517.45,13527.472923956644,13516.637076043353,13522.054999999998
GBPUSD,BUY,LOWER,2026-09-14 02:40:00+00:00,2026-09-14 02:45:00+00:00,13512.4,13513.3,13513.150000000001,13519.891739446179,13512.258260553826,13516.075000000003
GBPUSD,SELL,UPPER,2026-09-14 05:55:00+00:00,2026-09-14 06:00:00+00:00,13505.6,13506.5,13506.150000000001,13506.321264739043,13501.338735260953,13503.829999999998
GBPUSD,BUY,LOWER,2026-09-14 08:15:00+00:00,2026-09-14 08:20:00+00:00,13483.3,13484.2,13483.849999999999,13500.709503877366,13482.720496122627,13491.714999999997
GBPUSD,SELL,UPPER,2026-09-14 09:40:00+00:00,2026-09-14 09:45:00+00:00,13486.9,13487.8,13487.05,13487.575143676182,13477.134856323817,13482.355
GBPUSD,SELL,UPPER,2026-09-14 11:05:00+00:00,2026-09-14 11:10:00+00:00,13489.1,13490.0,13489.650000000001,13491.275816636398,13480.2541833636,13485.765
GBPUSD,SELL,UPPER,2026-09-14 12:05:00+00:00,2026-09-14 12:10:00+00:00,13494.8,13495.7,13495.349999999999,13495.70121814219,13483.488781857812,13489.595000000001
GBPUSD,BUY,LOWER,2026-09-14 12:40:00+00:00,2026-09-14 12:45:00+00:00,13480.2,13481.1,13480.75,13497.692971346489,13480.627028653511,13489.16
GBPUSD,SELL,UPPER,2026-09-14 14:15:00+00:00,2026-09-14 14:20:00+00:00,13480.3,13481.2,13480.95,13482.6100158061,13463.629984193902,13473.12
GBPUSD,SELL,UPPER,2026-09-14 15:10:00+00:00,2026-09-14 15:15:00+00:00,13480.7,13481.6,13481.55,13483.642789865653,13465.897210134348,13474.77
GBPUSD,BUY,LOWER,2026-09-14 19:50:00+00:00,2026-09-14 19:55:00+00:00,13501.4,13502.3,13501.75,13515.496540924696,13501.6234590753,13508.559999999998
GBPUSD,SELL,UPPER,2026-09-14 22:55:00+00:00,2026-09-14 23:00:00+00:00,13504.4,13505.9,13505.25,13505.391212852492,13496.263787147507,13500.8275
GBPUSD,BUY,LOWER,2026-09-14 23:55:00+00:00,2026-09-15 00:00:00+00:00,13500.6,13501.5,13500.95,13504.957301640818,13498.277698359187,13501.617500000002
GBPUSD,BUY,LOWER,2026-09-15 04:15:00+00:00,2026-09-15 04:20:00+00:00,13483.2,13484.1,13483.55,13489.676217291913,13483.513782708082,13486.594999999998
GBPUSD,BUY,LOWER,2026-09-15 05:15:00+00:00,2026-09-15 05:20:00+00:00,13482.3,13483.2,13482.650000000001,13487.099526676164,13482.610473323839,13484.855000000001
GBPUSD,SELL,UPPER,2026-09-15 05:50:00+00:00,2026-09-15 05:55:00+00:00,13483.8,13484.7,13483.95,13486.581460466467,13481.71853953353,13484.149999999998
GBPUSD,BUY,LOWER,2026-09-15 06:10:00+00:00,2026-09-15 06:15:00+00:00,13479.9,13480.8,13480.25,13488.592334389525,13477.572665610473,13483.082499999999
GBPUSD,SELL,UPPER,2026-09-15 07:55:00+00:00,2026-09-15 08:00:00+00:00,13479.3,13480.2,13479.849999999999,13479.862860297591,13464.337139702402,13472.099999999997
GBPUSD,SELL,UPPER,2026-09-15 08:00:00+00:00,2026-09-15 08:05:00+00:00,13469.9,13470.8,13470.25,13479.74229092817,13464.167709071826,13471.954999999998
GBPUSD,BUY,LOWER,2026-09-15 09:15:00+00:00,2026-09-15 09:20:00+00:00,13470.0,13470.9,13469.75,13479.67076514602,13469.639234853985,13474.655000000002
GBPUSD,SELL,UPPER,2026-09-15 09:55:00+00:00,2026-09-15 10:00:00+00:00,13477.4,13478.3,13477.95,13479.886242682196,13469.423757317809,13474.655000000002
GBPUSD,SELL,UPPER,2026-09-15 11:35:00+00:00,2026-09-15 11:40:00+00:00,13485.3,13486.2,13485.650000000001,13488.268110444234,13470.421889555768,13479.345000000001
GBPUSD,SELL,UPPER,2026-09-15 12:45:00+00:00,2026-09-15 12:50:00+00:00,13487.2,13488.1,13487.75,13489.0032107554,13480.006789244599,13484.505
GBPUSD,BUY,LOWER,2026-09-15 13:20:00+00:00,2026-09-15 13:25:00+00:00,13483.2,13484.1,13483.75,13487.533676219167,13480.566323780831,13484.05
GBPUSD,SELL,UPPER,2026-09-15 13:55:00+00:00,2026-09-15 14:00:00+00:00,13492.4,13493.3,13492.75,13493.25878949804,13477.791210501959,13485.525
GBPUSD,BUY,LOWER,2026-09-15 15:20:00+00:00,2026-09-15 15:25:00+00:00,13484.3,13485.2,13484.849999999999,13496.217751595575,13483.722248404427,13489.970000000001
GBPUSD,BUY,LOWER,2026-09-15 18:00:00+00:00,2026-09-15 18:05:00+00:00,13473.7,13474.6,13474.05,13480.504012076102,13472.305987923903,13476.405000000002
GBPUSD,SELL,UPPER,2026-09-15 18:25:00+00:00,2026-09-15 18:30:00+00:00,13480.3,13481.2,13480.95,13481.383071995657,13472.826928004346,13477.105000000001
GBPUSD,SELL,UPPER,2026-09-15 18:45:00+00:00,2026-09-15 18:50:00+00:00,13479.5,13480.4,13480.05,13480.917888887336,13472.962111112662,13476.939999999999
GBPUSD,BUY,LOWER,2026-09-15 20:05:00+00:00,2026-09-15 20:10:00+00:00,13472.9,13473.8,13473.650000000001,13480.954044383092,13473.315955616916,13477.135000000004
GBPUSD,SELL,UPPER,2026-09-15 22:00:00+00:00,2026-09-15 22:05:00+00:00,13474.3,13482.5,13478.4,13479.637539808746,13470.217460191247,13474.927499999996
GBPUSD,BUY,LOWER,2026-09-15 23:40:00+00:00,2026-09-15 23:45:00+00:00,13470.4,13471.9,13471.25,13479.427678761434,13470.197321238566,13474.8125
GBPUSD,BUY,LOWER,2026-09-16 00:45:00+00:00,2026-09-16 00:50:00+00:00,13467.3,13468.2,13467.849999999999,13475.15097075942,13466.909029240578,13471.029999999999
GBPUSD,BUY,LOWER,2026-09-16 01:55:00+00:00,2026-09-16 02:00:00+00:00,13465.5,13467.0,13466.15,13471.918653555622,13465.681346444373,13468.799999999997
GBPUSD,SELL,UPPER,2026-09-16 02:25:00+00:00,2026-09-16 02:30:00+00:00,13473.4,13474.3,13473.650000000001,13473.784654272054,13465.035345727945,13469.41
GBPUSD,SELL,UPPER,2026-09-16 06:00:00+00:00,2026-09-16 06:05:00+00:00,13482.8,13483.7,13483.150000000001,13491.530740776223,13480.899259223777,13486.215
GBPUSD,BUY,LOWER,2026-09-16 06:05:00+00:00,2026-09-16 06:10:00+00:00,13482.5,13483.4,13482.75,13491.538564534654,13480.88143546534,13486.209999999997
GBPUSD,BUY,LOWER,2026-09-16 08:10:00+00:00,2026-09-16 08:15:00+00:00,13468.0,13468.9,13468.55,13485.338703330495,13468.431296669505,13476.885
GBPUSD,BUY,LOWER,2026-09-16 09:25:00+00:00,2026-09-16 09:30:00+00:00,13469.5,13470.4,13469.849999999999,13472.628495428391,13467.761504571612,13470.195000000002
GBPUSD,SELL,UPPER,2026-09-16 09:30:00+00:00,2026-09-16 09:35:00+00:00,13471.8,13472.7,13472.349999999999,13472.74759786728,13467.702402132722,13470.225
GBPUSD,BUY,LOWER,2026-09-16 10:00:00+00:00,2026-09-16 10:05:00+00:00,13466.7,13467.6,13467.25,13472.849274951548,13467.160725048454,13470.005000000001
GBPUSD,SELL,UPPER,2026-09-16 11:00:00+00:00,2026-09-16 11:05:00+00:00,13467.3,13468.2,13467.849999999999,13472.29329899805,13465.416701001948,13468.855
GBPUSD,BUY,LOWER,2026-09-16 11:15:00+00:00,2026-09-16 11:20:00+00:00,13462.4,13463.3,13462.75,13472.550763688061,13462.729236311938,13467.64
GBPUSD,BUY,LOWER,2026-09-16 14:00:00+00:00,2026-09-16 14:05:00+00:00,13448.1,13449.0,13448.650000000001,13461.673612236538,13447.961387763464,13454.817500000001
GBPUSD,SELL,UPPER,2026-09-16 14:40:00+00:00,2026-09-16 14:45:00+00:00,13460.7,13461.6,13461.45,13461.784385028492,13448.735614971509,13455.26
GBPUSD,BUY,LOWER,2026-09-16 15:30:00+00:00,2026-09-16 15:35:00+00:00,13446.8,13447.7,13447.45,13461.914400040745,13446.205599959261,13454.060000000003
GBPUSD,BUY,LOWER,2026-09-16 17:15:00+00:00,2026-09-16 17:20:00+00:00,13441.1,13442.0,13441.45,13451.781262326123,13439.738737673877,13445.76
GBPUSD,SELL,UPPER,2026-09-16 17:55:00+00:00,2026-09-16 18:00:00+00:00,13445.5,13461.5,13452.0,13452.317770930798,13438.107229069208,13445.212500000003
GBPUSD,SELL,UPPER,2026-09-16 18:00:00+00:00,2026-09-16 18:05:00+00:00,13424.6,13426.1,13425.45,13454.702996038754,13433.182003961248,13443.942500000001
GBPUSD,BUY,LOWER,2026-09-16 18:20:00+00:00,2026-09-16 18:25:00+00:00,13413.8,13414.7,13414.650000000001,13461.09023413422,13413.814765865785,13437.452500000003
GBPUSD,SELL,UPPER,2026-09-16 21:05:00+00:00,2026-09-16 21:10:00+00:00,13378.9,13395.8,13387.25,13390.037730329339,13375.927269670665,13382.982500000002
GBPUSD,SELL,UPPER,2026-09-16 21:30:00+00:00,2026-09-16 21:35:00+00:00,13373.7,13390.6,13381.650000000001,13394.232082728942,13373.26291727106,13383.747500000001
GBPUSD,SELL,UPPER,2026-09-16 23:40:00+00:00,2026-09-16 23:45:00+00:00,13382.7,13384.2,13382.65,13383.737408022642,13376.602591977362,13380.170000000002
GBPUSD,BUY,LOWER,2026-09-17 00:40:00+00:00,2026-09-17 00:45:00+00:00,13378.1,13379.6,13379.05,13385.604026804325,13378.925973195674,13382.265
GBPUSD,SELL,UPPER,2026-09-17 04:00:00+00:00,2026-09-17 04:05:00+00:00,13374.4,13375.9,13375.35,13375.8079159126,13370.052084087398,13372.929999999998
GBPUSD,BUY,LOWER,2026-09-17 07:55:00+00:00,2026-09-17 08:00:00+00:00,13388.5,13389.4,13389.05,13398.321385456733,13386.428614543274,13392.375000000004
GBPUSD,SELL,UPPER,2026-09-17 08:55:00+00:00,2026-09-17 09:00:00+00:00,13394.9,13395.8,13395.25,13396.263808701464,13378.61619129854,13387.440000000002
GBPUSD,BUY,LOWER,2026-09-17 11:20:00+00:00,2026-09-17 11:25:00+00:00,13357.4,13358.9,13358.05,13425.905511433,13355.954488566997,13390.929999999998
GBPUSD,BUY,LOWER,2026-09-17 14:45:00+00:00,2026-09-17 14:50:00+00:00,13358.7,13359.6,13359.05,13386.206816285283,13355.70318371472,13370.955000000002
GBPUSD,SELL,UPPER,2026-09-17 18:00:00+00:00,2026-09-17 18:05:00+00:00,13353.2,13354.1,13353.55,13353.558857059588,13346.45114294041,13350.005
GBPUSD,SELL,UPPER,2026-09-17 20:55:00+00:00,2026-09-17 21:00:00+00:00,13350.0,13366.9,13359.55,13360.12945743484,13353.310542565156,13356.719999999998
GBPUSD,BUY,LOWER,2026-09-17 21:15:00+00:00,2026-09-17 21:20:00+00:00,13347.7,13362.1,13354.900000000001,13360.361715956476,13351.753284043521,13356.057499999999
GBPUSD,SELL,UPPER,2026-09-17 21:40:00+00:00,2026-09-17 21:45:00+00:00,13354.8,13371.7,13362.95,13363.138022395675,13349.976977604323,13356.557499999999
GBPUSD,SELL,UPPER,2026-09-17 21:55:00+00:00,2026-09-17 22:00:00+00:00,13347.2,13364.1,13356.45,13364.277314353998,13350.137685646003,13357.2075
GBPUSD,BUY,LOWER,2026-09-17 23:50:00+00:00,2026-09-17 23:55:00+00:00,13357.7,13358.6,13358.25,13360.30888845989,13357.431111540112,13358.87
GBPUSD,BUY,LOWER,2026-09-18 00:40:00+00:00,2026-09-18 00:45:00+00:00,13357.3,13358.2,13357.849999999999,13361.472843884618,13356.547156115383,13359.01
GBPUSD,SELL,UPPER,2026-09-18 00:55:00+00:00,2026-09-18 01:00:00+00:00,13360.6,13361.5,13360.650000000001,13361.498683859876,13356.561316140129,13359.030000000002
GBPUSD,BUY,LOWER,2026-09-18 01:30:00+00:00,2026-09-18 01:35:00+00:00,13357.5,13358.4,13357.849999999999,13361.767435167569,13356.272564832429,13359.019999999999
GBPUSD,SELL,UPPER,2026-09-18 02:00:00+00:00,2026-09-18 02:05:00+00:00,13360.5,13361.4,13360.849999999999,13362.069999999998,13356.149999999996,13359.109999999997
GBPUSD,SELL,UPPER,2026-09-18 03:15:00+00:00,2026-09-18 03:20:00+00:00,13364.8,13365.7,13365.150000000001,13365.366915607632,13355.603084392376,13360.485000000004
GBPUSD,BUY,LOWER,2026-09-18 05:10:00+00:00,2026-09-18 05:15:00+00:00,13366.4,13367.9,13367.05,13375.516391795603,13366.6236082044,13371.070000000002
GBPUSD,SELL,UPPER,2026-09-18 06:25:00+00:00,2026-09-18 06:30:00+00:00,13372.2,13373.1,13372.849999999999,13372.990124208007,13359.554875791995,13366.272500000001
GBPUSD,BUY,LOWER,2026-09-18 07:30:00+00:00,2026-09-18 07:35:00+00:00,13364.6,13365.5,13364.95,13374.810592737833,13362.884407262167,13368.8475
GBPUSD,BUY,LOWER,2026-09-18 09:20:00+00:00,2026-09-18 09:25:00+00:00,13367.7,13368.6,13368.05,13372.725154795051,13366.264845204947,13369.494999999999
GBPUSD,SELL,UPPER,2026-09-18 09:55:00+00:00,2026-09-18 10:00:00+00:00,13370.2,13371.1,13370.75,13372.71160488807,13364.43839511193,13368.575
GBPUSD,BUY,LOWER,2026-09-18 10:50:00+00:00,2026-09-18 10:55:00+00:00,13355.8,13356.7,13356.150000000001,13376.206616287407,13354.813383712593,13365.51
GBPUSD,SELL,UPPER,2026-09-18 14:55:00+00:00,2026-09-18 15:00:00+00:00,13359.3,13360.2,13360.150000000001,13360.468350531572,13337.371649468432,13348.920000000002
GBPUSD,SELL,UPPER,2026-09-18 19:15:00+00:00,2026-09-18 19:20:00+00:00,13393.8,13394.7,13394.150000000001,13394.586357273145,13386.793642726852,13390.689999999999
GBPUSD,BUY,LOWER,2026-09-18 20:55:00+00:00,2026-09-20 23:00:00+00:00,13389.0,13390.5,13394.5,13397.434479888663,13392.760520111344,13395.097500000003
GBPUSD,SELL,UPPER,2026-09-21 00:35:00+00:00,2026-09-21 00:40:00+00:00,13391.3,13392.2,13391.650000000001,13391.759965373627,13388.15003462637,13389.954999999998
GBPUSD,BUY,LOWER,2026-09-21 01:00:00+00:00,2026-09-21 01:05:00+00:00,13388.0,13388.9,13388.650000000001,13391.940401026519,13388.199598973484,13390.070000000002
GBPUSD,BUY,LOWER,2026-09-21 01:05:00+00:00,2026-09-21 01:10:00+00:00,13390.7,13391.6,13391.05,13391.940401026515,13388.19959897348,13390.069999999998
GBPUSD,SELL,UPPER,2026-09-21 01:10:00+00:00,2026-09-21 01:15:00+00:00,13390.4,13391.3,13390.95,13392.006305327066,13388.193694672935,13390.1
GBPUSD,BUY,LOWER,2026-09-21 02:05:00+00:00,2026-09-21 02:10:00+00:00,13387.8,13388.7,13388.150000000001,13393.7363801507,13387.793619849292,13390.764999999996
GBPUSD,BUY,LOWER,2026-09-21 03:25:00+00:00,2026-09-21 03:30:00+00:00,13382.6,13383.5,13382.95,13391.364437357843,13380.345562642156,13385.855
GBPUSD,SELL,UPPER,2026-09-21 06:40:00+00:00,2026-09-21 06:45:00+00:00,13380.0,13380.9,13380.349999999999,13380.498514391584,13373.011485608415,13376.755
GBPUSD,BUY,LOWER,2026-09-21 07:00:00+00:00,2026-09-21 07:05:00+00:00,13371.0,13371.9,13372.150000000001,13381.41797176141,13371.892028238588,13376.654999999999
GBPUSD,SELL,UPPER,2026-09-21 08:10:00+00:00,2026-09-21 08:15:00+00:00,13384.7,13385.6,13384.349999999999,13385.192288344215,13371.697711655781,13378.444999999998
GBPUSD,BUY,LOWER,2026-09-21 09:50:00+00:00,2026-09-21 09:55:00+00:00,13383.1,13384.0,13383.45,13388.767538601745,13379.86246139826,13384.315000000002
GBPUSD,SELL,UPPER,2026-09-21 11:30:00+00:00,2026-09-21 11:35:00+00:00,13388.1,13389.0,13388.45,13388.844850104664,13379.505149895342,13384.175000000003
GBPUSD,BUY,LOWER,2026-09-21 13:30:00+00:00,2026-09-21 13:35:00+00:00,13389.8,13390.7,13390.75,13397.123482730325,13388.886517269673,13393.005
GBPUSD,SELL,UPPER,2026-09-21 16:20:00+00:00,2026-09-21 16:25:00+00:00,13372.3,13373.2,13372.650000000001,13375.43142073082,13368.338579269177,13371.884999999998
GBPUSD,BUY,LOWER,2026-09-21 17:40:00+00:00,2026-09-21 17:45:00+00:00,13368.5,13369.4,13369.05,13374.349923076014,13367.850076923987,13371.1
GBPUSD,BUY,LOWER,2026-09-21 18:40:00+00:00,2026-09-21 18:45:00+00:00,13365.7,13366.6,13366.05,13373.440567686284,13365.909432313714,13369.675
GBPUSD,BUY,LOWER,2026-09-21 21:15:00+00:00,2026-09-21 21:20:00+00:00,13356.7,13373.6,13366.150000000001,13372.554927928679,13364.490072071316,13368.522499999997
GBPUSD,BUY,LOWER,2026-09-21 21:20:00+00:00,2026-09-21 21:25:00+00:00,13357.4,13374.3,13368.849999999999,13372.037347143563,13364.677652856433,13368.357499999998
GBPUSD,BUY,LOWER,2026-09-21 21:40:00+00:00,2026-09-21 21:45:00+00:00,13363.9,13380.8,13371.95,13372.58698866938,13363.298011330618,13367.9425
GBPUSD,SELL,UPPER,2026-09-21 21:45:00+00:00,2026-09-21 21:50:00+00:00,13364.0,13380.9,13372.55,13373.245842952936,13363.139157047062,13368.1925
GBPUSD,SELL,UPPER,2026-09-21 21:55:00+00:00,2026-09-21 22:00:00+00:00,13359.7,13376.6,13368.45,13374.557352567674,13362.687647432329,13368.622500000001
GBPUSD,BUY,LOWER,2026-09-22 00:00:00+00:00,2026-09-22 00:05:00+00:00,13371.2,13372.1,13371.75,13371.75656477098,13368.70343522902,13370.23
GBPUSD,SELL,UPPER,2026-09-22 00:15:00+00:00,2026-09-22 00:20:00+00:00,13371.7,13372.6,13372.25,13372.972350207327,13368.257649792666,13370.614999999996
GBPUSD,BUY,LOWER,2026-09-22 01:20:00+00:00,2026-09-22 01:25:00+00:00,13368.6,13369.5,13368.849999999999,13376.772795259758,13368.157204740242,13372.465
GBPUSD,SELL,UPPER,2026-09-22 03:30:00+00:00,2026-09-22 03:35:00+00:00,13381.2,13382.1,13381.55,13381.879740562073,13364.920259437933,13373.400000000003
GBPUSD,BUY,LOWER,2026-09-22 05:40:00+00:00,2026-09-22 05:45:00+00:00,13381.7,13382.6,13382.05,13387.474225192576,13381.505774807423,13384.49
GBPUSD,BUY,LOWER,2026-09-22 07:35:00+00:00,2026-09-22 07:40:00+00:00,13364.8,13365.7,13365.349999999999,13377.208403107192,13363.871596892806,13370.539999999999
GBPUSD,BUY,LOWER,2026-09-22 11:35:00+00:00,2026-09-22 11:40:00+00:00,13355.7,13356.6,13356.05,13371.977631174088,13354.87236882591,13363.425
GBPUSD,SELL,UPPER,2026-09-22 12:30:00+00:00,2026-09-22 12:35:00+00:00,13367.2,13368.1,13367.55,13371.04630505999,13353.593694940013,13362.320000000002
GBPUSD,BUY,LOWER,2026-09-22 14:10:00+00:00,2026-09-22 14:15:00+00:00,13352.7,13353.6,13353.349999999999,13364.791013426771,13352.94898657323,13358.87
GBPUSD,SELL,UPPER,2026-09-22 17:55:00+00:00,2026-09-22 18:00:00+00:00,13331.7,13332.6,13332.25,13332.590099098217,13321.489900901788,13327.040000000003
GBPUSD,SELL,UPPER,2026-09-22 20:55:00+00:00,2026-09-22 21:00:00+00:00,13337.7,13354.6,13345.95,13348.116466562395,13340.273533437601,13344.194999999998
GBPUSD,BUY,LOWER,2026-09-22 21:30:00+00:00,2026-09-22 21:35:00+00:00,13336.4,13350.3,13343.35,13346.768587942071,13339.971412057926,13343.369999999999
GBPUSD,SELL,UPPER,2026-09-22 21:40:00+00:00,2026-09-22 21:45:00+00:00,13341.1,13355.1,13348.25,13348.320079006071,13339.459920993935,13343.890000000003
GBPUSD,BUY,LOWER,2026-09-22 21:55:00+00:00,2026-09-22 22:00:00+00:00,13330.5,13347.4,13341.25,13348.451843890718,13339.298156109282,13343.875
GBPUSD,SELL,UPPER,2026-09-22 23:45:00+00:00,2026-09-22 23:50:00+00:00,13344.5,13346.0,13345.15,13345.40137270864,13341.84862729136,13343.625
GBPUSD,BUY,LOWER,2026-09-23 00:10:00+00:00,2026-09-23 00:15:00+00:00,13340.6,13342.1,13341.15,13345.590097936167,13340.739902063831,13343.164999999999
GBPUSD,SELL,UPPER,2026-09-23 06:50:00+00:00,2026-09-23 06:55:00+00:00,13316.6,13317.5,13317.150000000001,13320.475466083288,13308.674533916717,13314.575000000003
GBPUSD,BUY,LOWER,2026-09-23 07:45:00+00:00,2026-09-23 07:50:00+00:00,13306.4,13307.3,13306.95,13320.52582006687,13306.65417993313,13313.59
GBPUSD,BUY,LOWER,2026-09-23 09:20:00+00:00,2026-09-23 09:25:00+00:00,13291.6,13292.5,13291.849999999999,13310.871430634645,13291.088569365354,13300.98
GBPUSD,SELL,UPPER,2026-09-23 11:00:00+00:00,2026-09-23 11:05:00+00:00,13291.2,13292.1,13291.25,13292.234103604062,13276.365896395937,13284.3
GBPUSD,BUY,LOWER,2026-09-23 12:35:00+00:00,2026-09-23 12:40:00+00:00,13264.2,13265.1,13264.45,13296.695909065698,13263.914090934299,13280.304999999998
GBPUSD,SELL,UPPER,2026-09-23 13:30:00+00:00,2026-09-23 13:35:00+00:00,13281.9,13282.8,13282.25,13284.977437054074,13261.842562945925,13273.41
GBPUSD,BUY,LOWER,2026-09-23 13:55:00+00:00,2026-09-23 14:00:00+00:00,13261.5,13262.4,13261.55,13287.777037323034,13253.722962676966,13270.75
GBPUSD,BUY,LOWER,2026-09-23 16:35:00+00:00,2026-09-23 16:40:00+00:00,13248.7,13249.6,13249.05,13263.573857929277,13243.436142070721,13253.505
GBPUSD,SELL,UPPER,2026-09-23 20:05:00+00:00,2026-09-23 20:10:00+00:00,13244.4,13245.3,13244.95,13244.985362361229,13239.534637638772,13242.26
GBPUSD,BUY,LOWER,2026-09-23 20:50:00+00:00,2026-09-23 20:55:00+00:00,13237.5,13240.9,13239.95,13244.683583144868,13238.456416855135,13241.570000000002
GBPUSD,SELL,UPPER,2026-09-25 01:00:00+00:00,2026-09-25 01:05:00+00:00,13216.2,13217.1,13217.150000000001,13217.328640920941,13208.261359079066,13212.795000000004
GBPUSD,BUY,LOWER,2026-09-25 02:55:00+00:00,2026-09-25 03:00:00+00:00,13213.0,13213.9,13213.349999999999,13220.113187815923,13212.706812184077,13216.41
GBPUSD,SELL,UPPER,2026-09-25 04:35:00+00:00,2026-09-25 04:40:00+00:00,13212.3,13213.2,13212.650000000001,13213.397759817286,13211.112240182716,13212.255000000001
GBPUSD,SELL,UPPER,2026-09-25 08:15:00+00:00,2026-09-25 08:20:00+00:00,13235.9,13236.8,13236.25,13237.753378029889,13214.696621970112,13226.225
GBPUSD,SELL,UPPER,2026-09-25 09:40:00+00:00,2026-09-25 09:45:00+00:00,13236.9,13237.8,13237.25,13239.630551750379,13231.519448249623,13235.575
GBPUSD,SELL,UPPER,2026-09-25 10:15:00+00:00,2026-09-25 10:20:00+00:00,13245.5,13246.4,13246.05,13247.363080948962,13228.696919051028,13238.029999999995
GBPUSD,SELL,UPPER,2026-09-25 12:20:00+00:00,2026-09-25 12:25:00+00:00,13254.2,13255.1,13254.75,13257.099126392413,13245.080873607587,13251.09
GBPUSD,SELL,UPPER,2026-09-25 12:45:00+00:00,2026-09-25 12:50:00+00:00,13254.0,13254.9,13254.150000000001,13256.377366907765,13249.192633092234,13252.785
GBPUSD,SELL,UPPER,2026-09-25 13:50:00+00:00,2026-09-25 13:55:00+00:00,13253.5,13254.4,13254.05,13260.294149775695,13250.38585022431,13255.340000000002
GBPUSD,BUY,LOWER,2026-09-25 14:05:00+00:00,2026-09-25 14:10:00+00:00,13248.4,13249.3,13248.95,13261.686449576153,13247.288550423846,13254.4875
GBPUSD,SELL,UPPER,2026-09-25 16:10:00+00:00,2026-09-25 16:15:00+00:00,13258.9,13259.8,13259.55,13260.344525807383,13224.705474192617,13242.525
GBPUSD,SELL,UPPER,2026-09-25 18:35:00+00:00,2026-09-25 18:40:00+00:00,13248.8,13249.7,13249.150000000001,13250.322988529244,13239.077011470757,13244.7
GBPUSD,BUY,LOWER,2026-09-25 20:15:00+00:00,2026-09-25 20:20:00+00:00,13246.6,13248.1,13247.25,13254.522757468894,13247.167242531108,13250.845000000001
EURUSD,BUY,LOWER,2026-09-14 00:40:00+00:00,2026-09-14 00:45:00+00:00,11585.4,11587.0,11586.099999999999,11595.7077594499,11585.132240550103,11590.420000000002
EURUSD,BUY,LOWER,2026-09-14 04:40:00+00:00,2026-09-14 04:45:00+00:00,11562.9,11563.5,11563.099999999999,11577.324965277694,11562.925034722306,11570.125
EURUSD,SELL,UPPER,2026-09-14 05:30:00+00:00,2026-09-14 05:35:00+00:00,11568.8,11569.4,11569.3,11570.484093784871,11562.670906215128,11566.5775
EURUSD,BUY,LOWER,2026-09-14 08:20:00+00:00,2026-09-14 08:25:00+00:00,11535.2,11535.8,11535.400000000001,11562.933610052316,11534.876389947682,11548.904999999999
EURUSD,SELL,UPPER,2026-09-14 09:40:00+00:00,2026-09-14 09:45:00+00:00,11542.2,11542.8,11542.599999999999,11544.030070422037,11534.089929577965,11539.060000000001
EURUSD,SELL,UPPER,2026-09-14 11:05:00+00:00,2026-09-14 11:10:00+00:00,11542.1,11542.7,11542.5,11544.109243436827,11538.690756563172,11541.4
EURUSD,BUY,LOWER,2026-09-14 12:40:00+00:00,2026-09-14 12:45:00+00:00,11533.7,11534.3,11534.3,11555.395643040574,11534.284356959426,11544.84
EURUSD,SELL,UPPER,2026-09-14 15:05:00+00:00,2026-09-14 15:10:00+00:00,11542.1,11542.7,11542.5,11544.608767296619,11523.74123270338,11534.175
EURUSD,BUY,LOWER,2026-09-14 18:55:00+00:00,2026-09-14 19:00:00+00:00,11557.0,11557.6,11557.2,11558.771046193453,11555.328953806546,11557.05
EURUSD,BUY,LOWER,2026-09-14 19:15:00+00:00,2026-09-14 19:20:00+00:00,11554.6,11555.2,11555.2,11558.396113321036,11555.18388667897,11556.790000000003
EURUSD,SELL,UPPER,2026-09-14 21:05:00+00:00,2026-09-14 21:10:00+00:00,11546.1,11557.7,11552.2,11553.121305266926,11544.328694733074,11548.725
EURUSD,BUY,LOWER,2026-09-14 23:40:00+00:00,2026-09-14 23:45:00+00:00,11548.5,11549.1,11548.900000000001,11552.523938413451,11548.28606158655,11550.405
EURUSD,BUY,LOWER,2026-09-15 04:25:00+00:00,2026-09-15 04:30:00+00:00,11535.7,11536.3,11535.900000000001,11541.319749990234,11534.920250009767,11538.12
EURUSD,BUY,LOWER,2026-09-15 05:10:00+00:00,2026-09-15 05:15:00+00:00,11536.7,11537.3,11536.900000000001,11538.370284989829,11535.29971501017,11536.835
EURUSD,BUY,LOWER,2026-09-15 06:00:00+00:00,2026-09-15 06:05:00+00:00,11533.5,11534.1,11533.900000000001,11538.348473805298,11533.681526194705,11536.015000000001
EURUSD,BUY,LOWER,2026-09-15 08:45:00+00:00,2026-09-15 08:50:00+00:00,11534.1,11534.7,11534.5,11540.96492469794,11534.32507530206,11537.645
EURUSD,SELL,UPPER,2026-09-15 10:10:00+00:00,2026-09-15 10:15:00+00:00,11536.4,11537.0,11536.8,11538.892485232767,11531.69751476723,11535.294999999998
EURUSD,SELL,UPPER,2026-09-15 11:30:00+00:00,2026-09-15 11:35:00+00:00,11541.3,11541.9,11541.5,11541.628047890208,11534.61195210979,11538.119999999999
EURUSD,SELL,UPPER,2026-09-15 12:55:00+00:00,2026-09-15 13:00:00+00:00,11546.4,11547.0,11546.599999999999,11548.660158761626,11536.849841238376,11542.755000000001
EURUSD,SELL,UPPER,2026-09-15 13:55:00+00:00,2026-09-15 14:00:00+00:00,11548.8,11549.4,11549.599999999999,11551.120695785665,11540.089304214334,11545.605
EURUSD,BUY,LOWER,2026-09-15 14:35:00+00:00,2026-09-15 14:40:00+00:00,11540.9,11541.5,11541.3,11551.562669226378,11540.667330773626,11546.115000000002
EURUSD,BUY,LOWER,2026-09-15 15:10:00+00:00,2026-09-15 15:15:00+00:00,11539.7,11540.3,11540.099999999999,11551.369290498023,11539.530709501974,11545.449999999999
EURUSD,BUY,LOWER,2026-09-15 17:25:00+00:00,2026-09-15 17:30:00+00:00,11538.0,11538.6,11538.099999999999,11543.066312031653,11538.05368796835,11540.560000000001
EURUSD,SELL,UPPER,2026-09-15 18:25:00+00:00,2026-09-15 18:30:00+00:00,11542.5,11543.1,11543.0,11543.47124651525,11535.84875348475,11539.66
EURUSD,BUY,LOWER,2026-09-15 20:00:00+00:00,2026-09-15 20:05:00+00:00,11540.4,11541.0,11540.599999999999,11543.16858087338,11539.981419126621,11541.575
EURUSD,SELL,UPPER,2026-09-15 21:00:00+00:00,2026-09-15 21:05:00+00:00,11529.3,11540.9,11535.0,11543.823267063624,11537.11673293637,11540.469999999998
EURUSD,BUY,LOWER,2026-09-15 21:15:00+00:00,2026-09-15 21:20:00+00:00,11530.3,11540.7,11535.65,11544.288743131861,11534.961256868135,11539.624999999998
EURUSD,SELL,UPPER,2026-09-15 22:00:00+00:00,2026-09-15 22:05:00+00:00,11542.7,11544.2,11543.349999999999,11543.717911406657,11533.387088593347,11538.552500000002
EURUSD,BUY,LOWER,2026-09-15 23:35:00+00:00,2026-09-15 23:40:00+00:00,11534.8,11535.4,11535.0,11545.27989200366,11534.805107996342,11540.042500000001
EURUSD,BUY,LOWER,2026-09-16 00:50:00+00:00,2026-09-16 00:55:00+00:00,11535.0,11535.6,11535.400000000001,11539.087467882626,11534.222532117376,11536.655
EURUSD,SELL,UPPER,2026-09-16 02:10:00+00:00,2026-09-16 02:15:00+00:00,11536.3,11536.9,11536.5,11536.535046082463,11532.19495391754,11534.365000000002
EURUSD,SELL,UPPER,2026-09-16 04:25:00+00:00,2026-09-16 04:30:00+00:00,11543.7,11544.3,11543.900000000001,11544.010751695589,11539.919248304412,11541.965
EURUSD,BUY,LOWER,2026-09-16 06:50:00+00:00,2026-09-16 06:55:00+00:00,11546.0,11546.6,11546.2,11550.575845026062,11544.39915497394,11547.487500000001
EURUSD,SELL,UPPER,2026-09-16 07:40:00+00:00,2026-09-16 07:45:00+00:00,11551.7,11552.3,11552.099999999999,11553.125044589538,11544.714955410465,11548.920000000002
EURUSD,BUY,LOWER,2026-09-16 08:55:00+00:00,2026-09-16 09:00:00+00:00,11539.5,11540.1,11539.900000000001,11554.534639645748,11538.925360354251,11546.73
EURUSD,BUY,LOWER,2026-09-16 10:25:00+00:00,2026-09-16 10:30:00+00:00,11536.0,11536.6,11536.2,11542.995819351203,11535.794180648798,11539.395
EURUSD,SELL,UPPER,2026-09-16 11:30:00+00:00,2026-09-16 11:35:00+00:00,11539.3,11539.9,11539.400000000001,11540.413464167668,11532.536535832332,11536.475
EURUSD,BUY,LOWER,2026-09-16 12:25:00+00:00,2026-09-16 12:30:00+00:00,11531.3,11533.7,11531.2,11540.598689547456,11531.061310452547,11535.830000000002
EURUSD,BUY,LOWER,2026-09-16 14:00:00+00:00,2026-09-16 14:05:00+00:00,11532.8,11533.4,11533.0,11538.63339250219,11531.356607497808,11534.994999999999
EURUSD,SELL,UPPER,2026-09-16 14:35:00+00:00,2026-09-16 14:40:00+00:00,11538.9,11539.5,11539.099999999999,11539.334864235969,11531.78513576403,11535.56
EURUSD,SELL,UPPER,2026-09-16 15:45:00+00:00,2026-09-16 15:50:00+00:00,11536.7,11537.3,11537.099999999999,11541.576864160896,11534.3331358391,11537.954999999998
EURUSD,BUY,LOWER,2026-09-16 16:05:00+00:00,2026-09-16 16:10:00+00:00,11535.1,11535.7,11535.3,11541.509811516995,11534.480188483003,11537.994999999999
EURUSD,SELL,UPPER,2026-09-16 18:00:00+00:00,2026-09-16 18:05:00+00:00,11514.3,11515.2,11514.7,11542.552547426254,11523.707452573748,11533.130000000001
EURUSD,BUY,LOWER,2026-09-16 18:25:00+00:00,2026-09-16 18:30:00+00:00,11498.3,11498.9,11498.5,11551.769497746396,11498.410502253604,11525.09
EURUSD,SELL,UPPER,2026-09-16 22:25:00+00:00,2026-09-16 22:30:00+00:00,11467.0,11467.9,11467.349999999999,11467.61480663945,11460.73019336055,11464.1725
EURUSD,BUY,LOWER,2026-09-17 00:40:00+00:00,2026-09-17 00:45:00+00:00,11464.4,11465.0,11464.8,11471.779744408188,11464.615255591809,11468.197499999998
EURUSD,BUY,LOWER,2026-09-17 02:35:00+00:00,2026-09-17 02:40:00+00:00,11459.2,11459.8,11459.599999999999,11464.091027301827,11456.618972698172,11460.355
EURUSD,SELL,UPPER,2026-09-17 03:55:00+00:00,2026-09-17 04:00:00+00:00,11459.7,11460.3,11460.099999999999,11461.38840651788,11456.871593482121,11459.130000000001
EURUSD,BUY,LOWER,2026-09-17 07:55:00+00:00,2026-09-17 08:00:00+00:00,11473.3,11473.9,11473.7,11482.961984357094,11472.478015642911,11477.720000000003
EURUSD,SELL,UPPER,2026-09-17 10:10:00+00:00,2026-09-17 10:15:00+00:00,11476.5,11477.1,11476.900000000001,11478.287984345678,11470.287015654327,11474.287500000002
EURUSD,BUY,LOWER,2026-09-17 11:25:00+00:00,2026-09-17 11:30:00+00:00,11471.4,11472.0,11471.8,11481.192653169295,11470.7873468307,11475.989999999998
EURUSD,SELL,UPPER,2026-09-17 12:05:00+00:00,2026-09-17 12:10:00+00:00,11480.8,11481.4,11481.0,11481.424094923359,11467.475905076642,11474.45
EURUSD,SELL,UPPER,2026-09-17 14:10:00+00:00,2026-09-17 14:15:00+00:00,11494.9,11495.5,11495.099999999999,11495.933974327576,11482.846025672423,11489.39
EURUSD,BUY,LOWER,2026-09-17 15:00:00+00:00,2026-09-17 15:05:00+00:00,11485.0,11485.6,11485.2,11496.591050867492,11484.028949132511,11490.310000000001
EURUSD,BUY,LOWER,2026-09-17 18:15:00+00:00,2026-09-17 18:20:00+00:00,11475.6,11476.2,11475.8,11477.829962962454,11475.130037037545,11476.48
EURUSD,BUY,LOWER,2026-09-17 18:55:00+00:00,2026-09-17 19:00:00+00:00,11474.7,11475.3,11475.099999999999,11477.598587604722,11473.971412395278,11475.785
EURUSD,SELL,UPPER,2026-09-17 19:20:00+00:00,2026-09-17 19:25:00+00:00,11477.9,11478.5,11478.0,11478.395596697626,11473.744403302377,11476.070000000002
EURUSD,BUY,LOWER,2026-09-17 20:10:00+00:00,2026-09-17 20:15:00+00:00,11475.1,11475.7,11475.5,11480.808221044059,11473.881778955943,11477.345000000001
EURUSD,BUY,LOWER,2026-09-17 21:00:00+00:00,2026-09-17 21:05:00+00:00,11472.4,11483.7,11478.0,11480.518348853147,11474.656651146852,11477.5875
EURUSD,BUY,LOWER,2026-09-17 22:05:00+00:00,2026-09-17 22:10:00+00:00,11475.0,11476.2,11475.55,11479.977904307007,11474.907095692988,11477.442499999997
EURUSD,BUY,LOWER,2026-09-17 23:55:00+00:00,2026-09-18 00:00:00+00:00,11475.6,11476.2,11476.0,11478.892554346909,11475.67244565309,11477.2825
EURUSD,SELL,UPPER,2026-09-18 00:10:00+00:00,2026-09-18 00:15:00+00:00,11478.6,11479.5,11478.95,11479.216681790622,11475.543318209377,11477.38
EURUSD,SELL,UPPER,2026-09-18 01:50:00+00:00,2026-09-18 01:55:00+00:00,11480.9,11481.5,11481.3,11481.350921089403,11477.584078910599,11479.4675
EURUSD,BUY,LOWER,2026-09-18 02:55:00+00:00,2026-09-18 03:00:00+00:00,11479.6,11480.2,11480.0,11482.517977782205,11477.612022217792,11480.064999999999
EURUSD,SELL,UPPER,2026-09-18 03:15:00+00:00,2026-09-18 03:20:00+00:00,11483.4,11484.0,11483.599999999999,11483.607544091366,11477.937455908632,11480.7725
EURUSD,BUY,LOWER,2026-09-18 05:10:00+00:00,2026-09-18 05:15:00+00:00,11484.0,11485.1,11484.599999999999,11492.504471742255,11484.400528257751,11488.452500000003
EURUSD,SELL,UPPER,2026-09-18 07:05:00+00:00,2026-09-18 07:10:00+00:00,11483.7,11484.3,11483.900000000001,11485.205414261196,11478.2045857388,11481.704999999998
EURUSD,SELL,UPPER,2026-09-18 07:45:00+00:00,2026-09-18 07:50:00+00:00,11485.3,11485.9,11485.5,11486.163156830806,11478.0268431692,11482.095000000003
EURUSD,BUY,LOWER,2026-09-18 10:50:00+00:00,2026-09-18 10:55:00+00:00,11473.1,11473.7,11473.5,11489.850475242858,11473.279524757143,11481.565
EURUSD,SELL,UPPER,2026-09-18 12:55:00+00:00,2026-09-18 13:00:00+00:00,11468.0,11468.6,11468.2,11468.374546719948,11455.965453280056,11462.170000000002
EURUSD,BUY,LOWER,2026-09-18 14:00:00+00:00,2026-09-18 14:05:00+00:00,11462.1,11462.7,11462.2,11469.403121107187,11458.86687889281,11464.134999999998
EURUSD,BUY,LOWER,2026-09-18 15:05:00+00:00,2026-09-18 15:10:00+00:00,11461.1,11461.7,11461.3,11465.563174988154,11458.756825011846,11462.16
EURUSD,SELL,UPPER,2026-09-18 15:10:00+00:00,2026-09-18 15:15:00+00:00,11464.8,11465.4,11465.0,11465.541133488214,11458.768866511788,11462.155
EURUSD,SELL,UPPER,2026-09-18 16:15:00+00:00,2026-09-18 16:20:00+00:00,11469.2,11469.8,11469.599999999999,11470.420504251771,11458.719495748228,11464.57
EURUSD,SELL,UPPER,2026-09-18 19:30:00+00:00,2026-09-18 19:35:00+00:00,11487.3,11487.9,11487.7,11488.228443438698,11478.641556561304,11483.435000000001
EURUSD,BUY,LOWER,2026-09-18 20:40:00+00:00,2026-09-18 20:45:00+00:00,11485.5,11486.4,11485.849999999999,11489.443015281913,11484.796984718085,11487.119999999999
EURUSD,SELL,UPPER,2026-09-21 00:45:00+00:00,2026-09-21 00:50:00+00:00,11483.1,11483.7,11483.3,11484.263443826903,11476.746556173095,11480.505
EURUSD,BUY,LOWER,2026-09-21 02:05:00+00:00,2026-09-21 02:10:00+00:00,11481.7,11482.3,11481.8,11486.12001386318,11480.709986136815,11483.414999999997
EURUSD,BUY,LOWER,2026-09-21 04:30:00+00:00,2026-09-21 04:35:00+00:00,11474.6,11475.2,11474.8,11477.902674213707,11474.20732578629,11476.054999999998
EURUSD,SELL,UPPER,2026-09-21 05:15:00+00:00,2026-09-21 05:20:00+00:00,11475.4,11476.0,11475.8,11477.217155942435,11474.292844057563,11475.755
EURUSD,BUY,LOWER,2026-09-21 05:50:00+00:00,2026-09-21 05:55:00+00:00,11473.6,11474.2,11474.0,11477.740491753724,11472.859508246274,11475.3
EURUSD,SELL,UPPER,2026-09-21 06:50:00+00:00,2026-09-21 06:55:00+00:00,11476.7,11477.3,11477.099999999999,11477.708024977997,11470.861975022002,11474.285
EURUSD,SELL,UPPER,2026-09-21 07:45:00+00:00,2026-09-21 07:50:00+00:00,11478.2,11478.8,11478.400000000001,11478.42288669492,11471.327113305077,11474.874999999998
EURUSD,SELL,UPPER,2026-09-21 10:25:00+00:00,2026-09-21 10:30:00+00:00,11480.9,11481.5,11481.3,11481.823790007724,11477.176209992276,11479.5
EURUSD,BUY,LOWER,2026-09-21 13:30:00+00:00,2026-09-21 13:35:00+00:00,11478.7,11479.3,11479.099999999999,11493.494587826357,11478.695412173638,11486.094999999998
EURUSD,BUY,LOWER,2026-09-21 17:55:00+00:00,2026-09-21 18:00:00+00:00,11466.4,11467.0,11466.3,11471.9448947349,11466.245105265103,11469.095000000001
EURUSD,SELL,UPPER,2026-09-21 21:10:00+00:00,2026-09-21 21:15:00+00:00,11466.2,11474.7,11470.15,11470.581873511259,11461.923126488738,11466.252499999999
EURUSD,BUY,LOWER,2026-09-21 22:00:00+00:00,2026-09-21 22:05:00+00:00,11463.7,11465.3,11464.65,11470.700797064408,11463.32920293559,11467.015
EURUSD,BUY,LOWER,2026-09-21 23:55:00+00:00,2026-09-22 00:00:00+00:00,11463.3,11463.9,11463.8,11465.607170405165,11463.407829594831,11464.507499999998
EURUSD,SELL,UPPER,2026-09-22 00:15:00+00:00,2026-09-22 00:20:00+00:00,11466.7,11467.6,11467.099999999999,11467.75708019977,11462.38291980023,11465.07
EURUSD,BUY,LOWER,2026-09-22 01:45:00+00:00,2026-09-22 01:50:00+00:00,11463.5,11464.1,11463.7,11471.944923715308,11463.67007628469,11467.807499999999
EURUSD,SELL,UPPER,2026-09-22 03:25:00+00:00,2026-09-22 03:30:00+00:00,11472.9,11473.5,11473.099999999999,11473.890955642531,11463.949044357472,11468.920000000002
EURUSD,BUY,LOWER,2026-09-22 05:45:00+00:00,2026-09-22 05:50:00+00:00,11471.6,11472.2,11472.0,11479.546577968436,11471.623422031565,11475.585000000001
EURUSD,BUY,LOWER,2026-09-22 11:25:00+00:00,2026-09-22 11:30:00+00:00,11460.8,11461.4,11461.0,11469.300996368036,11459.389003631963,11464.345
EURUSD,BUY,LOWER,2026-09-22 12:55:00+00:00,2026-09-22 13:00:00+00:00,11455.8,11456.4,11455.900000000001,11467.334196526019,11455.635803473979,11461.484999999999
EURUSD,SELL,UPPER,2026-09-22 18:00:00+00:00,2026-09-22 18:05:00+00:00,11438.7,11439.3,11439.099999999999,11439.866565257786,11430.553434742216,11435.210000000001
EURUSD,BUY,LOWER,2026-09-22 21:30:00+00:00,2026-09-22 21:35:00+00:00,11445.2,11451.6,11448.2,11450.708083646075,11446.466916353924,11448.5875
EURUSD,SELL,UPPER,2026-09-22 21:55:00+00:00,2026-09-22 22:00:00+00:00,11445.3,11453.6,11449.85,11450.49620713538,11446.66879286462,11448.5825
EURUSD,BUY,LOWER,2026-09-22 22:00:00+00:00,2026-09-22 22:05:00+00:00,11448.2,11449.1,11448.75,11450.442299658242,11446.667700341759,11448.555
EURUSD,SELL,UPPER,2026-09-22 23:50:00+00:00,2026-09-22 23:55:00+00:00,11447.4,11448.0,11447.8,11448.400735778929,11445.724264221075,11447.062500000002
EURUSD,SELL,UPPER,2026-09-23 00:00:00+00:00,2026-09-23 00:05:00+00:00,11445.3,11445.9,11445.8,11448.465194431523,11445.539805568482,11447.002500000002
EURUSD,BUY,LOWER,2026-09-23 00:05:00+00:00,2026-09-23 00:10:00+00:00,11445.6,11446.2,11446.0,11448.38927858869,11445.435721411315,11446.912500000002
EURUSD,SELL,UPPER,2026-09-23 00:40:00+00:00,2026-09-23 00:45:00+00:00,11447.6,11448.2,11447.8,11448.432283851438,11445.627716148563,11447.03
EURUSD,BUY,LOWER,2026-09-23 01:30:00+00:00,2026-09-23 01:35:00+00:00,11441.4,11442.0,11441.900000000001,11450.96459437853,11440.040405621467,11445.502499999999
EURUSD,BUY,LOWER,2026-09-23 05:40:00+00:00,2026-09-23 05:45:00+00:00,11426.1,11427.0,11425.650000000001,11430.165347718386,11425.509652281613,11427.8375
EURUSD,BUY,LOWER,2026-09-23 07:00:00+00:00,2026-09-23 07:05:00+00:00,11421.8,11422.4,11422.2,11428.85433927379,11422.19566072621,11425.525
EURUSD,BUY,LOWER,2026-09-23 08:20:00+00:00,2026-09-23 08:25:00+00:00,11416.9,11417.5,11417.099999999999,11429.941226570205,11412.268773429794,11421.105
EURUSD,BUY,LOWER,2026-09-23 09:45:00+00:00,2026-09-23 09:50:00+00:00,11409.9,11410.8,11410.150000000001,11422.534931164171,11408.280068835827,11415.4075
EURUSD,SELL,UPPER,2026-09-23 11:15:00+00:00,2026-09-23 11:20:00+00:00,11415.5,11416.1,11415.7,11419.088006497213,11405.081993502788,11412.085000000001
EURUSD,BUY,LOWER,2026-09-23 11:40:00+00:00,2026-09-23 11:45:00+00:00,11406.8,11407.4,11407.0,11419.329423054061,11404.770576945937,11412.05
EURUSD,SELL,UPPER,2026-09-23 13:30:00+00:00,2026-09-23 13:35:00+00:00,11412.4,11413.0,11412.900000000001,11414.68109453778,11398.348905462215,11406.514999999998
EURUSD,BUY,LOWER,2026-09-23 13:55:00+00:00,2026-09-23 14:00:00+00:00,11397.5,11398.1,11397.3,11415.536670717376,11393.078329282622,11404.307499999999
EURUSD,BUY,LOWER,2026-09-23 16:35:00+00:00,2026-09-23 16:40:00+00:00,11390.8,11391.4,11391.2,11397.888685054791,11387.471314945213,11392.680000000002
EURUSD,BUY,LOWER,2026-09-23 20:35:00+00:00,2026-09-23 20:40:00+00:00,11382.3,11382.9,11382.7,11387.815972578615,11382.674027421383,11385.244999999999
EURUSD,SELL,UPPER,2026-09-23 21:45:00+00:00,2026-09-23 21:50:00+00:00,11376.7,11388.3,11384.3,11388.564753791328,11378.69024620867,11383.627499999999
EURUSD,SELL,UPPER,2026-09-25 01:05:00+00:00,2026-09-25 01:10:00+00:00,11379.0,11379.6,11379.400000000001,11379.708641335284,11369.111358664712,11374.409999999998
EURUSD,SELL,UPPER,2026-09-25 04:45:00+00:00,2026-09-25 04:50:00+00:00,11370.5,11371.1,11370.7,11370.836175168484,11368.643824831515,11369.74
EURUSD,SELL,UPPER,2026-09-25 07:45:00+00:00,2026-09-25 07:50:00+00:00,11386.0,11386.6,11386.400000000001,11387.340985632842,11378.919014367157,11383.13
EURUSD,BUY,LOWER,2026-09-25 09:45:00+00:00,2026-09-25 09:50:00+00:00,11388.3,11388.9,11388.900000000001,11394.368858971553,11387.27114102844,11390.819999999996
EURUSD,SELL,UPPER,2026-09-25 10:15:00+00:00,2026-09-25 10:20:00+00:00,11397.4,11398.0,11397.5,11398.072608580631,11386.157391419369,11392.115
EURUSD,BUY,LOWER,2026-09-25 12:40:00+00:00,2026-09-25 12:45:00+00:00,11400.9,11401.5,11401.3,11408.294127087036,11400.275872912964,11404.285
EURUSD,SELL,UPPER,2026-09-25 13:05:00+00:00,2026-09-25 13:10:00+00:00,11406.1,11406.7,11406.3,11406.65827782839,11399.401722171608,11403.029999999999
EURUSD,BUY,LOWER,2026-09-25 13:30:00+00:00,2026-09-25 13:35:00+00:00,11399.3,11399.9,11399.7,11406.634931972265,11397.815068027736,11402.225
EURUSD,BUY,LOWER,2026-09-25 14:00:00+00:00,2026-09-25 14:05:00+00:00,11398.5,11399.1,11399.0,11406.373562865054,11397.48143713495,11401.927500000002
EURUSD,BUY,LOWER,2026-09-25 14:05:00+00:00,2026-09-25 14:10:00+00:00,11401.7,11402.3,11401.8,11405.87544991501,11397.609550084986,11401.742499999998
EURUSD,BUY,LOWER,2026-09-25 15:10:00+00:00,2026-09-25 15:15:00+00:00,11396.9,11397.5,11397.3,11404.862368572749,11396.302631427252,11400.5825
EURUSD,SELL,UPPER,2026-09-25 18:50:00+00:00,2026-09-25 18:55:00+00:00,11399.3,11399.9,11399.5,11400.040836921367,11386.299163078636,11393.170000000002
EURUSD,BUY,LOWER,2026-09-25 20:00:00+00:00,2026-09-25 20:05:00+00:00,11396.1,11397.0,11396.650000000001,11401.197638208274,11395.047361791721,11398.122499999998
