tp,sl,broker_valid_gbp_current,broker_valid_eur_current,skipped_two_slot,skipped_same_pair,taken,TP,SL,UNR,wins,losses,win_rate,net_pips,net_per_trade,mfe_mean,mfe_med,mfe_max,mae_mean,mae_med,mae_max,max_dd
5,2,False,True,0,7,121,20,101,0,20,101,0.1652892561983471,-102,-0.8429752066115702,1.7181818181818904,0.6000000000003638,8.800000000001091,3.273553719008343,2.5,20.0,-108.0
5,3,False,True,0,19,109,30,79,0,30,79,0.27522935779816515,-87,-0.7981651376146789,2.61651376146793,1.7000000000007276,11.899999999999636,4.188990825688227,3.5,20.0,-101.0
5,4,True,True,0,41,225,70,153,2,70,153,0.3111111111111111,-262.0,-1.1644444444444444,3.048888888888897,1.9000000000014552,28.200000000000728,5.597333333333396,4.399999999999636,26.700000000000728,-266.0
5,5,True,True,0,57,209,78,129,2,78,129,0.37320574162679426,-255.0,-1.2200956937799043,3.34210526315786,2.5,28.200000000000728,6.198564593301496,5.200000000000728,26.700000000000728,-255.0
5,6,True,True,0,64,202,81,119,2,81,119,0.400990099009901,-309.0,-1.5297029702970297,3.6019801980197586,3.149999999999636,28.200000000000728,6.784653465346553,6.300000000001091,26.700000000000728,-309.0
5,7,True,True,0,73,193,84,107,2,84,107,0.43523316062176165,-329.0,-1.7046632124352332,3.8020725388600622,4.0,28.200000000000728,7.210880829015604,7.100000000000364,26.700000000000728,-338.0
5,8,True,True,0,83,183,84,96,3,84,97,0.45901639344262296,-354.7000000000007,-1.9382513661202225,3.961202185792318,4.299999999999272,28.200000000000728,7.7163934426229925,8.100000000000364,26.700000000000728,-363.0
5,9,True,True,0,85,181,82,96,3,82,97,0.4530386740331492,-460.7000000000007,-2.545303867403319,3.90773480662979,4.200000000000728,28.200000000000728,8.179558011049744,9.100000000000364,26.700000000000728,-469.0
5,10,True,True,0,94,172,84,85,3,84,86,0.4883720930232558,-436.7000000000007,-2.5389534883720972,4.026162790697632,4.950000000000728,28.200000000000728,8.604651162790718,10.0,32.400000000001455,-445.0
5,11,True,True,0,97,169,86,80,3,86,81,0.5088757396449705,-456.7000000000007,-2.7023668639053295,4.146745562130151,5.0,28.200000000000728,8.994082840236729,10.300000000001091,32.400000000001455,-467.0
5,12,True,True,0,110,156,83,70,3,83,71,0.532051282051282,-431.7000000000007,-2.767307692307697,4.37179487179486,5.099999999998545,28.200000000000728,9.475000000000014,11.0,32.400000000001455,-456.0
5,13,True,True,0,113,153,82,67,4,82,68,0.5359477124183006,-467.7000000000007,-3.056862745098044,4.412418300653585,5.099999999998545,28.200000000000728,9.998039215686244,11.0,32.400000000001455,-490.0
5,14,True,True,0,124,142,78,59,5,78,60,0.5492957746478874,-442.7000000000007,-3.117605633802822,4.682394366197206,5.149999999999636,28.200000000000728,10.397887323943662,11.349999999999454,32.400000000001455,-463.0
5,15,True,True,0,126,140,81,54,5,81,55,0.5785714285714286,-411.7000000000007,-2.9407142857142907,4.845714285714296,5.200000000000728,28.200000000000728,10.486428571428535,11.0,32.400000000001455,-440.0
5,16,True,True,0,128,138,85,49,4,85,50,0.6159420289855072,-365.7000000000007,-2.6500000000000052,5.012318840579662,5.200000000000728,28.200000000000728,10.46304347826088,10.300000000001091,32.400000000001455,-391.0
8,2,False,True,0,11,117,11,106,0,11,106,0.09401709401709402,-124,-1.0598290598290598,1.9059829059830304,0.5,9.600000000000364,3.4606837606838043,2.5,20.0,-128.0
8,3,False,True,0,29,99,18,81,0,18,81,0.18181818181818182,-99,-1.0,2.990909090909168,1.6999999999989086,10.399999999999636,4.551515151515247,3.600000000000364,20.0,-109.0
8,4,True,True,0,60,206,47,157,2,47,157,0.22815533980582525,-252.0,-1.2233009708737863,3.5893203883495657,1.75,28.200000000000728,6.045145631068002,4.600000000000364,26.700000000000728,-260.0
8,5,True,True,0,80,186,53,131,2,53,131,0.2849462365591398,-231.0,-1.2419354838709677,4.18010752688172,2.5999999999994543,28.200000000000728,6.766129032258124,5.650000000000546,26.700000000000728,-237.0
8,6,True,True,0,86,180,54,123,3,54,123,0.3,-306.0,-1.7,4.487777777777754,2.9000000000005457,28.200000000000728,7.496666666666675,6.649999999999636,26.700000000000728,-310.0
8,7,True,True,0,95,171,56,111,4,56,112,0.32748538011695905,-332.0,-1.9415204678362572,4.79532163742688,3.899999999999636,28.200000000000728,8.033918128655008,7.5,26.700000000000728,-346.0
8,8,True,True,0,107,159,58,97,4,58,98,0.36477987421383645,-315.0,-1.9811320754716981,5.167924528301868,4.600000000000364,28.200000000000728,8.50000000000001,8.799999999999272,26.700000000000728,-328.0
8,9,True,True,0,111,155,56,95,4,56,96,0.36129032258064514,-410.0,-2.6451612903225805,5.181290322580613,4.600000000000364,28.200000000000728,9.00709677419355,9.5,26.700000000000728,-423.0
8,10,True,True,0,125,141,53,84,4,53,85,0.375886524822695,-419.0,-2.971631205673759,5.381560283687913,5.0,28.200000000000728,9.67801418439718,10.399999999999636,32.400000000001455,-432.0
8,11,True,True,0,129,137,56,78,3,56,79,0.40875912408759124,-413.0,-3.0145985401459856,5.548905109489003,5.200000000000728,28.200000000000728,9.984671532846752,11.299999999999272,32.400000000001455,-426.0
8,12,True,True,0,140,126,58,65,3,58,66,0.4603174603174603,-319.0,-2.5317460317460316,6.024603174603149,6.149999999999636,28.200000000000728,10.350000000000017,12.0,32.400000000001455,-348.0
8,13,True,True,0,142,124,57,64,3,57,65,0.4596774193548387,-379.0,-3.056451612903226,5.913709677419335,6.199999999999818,28.200000000000728,10.991129032258062,13.149999999999636,32.400000000001455,-412.0
8,14,True,True,0,150,116,54,58,4,54,59,0.46551724137931033,-383.0,-3.3017241379310347,6.290517241379332,6.949999999999818,28.200000000000728,11.412068965517266,14.050000000000182,32.400000000001455,-402.0
8,15,True,True,0,155,111,56,51,4,56,52,0.5045045045045045,-320.0,-2.8828828828828827,6.785585585585609,8.100000000000364,28.69999999999891,11.569369369369392,14.200000000000728,32.400000000001455,-345.0
8,16,True,True,0,158,108,58,47,3,58,48,0.5370370370370371,-291.0,-2.6944444444444446,6.9981481481481245,8.200000000000728,28.69999999999891,11.762962962963044,13.800000000000182,32.400000000001455,-312.0
10,2,False,True,0,19,109,7,102,0,7,102,0.06422018348623854,-134,-1.2293577981651376,1.9302752293578782,0.3000000000010914,11.100000000000364,3.5642201834863054,2.600000000000364,20.0,-150.0
10,3,False,True,0,41,87,12,74,1,13,74,0.14942528735632185,-94.5,-1.0862068965517242,3.1931034482758744,1.5,11.600000000000364,4.713793103448427,3.6999999999989086,20.0,-117.0
10,4,True,True,0,75,191,41,146,4,42,146,0.2198952879581152,-166.5,-0.8717277486910995,4.062827225130909,1.7000000000007276,28.200000000000728,6.3544502617801655,4.700000000000728,26.700000000000728,-184.0
10,5,True,True,0,91,175,42,129,4,43,129,0.24571428571428572,-217.5,-1.2428571428571429,4.567999999999987,2.5,28.200000000000728,7.0874285714286405,5.799999999999272,26.700000000000728,-225.0
10,6,True,True,0,98,168,43,121,4,44,121,0.2619047619047619,-288.5,-1.7172619047619047,4.8553571428571365,2.9000000000005457,28.200000000000728,7.7363095238095285,6.699999999998909,26.700000000000728,-294.0
10,7,True,True,0,110,156,44,107,5,45,108,0.28846153846153844,-304.5,-1.9519230769230769,5.192307692307657,3.800000000000182,28.200000000000728,8.407692307692368,7.600000000000364,26.700000000000728,-322.0
10,8,True,True,0,120,146,46,95,5,47,96,0.3219178082191781,-295.5,-2.0239726027397262,5.532876712328725,4.050000000000182,28.200000000000728,8.888356164383604,8.949999999999818,26.700000000000728,-312.0
10,9,True,True,0,122,144,45,94,5,46,95,0.3194444444444444,-391.5,-2.71875,5.498611111111068,4.050000000000182,28.200000000000728,9.321527777777797,9.699999999999818,26.700000000000728,-407.0
10,10,True,True,0,134,132,42,87,3,43,88,0.32575757575757575,-445.5,-3.375,5.569696969696934,4.850000000001273,28.200000000000728,10.223484848484862,10.650000000000546,32.400000000001455,-460.0
10,11,True,True,0,137,129,44,82,3,45,83,0.3488372093023256,-457.5,-3.546511627906977,5.682170542635602,5.0,28.200000000000728,10.527131782945778,11.5,32.400000000001455,-472.0
10,12,True,True,0,146,120,44,73,3,45,74,0.375,-431.5,-3.595833333333333,6.124166666666634,5.399999999999636,28.200000000000728,10.920000000000043,12.299999999999272,32.400000000001455,-460.0
10,13,True,True,0,145,121,46,71,4,47,72,0.3884297520661157,-458.5,-3.7892561983471076,6.270247933884258,5.599999999998545,28.200000000000728,11.348760330578578,13.400000000001455,32.400000000001455,-514.0
10,14,True,True,0,152,114,46,64,4,47,65,0.41228070175438597,-431.5,-3.7850877192982457,6.631578947368421,6.149999999999636,28.200000000000728,11.652631578947428,14.200000000000728,32.400000000001455,-464.0
10,15,True,True,0,158,108,48,56,4,49,57,0.4537037037037037,-355.5,-3.2916666666666665,7.224074074074064,8.699999999998909,28.69999999999891,11.837962962963013,15.100000000000364,32.400000000001455,-390.0
10,16,True,True,0,162,104,48,53,3,49,54,0.47115384615384615,-363.5,-3.4951923076923075,7.276923076923017,8.699999999998909,28.69999999999891,12.29038461538471,16.150000000000546,32.400000000001455,-394.0
