tp,sl,broker_valid_gbp_current,broker_valid_eur_current,taken,TP,SL,UNR,wins,losses,win_rate,net_pips,net_per_trade,mfe_mean,mfe_med,mfe_max,mae_mean,mae_med,mae_max,max_dd
5,2,False,True,128,21,107,0,21,107,0.1640625,-109,-0.8515625,1.7171875000000512,0.5500000000001819,8.800000000001091,3.2210937500000796,2.400000000001455,20.0,-115.0
5,3,False,True,128,35,93,0,35,93,0.2734375,-104,-0.8125,2.585937499999986,1.7999999999992724,11.899999999999636,4.132031250000139,3.5,20.0,-118.0
5,4,True,True,266,85,179,2,85,179,0.31954887218045114,-291.0,-1.093984962406015,3.0541353383458496,2.1500000000005457,28.200000000000728,5.375187969924871,4.399999999999636,26.700000000000728,-295.0
5,5,True,True,266,99,165,2,99,165,0.37218045112781956,-330.0,-1.2406015037593985,3.3206766917293002,2.8499999999994543,28.200000000000728,5.9195488721805205,5.200000000000728,26.700000000000728,-335.0
5,6,True,True,266,106,157,3,106,157,0.39849624060150374,-412.0,-1.5488721804511278,3.5661654135338017,3.5000000000009095,28.200000000000728,6.547368421052674,6.300000000001091,27.200000000000728,-413.0
5,7,True,True,266,113,150,3,113,150,0.424812030075188,-485.0,-1.8233082706766917,3.687218045112752,4.0,28.200000000000728,6.954511278195563,7.149999999999636,27.200000000000728,-486.0
5,8,True,True,266,121,141,4,121,142,0.4548872180451128,-529.7000000000007,-1.9913533834586494,3.858270676691706,4.300000000000182,28.200000000000728,7.361278195488778,8.100000000000364,27.200000000000728,-530.0
5,9,True,True,266,123,139,4,123,140,0.462406015037594,-642.7000000000007,-2.4161654135338373,3.8943609022556105,4.550000000000182,28.200000000000728,7.7503759398496666,9.050000000000182,27.200000000000728,-642.7000000000007
5,10,True,True,266,132,129,5,132,130,0.49624060150375937,-636.7000000000007,-2.3936090225563937,4.05187969924809,5.0,28.200000000000728,8.221052631578985,9.900000000000546,32.400000000001455,-636.7000000000007
5,11,True,True,266,140,120,6,140,122,0.5263157894736842,-632.8000000000011,-2.378947368421057,4.2334586466165085,5.049999999999272,28.200000000000728,8.546616541353451,9.900000000000546,32.400000000001455,-636.0
5,12,True,True,266,150,110,6,150,112,0.5639097744360902,-582.8000000000011,-2.1909774436090266,4.485714285714268,5.100000000000364,28.200000000000728,8.853759398496269,9.900000000000546,32.400000000001455,-604.0
5,13,True,True,266,156,103,7,156,105,0.5864661654135338,-571.8000000000011,-2.14962406015038,4.6093984962405825,5.100000000000364,28.200000000000728,9.318796992481234,9.900000000000546,32.400000000001455,-590.0
5,14,True,True,266,160,98,8,160,100,0.6015037593984962,-584.8000000000011,-2.198496240601508,4.766541353383451,5.199999999998909,28.200000000000728,9.608270676691761,9.900000000000546,32.400000000001455,-612.0
5,15,True,True,266,164,94,8,164,96,0.6165413533834586,-602.8000000000011,-2.2661654135338387,4.8169172932330735,5.200000000000728,28.200000000000728,9.899999999999991,9.900000000000546,32.400000000001455,-625.0
5,16,True,True,266,169,90,7,169,92,0.6353383458646616,-607.8000000000011,-2.2849624060150417,4.9071428571428335,5.200000000000728,28.200000000000728,10.160902255639101,9.900000000000546,32.400000000001455,-625.0
8,2,False,True,128,13,115,0,13,115,0.1015625,-126,-0.984375,1.961718750000088,0.5500000000001819,9.899999999999636,3.3609375000000625,2.5,20.0,-128.0
8,3,False,True,128,24,104,0,24,104,0.1875,-120,-0.9375,3.0773437500000256,1.7999999999992724,11.899999999999636,4.400781250000108,3.5,20.0,-135.0
8,4,True,True,266,64,200,2,64,200,0.24060150375939848,-288.0,-1.0827067669172932,3.719172932330831,2.1500000000005457,28.200000000000728,5.679699248120346,4.549999999999272,26.700000000000728,-296.0
8,5,True,True,266,76,188,2,76,188,0.2857142857142857,-332.0,-1.2481203007518797,4.189849624060137,2.8499999999994543,28.200000000000728,6.34210526315795,5.5,26.700000000000728,-340.0
8,6,True,True,266,83,179,4,83,179,0.31203007518796994,-410.0,-1.5413533834586466,4.590977443608991,3.5000000000009095,28.200000000000728,7.077443609022578,6.599999999998545,27.200000000000728,-412.0
8,7,True,True,266,90,171,5,90,172,0.3383458646616541,-480.0,-1.8045112781954886,4.786466165413509,4.0,28.200000000000728,7.54661654135343,7.399999999999636,27.200000000000728,-480.0
8,8,True,True,266,99,161,6,99,163,0.37218045112781956,-505.7000000000007,-1.901127819548875,5.059398496240585,4.300000000000182,28.200000000000728,8.0199248120301,8.299999999999272,27.200000000000728,-505.7000000000007
8,9,True,True,266,100,160,6,100,162,0.37593984962406013,-649.7000000000007,-2.4424812030075214,5.113909774436074,4.550000000000182,28.200000000000728,8.462781954887234,9.399999999999636,27.200000000000728,-649.7000000000007
8,10,True,True,266,108,150,8,108,152,0.40601503759398494,-645.7000000000007,-2.4274436090225593,5.401879699248119,5.199999999999818,28.200000000000728,9.083834586466184,10.300000000001091,32.400000000001455,-645.7000000000007
8,11,True,True,266,118,140,8,118,143,0.44360902255639095,-611.8000000000011,-2.3000000000000043,5.700751879699247,5.849999999999454,28.200000000000728,9.464661654135387,11.099999999999454,32.400000000001455,-621.0
8,12,True,True,266,131,127,8,131,130,0.4924812030075188,-491.8000000000011,-1.8488721804511319,6.076691729323307,8.0,28.200000000000728,9.82406015037595,11.75000000000091,32.400000000001455,-556.0
8,13,True,True,266,137,121,8,137,124,0.5150375939849624,-492.8000000000011,-1.8526315789473726,6.30526315789474,8.100000000000364,28.200000000000728,10.328571428571447,11.75000000000091,32.400000000001455,-572.0
8,14,True,True,266,141,116,9,141,119,0.5300751879699248,-511.8000000000011,-1.924060150375944,6.498496240601512,8.199999999998909,28.200000000000728,10.687593984962419,11.75000000000091,32.400000000001455,-592.0
8,15,True,True,266,145,112,9,145,115,0.5451127819548872,-535.8000000000011,-2.0142857142857182,6.663157894736854,8.199999999998909,28.69999999999891,11.049999999999983,11.75000000000091,32.400000000001455,-584.0
8,16,True,True,266,151,107,8,151,110,0.5676691729323309,-519.8000000000011,-1.9541353383458688,6.834962406015039,8.25,28.69999999999891,11.390225563909764,11.75000000000091,32.400000000001455,-568.0
10,2,False,True,128,11,117,0,11,117,0.0859375,-124,-0.96875,2.1656250000000625,0.5500000000001819,12.899999999999636,3.378906250000057,2.5,20.0,-132.0
10,3,False,True,128,20,107,1,21,107,0.1640625,-113.5,-0.88671875,3.389062500000037,1.7999999999992724,12.899999999999636,4.442968750000119,3.600000000000364,20.0,-134.0
10,4,True,True,266,59,203,4,60,203,0.22556390977443608,-214.5,-0.806390977443609,4.155263157894762,2.1500000000005457,28.200000000000728,5.822556390977495,4.600000000000364,26.700000000000728,-230.0
10,5,True,True,266,67,194,5,68,194,0.2556390977443609,-292.5,-1.099624060150376,4.744736842105285,2.8499999999994543,29.5,6.512406015037652,5.600000000000364,26.700000000000728,-300.0
10,6,True,True,266,73,186,7,74,186,0.2781954887218045,-378.5,-1.4229323308270676,5.20000000000001,3.5000000000009095,29.5,7.272556390977478,6.600000000000364,27.200000000000728,-378.5
10,7,True,True,266,79,178,9,80,179,0.3007518796992481,-451.5,-1.6973684210526316,5.449624060150384,4.0,29.5,7.85263157894742,7.5,27.200000000000728,-452.0
10,8,True,True,266,87,169,10,88,171,0.3308270676691729,-484.2000000000007,-1.820300751879702,5.750751879699265,4.300000000000182,29.5,8.362030075188,8.5,27.200000000000728,-484.2000000000007
10,9,True,True,266,90,167,9,91,169,0.34210526315789475,-605.2000000000007,-2.275187969924815,5.810526315789495,4.550000000000182,29.5,8.828947368421073,9.399999999999636,27.200000000000728,-605.2000000000007
10,10,True,True,266,99,158,9,100,160,0.37593984962406013,-592.2000000000007,-2.226315789473687,6.167669172932366,5.199999999999818,29.5,9.471428571428591,10.399999999999636,32.400000000001455,-592.2000000000007
10,11,True,True,266,109,148,9,110,151,0.41353383458646614,-546.3000000000011,-2.053759398496245,6.512030075188007,5.849999999999454,29.5,9.857894736842155,11.199999999999818,32.400000000001455,-579.0
10,12,True,True,266,120,137,9,121,140,0.4548872180451128,-452.3000000000011,-1.700375939849628,6.944360902255669,8.5,29.5,10.2733082706767,12.099999999999454,32.400000000001455,-576.0
10,13,True,True,266,126,131,9,127,134,0.4774436090225564,-451.3000000000011,-1.6966165413533876,7.211654135338377,9.5,29.5,10.800000000000024,13.0,32.400000000001455,-598.0
10,14,True,True,266,130,126,10,131,129,0.4924812030075188,-472.3000000000011,-1.7755639097744402,7.427067669172975,10.0,29.5,11.179323308270693,13.699999999998909,32.400000000001455,-624.0
10,15,True,True,266,134,122,10,135,125,0.5075187969924813,-498.3000000000011,-1.873308270676696,7.615789473684249,10.0,29.5,11.586842105263145,13.699999999998909,32.400000000001455,-625.0
10,16,True,True,266,139,117,10,140,121,0.5263157894736842,-501.5000000000018,-1.8853383458646684,7.809022556391008,10.0,29.5,11.948872180451126,13.699999999998909,32.400000000001455,-634.0
