tp,sl,pair,direction,broker_valid_current,broker_valid_bot,taken,TP,SL,UNR,wins,losses,win_rate,net_pips,net_per_trade,mfe_mean,mfe_med,mfe_max,mae_mean,mae_med,mae_max,max_dd
5,2,GBPUSD,BOTH,False,False,0,0,0,0,0,0,0.0,0,0.0,0.0,0.0,0.0,0.0,0.0,0.0,0.0
5,2,EURUSD,BOTH,True,False,128,21,107,0,21,107,0.1640625,-109,-0.8515625,1.7171875000000512,0.5500000000001819,8.800000000001091,3.2210937500000796,2.400000000001455,20.0,-115.0
5,3,GBPUSD,BOTH,False,False,0,0,0,0,0,0,0.0,0,0.0,0.0,0.0,0.0,0.0,0.0,0.0,0.0
5,3,EURUSD,BOTH,True,False,128,35,93,0,35,93,0.2734375,-104,-0.8125,2.585937499999986,1.7999999999992724,11.899999999999636,4.132031250000139,3.5,20.0,-118.0
5,4,GBPUSD,BOTH,True,False,138,41,95,2,41,95,0.2971014492753623,-175.0,-1.2681159420289856,3.013768115942013,1.8500000000003638,28.200000000000728,6.055072463768118,4.400000000001455,26.700000000000728,-175.0
5,4,EURUSD,BOTH,True,False,128,44,84,0,44,84,0.34375,-116,-0.90625,3.097656249999986,2.6999999999989086,17.799999999999272,4.642187500000119,4.299999999999272,20.0,-129.0
5,5,GBPUSD,BOTH,True,False,138,48,88,2,48,88,0.34782608695652173,-200.0,-1.4492753623188406,3.194927536231855,2.5,28.200000000000728,6.723188405797136,5.399999999999636,26.700000000000728,-205.0
5,5,EURUSD,BOTH,True,False,128,51,77,0,51,77,0.3984375,-130,-1.015625,3.456249999999983,3.7000000000007276,17.799999999999272,5.053125000000108,5.100000000000364,20.0,-140.0
5,6,GBPUSD,BOTH,True,False,138,53,83,2,53,83,0.38405797101449274,-233.0,-1.6884057971014492,3.494202898550677,2.899999999999636,28.200000000000728,7.276811594202891,6.549999999999272,26.700000000000728,-233.0
5,6,EURUSD,BOTH,True,True,128,53,74,1,53,74,0.4140625,-179.0,-1.3984375,3.643749999999983,3.949999999999818,17.799999999999272,5.760937500000097,6.200000000000728,27.200000000000728,-188.0
5,7,GBPUSD,BOTH,True,False,138,55,81,2,55,81,0.39855072463768115,-292.0,-2.1159420289855073,3.5702898550724163,3.050000000000182,28.200000000000728,7.670289855072516,7.299999999999272,26.700000000000728,-295.0
5,7,EURUSD,BOTH,True,True,128,58,69,1,58,69,0.453125,-193.0,-1.5078125,3.8132812499999886,4.400000000000546,17.799999999999272,6.182812500000097,7.100000000000364,27.200000000000728,-201.0
5,8,GBPUSD,BOTH,True,False,138,59,77,2,59,77,0.427536231884058,-321.0,-2.3260869565217392,3.77536231884054,3.899999999999636,28.200000000000728,8.074637681159441,8.199999999999818,26.700000000000728,-323.0
5,8,EURUSD,BOTH,True,True,128,62,64,2,62,65,0.484375,-208.70000000000073,-1.6304687500000057,3.9476562499999943,4.75,17.799999999999272,6.592187500000094,8.0,27.200000000000728,-215.70000000000073
5,9,GBPUSD,BOTH,True,False,138,60,76,2,60,76,0.43478260869565216,-384.0,-2.782608695652174,3.8115942028985113,4.0,28.200000000000728,8.388405797101479,9.149999999999636,26.700000000000728,-385.0
5,9,EURUSD,BOTH,True,True,128,63,63,2,63,64,0.4921875,-258.7000000000007,-2.0210937500000057,3.983593749999983,4.900000000000546,17.799999999999272,7.062500000000057,8.949999999999818,27.200000000000728,-264.7000000000007
5,10,GBPUSD,BOTH,True,False,138,64,71,3,64,71,0.463768115942029,-390.0,-2.8260869565217392,3.9594202898550304,4.649999999999636,28.200000000000728,9.034057971014537,10.25,32.400000000001455,-390.0
5,10,EURUSD,BOTH,True,True,128,68,58,2,68,59,0.53125,-246.70000000000073,-1.9273437500000057,4.151562499999983,5.099999999998545,17.799999999999272,7.344531250000031,8.949999999999818,27.200000000000728,-251.70000000000073
5,11,GBPUSD,BOTH,True,False,138,67,67,4,67,68,0.4855072463768116,-408.10000000000036,-2.9572463768115966,4.11666666666663,5.0,28.200000000000728,9.327536231884116,11.0,32.400000000001455,-416.0
5,11,EURUSD,BOTH,True,True,128,73,53,2,73,54,0.5703125,-224.70000000000073,-1.7554687500000057,4.359374999999972,5.100000000000364,17.799999999999272,7.704687500000077,8.949999999999818,27.200000000000728,-238.70000000000073
5,12,GBPUSD,BOTH,True,True,138,71,63,4,71,64,0.5144927536231884,-407.10000000000036,-2.950000000000003,4.335507246376793,5.0,28.200000000000728,9.60289855072467,11.149999999999636,32.400000000001455,-415.0
5,12,EURUSD,BOTH,True,True,128,79,47,2,79,48,0.6171875,-175.70000000000073,-1.3726562500000057,4.647656249999983,5.149999999999636,17.799999999999272,8.046093750000026,8.949999999999818,27.200000000000728,-211.0
5,13,GBPUSD,BOTH,True,True,138,72,62,4,72,63,0.5217391304347826,-452.10000000000036,-3.2760869565217416,4.387681159420277,5.0,28.200000000000728,10.050724637681212,11.149999999999636,32.400000000001455,-458.0
5,13,EURUSD,BOTH,True,True,128,84,41,3,84,42,0.65625,-119.70000000000073,-0.9351562500000057,4.848437499999974,5.200000000000728,17.799999999999272,8.529687500000009,8.949999999999818,31.600000000000364,-170.0
5,14,GBPUSD,BOTH,True,True,138,72,61,5,72,62,0.5217391304347826,-500.10000000000036,-3.6239130434782636,4.558695652173916,5.049999999999272,28.200000000000728,10.434057971014557,11.149999999999636,32.400000000001455,-505.0
5,14,EURUSD,BOTH,True,True,128,88,37,3,88,38,0.6875,-84.70000000000073,-0.6617187500000057,4.99062499999998,5.200000000000728,17.799999999999272,8.717968749999997,8.949999999999818,31.600000000000364,-169.0
5,15,GBPUSD,BOTH,True,True,138,73,60,5,73,61,0.5289855072463768,-541.1000000000004,-3.921014492753626,4.576086956521739,5.099999999998545,28.200000000000728,10.751449275362363,11.149999999999636,32.400000000001455,-545.0
5,15,EURUSD,BOTH,True,True,128,91,34,3,91,35,0.7109375,-61.70000000000073,-0.4820312500000057,5.07656249999998,5.300000000001091,17.799999999999272,8.982031249999935,8.949999999999818,31.600000000000364,-170.0
5,16,GBPUSD,BOTH,True,True,138,76,58,4,76,59,0.5507246376811594,-554.1000000000004,-4.0152173913043505,4.628985507246358,5.100000000000364,28.200000000000728,10.952898550724717,11.149999999999636,32.400000000001455,-558.0
5,16,EURUSD,BOTH,True,True,128,93,32,3,93,33,0.7265625,-53.70000000000073,-0.4195312500000057,5.207031249999972,5.350000000000364,17.799999999999272,9.307031249999923,8.949999999999818,31.600000000000364,-149.0
8,2,GBPUSD,BOTH,False,False,0,0,0,0,0,0,0.0,0,0.0,0.0,0.0,0.0,0.0,0.0,0.0,0.0
8,2,EURUSD,BOTH,True,False,128,13,115,0,13,115,0.1015625,-126,-0.984375,1.961718750000088,0.5500000000001819,9.899999999999636,3.3609375000000625,2.5,20.0,-128.0
8,3,GBPUSD,BOTH,False,False,0,0,0,0,0,0,0.0,0,0.0,0.0,0.0,0.0,0.0,0.0,0.0,0.0
8,3,EURUSD,BOTH,True,False,128,24,104,0,24,104,0.1875,-120,-0.9375,3.0773437500000256,1.7999999999992724,11.899999999999636,4.400781250000108,3.5,20.0,-135.0
8,4,GBPUSD,BOTH,True,False,138,32,104,2,32,104,0.2318840579710145,-160.0,-1.1594202898550725,3.702173913043489,1.8500000000003638,28.200000000000728,6.311594202898551,4.649999999999636,26.700000000000728,-168.0
8,4,EURUSD,BOTH,True,False,128,32,96,0,32,96,0.25,-128,-1.0,3.737499999999997,2.6999999999989086,17.799999999999272,4.998437500000094,4.5,20.0,-140.0
8,5,GBPUSD,BOTH,True,False,138,37,99,2,37,99,0.26811594202898553,-199.0,-1.4420289855072463,4.17681159420287,2.5,28.200000000000728,7.078985507246401,5.700000000000728,26.700000000000728,-207.0
8,5,EURUSD,BOTH,True,False,128,39,89,0,39,89,0.3046875,-133,-1.0390625,4.203906250000003,3.7000000000007276,17.799999999999272,5.547656250000088,5.349999999999454,20.0,-142.0
8,6,GBPUSD,BOTH,True,False,138,41,95,2,41,95,0.2971014492753623,-242.0,-1.7536231884057971,4.570289855072403,2.899999999999636,28.200000000000728,7.739855072463745,6.900000000000546,26.700000000000728,-244.0
8,6,EURUSD,BOTH,True,True,128,42,84,2,42,84,0.328125,-168.0,-1.3125,4.61328125,3.949999999999818,27.30000000000109,6.363281250000071,6.350000000000364,27.200000000000728,-174.0
8,7,GBPUSD,BOTH,True,False,138,42,93,3,42,94,0.30434782608695654,-318.0,-2.3043478260869565,4.667391304347762,3.050000000000182,28.200000000000728,8.202173913043515,7.5,26.700000000000728,-318.0
8,7,EURUSD,BOTH,True,True,128,48,78,2,48,78,0.375,-162.0,-1.265625,4.914843750000017,4.400000000000546,27.30000000000109,6.839843750000057,7.299999999999272,27.200000000000728,-165.0
8,8,GBPUSD,BOTH,True,False,138,46,89,3,46,90,0.3333333333333333,-347.0,-2.5144927536231885,4.936231884057911,3.899999999999636,28.200000000000728,8.671014492753626,8.850000000000364,26.700000000000728,-355.0
8,8,EURUSD,BOTH,True,True,128,53,72,3,53,73,0.4140625,-158.70000000000073,-1.2398437500000057,5.192187500000031,4.75,27.30000000000109,7.317968750000048,8.100000000000364,27.200000000000728,-160.0
8,9,GBPUSD,BOTH,True,False,138,46,89,3,46,90,0.3333333333333333,-436.0,-3.1594202898550723,4.972463768115881,4.0,28.200000000000728,9.02898550724639,9.399999999999636,26.700000000000728,-441.0
8,9,EURUSD,BOTH,True,True,128,54,71,3,54,72,0.421875,-213.70000000000073,-1.6695312500000057,5.266406250000031,5.0,27.30000000000109,7.852343750000017,9.25000000000091,27.200000000000728,-215.0
8,10,GBPUSD,BOTH,True,False,138,50,84,4,50,85,0.36231884057971014,-443.0,-3.210144927536232,5.249275362318798,4.649999999999636,28.200000000000728,9.771739130434822,10.599999999999454,32.400000000001455,-445.0
8,10,EURUSD,BOTH,True,True,128,58,66,4,58,67,0.453125,-202.70000000000073,-1.5835937500000057,5.566406250000043,5.450000000000728,27.30000000000109,8.342187499999994,10.100000000000364,28.100000000000364,-204.0
8,11,GBPUSD,BOTH,True,False,138,54,79,5,54,81,0.391304347826087,-446.10000000000036,-3.2326086956521767,5.474637681159381,5.050000000000182,28.200000000000728,10.163768115942084,11.299999999999272,32.400000000001455,-458.0
8,11,EURUSD,BOTH,True,True,128,64,61,3,64,62,0.5,-165.70000000000073,-1.2945312500000057,5.94453125000004,8.0,27.30000000000109,8.710937500000043,10.75,28.100000000000364,-214.0
8,12,GBPUSD,BOTH,True,True,138,60,73,5,60,75,0.43478260869565216,-405.10000000000036,-2.9355072463768144,5.776811594202864,6.149999999999636,28.200000000000728,10.505797101449284,12.199999999998909,32.400000000001455,-432.0
8,12,EURUSD,BOTH,True,True,128,71,54,3,71,55,0.5546875,-86.70000000000073,-0.6773437500000057,6.400000000000034,8.199999999998909,27.30000000000109,9.089062500000011,10.75,28.100000000000364,-216.0
8,13,GBPUSD,BOTH,True,True,138,61,72,5,61,74,0.4420289855072464,-457.10000000000036,-3.312318840579713,5.838405797101415,6.599999999999454,28.200000000000728,11.002173913043512,13.199999999998909,32.400000000001455,-481.0
8,13,EURUSD,BOTH,True,True,128,76,49,3,76,50,0.59375,-35.70000000000073,-0.2789062500000057,6.808593750000043,8.25,27.30000000000109,9.602343750000003,10.75,31.600000000000364,-185.0
8,14,GBPUSD,BOTH,True,True,138,61,71,6,61,73,0.4420289855072464,-515.1000000000004,-3.7326086956521767,6.009420289855054,6.899999999999636,28.200000000000728,11.45869565217396,14.200000000000728,32.400000000001455,-536.0
8,14,EURUSD,BOTH,True,True,128,80,45,3,80,46,0.625,3.2999999999992724,0.025781249999994316,7.025781250000037,8.299999999999272,27.30000000000109,9.856249999999974,10.75,31.600000000000364,-182.0
8,15,GBPUSD,BOTH,True,True,138,63,69,6,63,71,0.45652173913043476,-540.1000000000004,-3.9137681159420317,6.1934782608695444,7.149999999999636,28.69999999999891,11.837681159420333,15.100000000000364,32.400000000001455,-558.0
8,15,EURUSD,BOTH,True,True,128,82,43,3,82,44,0.640625,4.299999999999272,0.033593749999994316,7.169531250000048,8.299999999999272,27.30000000000109,10.20078124999992,10.75,31.600000000000364,-184.0
8,16,GBPUSD,BOTH,True,True,138,66,67,5,66,69,0.4782608695652174,-553.1000000000004,-4.007971014492756,6.360144927536197,7.949999999999818,28.69999999999891,12.105072463768195,16.049999999999272,32.400000000001455,-568.0
8,16,EURUSD,BOTH,True,True,128,85,40,3,85,41,0.6640625,33.29999999999927,0.2601562499999943,7.34687500000004,8.350000000000364,27.30000000000109,10.619531249999895,10.75,31.600000000000364,-176.0
10,2,GBPUSD,BOTH,False,False,0,0,0,0,0,0,0.0,0,0.0,0.0,0.0,0.0,0.0,0.0,0.0,0.0
10,2,EURUSD,BOTH,True,False,128,11,117,0,11,117,0.0859375,-124,-0.96875,2.1656250000000625,0.5500000000001819,12.899999999999636,3.378906250000057,2.5,20.0,-132.0
10,3,GBPUSD,BOTH,False,False,0,0,0,0,0,0,0.0,0,0.0,0.0,0.0,0.0,0.0,0.0,0.0,0.0
10,3,EURUSD,BOTH,True,False,128,20,107,1,21,107,0.1640625,-113.5,-0.88671875,3.389062500000037,1.7999999999992724,12.899999999999636,4.442968750000119,3.600000000000364,20.0,-134.0
10,4,GBPUSD,BOTH,True,False,138,31,105,2,31,105,0.2246376811594203,-110.0,-0.7971014492753623,4.146376811594208,1.8500000000003638,28.200000000000728,6.3478260869565215,4.699999999998909,26.700000000000728,-136.0
10,4,EURUSD,BOTH,True,False,128,28,98,2,29,98,0.2265625,-104.5,-0.81640625,4.1648437500000455,2.6999999999989086,17.799999999999272,5.256250000000108,4.550000000000182,24.899999999999636,-120.0
10,5,GBPUSD,BOTH,True,False,138,35,101,2,35,101,0.2536231884057971,-155.0,-1.1231884057971016,4.627536231884034,2.5,28.200000000000728,7.121739130434804,5.75,26.700000000000728,-165.0
10,5,EURUSD,BOTH,True,False,128,32,93,3,33,93,0.2578125,-137.5,-1.07421875,4.871093750000071,3.7000000000007276,29.5,5.8554687500000995,5.5,24.899999999999636,-150.0
10,6,GBPUSD,BOTH,True,False,138,38,98,2,38,98,0.2753623188405797,-208.0,-1.5072463768115942,5.069565217391254,2.899999999999636,28.200000000000728,7.801449275362308,6.900000000000546,26.700000000000728,-210.0
10,6,EURUSD,BOTH,True,True,128,35,88,5,36,88,0.28125,-170.5,-1.33203125,5.340625000000074,3.949999999999818,29.5,6.702343750000082,6.5,27.200000000000728,-180.0
10,7,GBPUSD,BOTH,True,False,138,39,96,3,39,97,0.2826086956521739,-285.0,-2.0652173913043477,5.182608695652113,3.050000000000182,28.200000000000728,8.31594202898555,7.650000000000546,26.700000000000728,-288.0
10,7,EURUSD,BOTH,True,True,128,40,82,6,41,82,0.3203125,-166.5,-1.30078125,5.737500000000082,4.400000000000546,29.5,7.3531250000000625,7.450000000000728,27.200000000000728,-173.0
10,8,GBPUSD,BOTH,True,False,138,43,92,3,43,93,0.3115942028985507,-309.0,-2.239130434782609,5.473913043478192,3.899999999999636,28.200000000000728,8.78478260869566,8.899999999999636,26.700000000000728,-310.0
10,8,EURUSD,BOTH,True,True,128,44,77,7,45,78,0.3515625,-175.20000000000073,-1.3687500000000057,6.049218750000108,4.75,29.5,7.906250000000057,8.349999999999454,27.200000000000728,-180.0
10,9,GBPUSD,BOTH,True,False,138,44,91,3,44,92,0.3188405797101449,-382.0,-2.7681159420289854,5.520289855072406,4.0,28.200000000000728,9.148550724637694,9.399999999999636,26.700000000000728,-382.0
10,9,EURUSD,BOTH,True,True,128,46,76,6,47,77,0.3671875,-223.20000000000073,-1.7437500000000057,6.123437500000108,5.0,29.5,8.484375000000028,9.449999999999818,27.200000000000728,-226.0
10,10,GBPUSD,BOTH,True,False,138,49,86,3,49,87,0.35507246376811596,-373.0,-2.7028985507246377,5.861594202898509,4.649999999999636,28.200000000000728,9.903623188405842,10.650000000000546,32.400000000001455,-383.0
10,10,EURUSD,BOTH,True,True,128,50,72,6,51,73,0.3984375,-219.20000000000073,-1.7125000000000057,6.497656250000119,5.450000000000728,29.5,9.005468749999991,10.350000000000364,28.100000000000364,-220.0
10,11,GBPUSD,BOTH,True,False,138,53,81,4,53,83,0.38405797101449274,-370.10000000000036,-2.681884057971017,6.160144927536195,5.050000000000182,28.200000000000728,10.295652173913105,11.299999999999272,32.400000000001455,-415.0
10,11,EURUSD,BOTH,True,True,128,56,67,5,57,68,0.4453125,-176.20000000000073,-1.3765625000000057,6.8914062500001165,8.399999999999636,29.5,9.38593750000004,11.049999999999272,28.100000000000364,-218.0
10,12,GBPUSD,BOTH,True,True,138,58,76,4,58,78,0.42028985507246375,-341.10000000000036,-2.471739130434785,6.518840579710108,6.149999999999636,28.200000000000728,10.647826086956533,12.199999999998909,32.400000000001455,-414.0
10,12,EURUSD,BOTH,True,True,128,62,61,5,63,62,0.4921875,-111.20000000000073,-0.8687500000000057,7.403125000000102,10.0,29.5,9.869531250000009,11.850000000000364,28.100000000000364,-222.0
10,13,GBPUSD,BOTH,True,True,138,59,75,4,59,77,0.427536231884058,-394.10000000000036,-2.855797101449278,6.641304347826048,6.599999999999454,28.200000000000728,11.160144927536274,13.199999999999818,32.400000000001455,-453.0
10,13,EURUSD,BOTH,True,True,128,67,56,5,68,57,0.53125,-57.20000000000073,-0.4468750000000057,7.826562500000108,10.0,29.5,10.411718750000006,11.899999999999636,31.600000000000364,-199.0
10,14,GBPUSD,BOTH,True,True,138,59,74,5,59,76,0.427536231884058,-455.10000000000036,-3.2978260869565243,6.812318840579686,6.899999999999636,28.200000000000728,11.631884057971073,14.200000000000728,32.400000000001455,-500.0
10,14,EURUSD,BOTH,True,True,128,71,52,5,72,53,0.5625,-17.200000000000728,-0.13437500000000568,8.089843750000114,10.099999999998545,29.5,10.691406249999972,11.899999999999636,31.600000000000364,-196.0
10,15,GBPUSD,BOTH,True,True,138,61,72,5,61,74,0.4420289855072464,-479.10000000000036,-3.471739130434785,7.015942028985473,7.149999999999636,28.69999999999891,12.031884057971064,15.199999999998909,32.400000000001455,-515.0
10,15,EURUSD,BOTH,True,True,128,73,50,5,74,51,0.578125,-19.200000000000728,-0.15000000000000568,8.262500000000117,10.099999999999454,29.5,11.10703124999992,11.899999999999636,31.600000000000364,-200.0
10,16,GBPUSD,BOTH,True,True,138,64,70,4,64,72,0.463768115942029,-489.10000000000036,-3.5442028985507275,7.182608695652126,8.199999999999818,28.69999999999891,12.31086956521748,16.100000000000364,32.400000000001455,-522.0
10,16,EURUSD,BOTH,True,True,128,75,47,6,76,49,0.59375,-12.400000000001455,-0.09687500000001137,8.484375000000114,10.100000000000364,29.5,11.5585937499999,11.899999999999636,31.600000000000364,-208.0
