tp,sl,scope,taken,TP,SL,UNR,wins,losses,win_rate,net_pips,net_per_trade,mfe_mean,mfe_med,mfe_max,mae_mean,mae_med,mae_max,max_dd,skipped_two_slot,skipped_same_pair
5,2,unlimited,13,2,11,0,2,11,0.15384615384615385,-12,-0.9230769230769231,2.4461538461539303,1.5,8.800000000001091,3.0,2.899999999999636,5.0,-12.0,,
5,2,two_slot,13,2,11,0,2,11,0.15384615384615385,-12,-0.9230769230769231,2.4461538461539303,1.5,8.800000000001091,3.0,2.899999999999636,5.0,-12.0,0,0
5,3,unlimited,13,3,10,0,3,10,0.23076923076923078,-15,-1.1538461538461537,2.8153846153846436,1.7999999999992724,8.800000000001091,3.5538461538462096,3.5,5.899999999999636,-17.0,,
5,3,two_slot,13,3,10,0,3,10,0.23076923076923078,-15,-1.1538461538461537,2.8153846153846436,1.7999999999992724,8.800000000001091,3.5538461538462096,3.5,5.899999999999636,-17.0,0,0
5,4,unlimited,26,8,18,0,8,18,0.3076923076923077,-32,-1.2307692307692308,3.407692307692322,2.7499999999990905,9.0,4.146153846153818,4.150000000000546,8.199999999998909,-38.0,,
5,4,two_slot,23,8,15,0,8,15,0.34782608695652173,-20,-0.8695652173913043,3.769565217391257,3.2000000000007276,9.0,4.104347826086941,4.100000000000364,8.199999999998909,-26.0,0,3
5,5,unlimited,26,8,18,0,8,18,0.3076923076923077,-50,-1.9230769230769231,3.407692307692322,2.7499999999990905,9.0,5.14230769230765,5.25,10.0,-55.0,,
5,5,two_slot,22,8,14,0,8,14,0.36363636363636365,-30,-1.3636363636363635,3.7318181818181158,3.0,9.0,4.795454545454462,5.150000000000546,9.799999999999272,-35.0,0,4
5,6,unlimited,26,8,18,0,8,18,0.3076923076923077,-68,-2.6153846153846154,3.407692307692322,2.7499999999990905,9.0,6.376923076923119,7.150000000000546,11.300000000001091,-72.0,,
5,6,two_slot,20,8,12,0,8,12,0.4,-32,-1.6,3.875,3.7000000000007276,9.0,5.965000000000055,6.400000000000546,11.300000000001091,-36.0,0,6
5,7,unlimited,26,9,17,0,9,17,0.34615384615384615,-74,-2.8461538461538463,3.6076923076922798,3.0,9.0,6.5269230769231745,7.449999999999818,11.300000000001091,-78.0,,
5,7,two_slot,19,9,10,0,9,10,0.47368421052631576,-25,-1.3157894736842106,4.352631578947311,4.799999999999272,9.0,5.868421052631675,7.200000000000728,11.300000000001091,-37.0,0,7
5,8,unlimited,26,9,16,1,9,17,0.34615384615384615,-89.70000000000073,-3.450000000000028,3.6076923076922798,3.0,9.0,7.1576923076923915,8.199999999999818,11.700000000000728,-92.0,,
5,8,two_slot,19,9,9,1,9,10,0.47368421052631576,-33.70000000000073,-1.7736842105263542,4.352631578947311,4.799999999999272,9.0,6.131578947368517,7.5,11.700000000000728,-44.0,0,7
5,9,unlimited,26,10,15,1,10,16,0.38461538461538464,-91.70000000000073,-3.526923076923105,3.799999999999972,3.7000000000007276,9.0,7.592307692307679,9.25,12.399999999999636,-106.70000000000073,,
5,9,two_slot,18,8,9,1,8,10,0.4444444444444444,-47.70000000000073,-2.6500000000000403,4.066666666666505,4.5,9.0,7.272222222222202,8.599999999999454,12.399999999999636,-66.0,0,8
5,10,unlimited,26,11,14,1,11,15,0.4230769230769231,-91.70000000000073,-3.526923076923105,3.896153846153818,4.400000000000546,9.0,8.084615384615343,10.299999999999272,13.200000000000728,-106.70000000000073,,
5,10,two_slot,18,9,8,1,9,9,0.5,-41.70000000000073,-2.3166666666667073,4.205555555555394,4.899999999999636,9.0,7.766666666666627,8.99999999999909,13.200000000000728,-60.0,0,8
5,11,unlimited,26,12,12,2,12,14,0.46153846153846156,-84.80000000000109,-3.2615384615385037,4.296153846153804,4.699999999999818,9.5,8.226923076923063,10.350000000000364,13.200000000000728,-102.0,,
5,11,two_slot,18,9,8,1,9,9,0.5,-49.70000000000073,-2.7611111111111515,4.283333333333151,4.899999999999636,9.0,7.888888888888889,8.99999999999909,13.200000000000728,-68.0,0,8
5,12,unlimited,26,13,11,2,13,13,0.5,-79.80000000000109,-3.069230769230811,4.738461538461497,4.899999999999636,13.299999999999272,8.580769230769105,10.350000000000364,14.5,-102.0,,
5,12,two_slot,18,9,8,1,9,9,0.5,-57.70000000000073,-3.205555555555596,4.283333333333151,4.899999999999636,9.0,8.166666666666565,8.99999999999909,14.5,-76.0,0,8
5,13,unlimited,26,14,10,2,14,12,0.5384615384615384,-72.80000000000109,-2.800000000000042,5.011538461538364,5.0,13.299999999999272,9.103846153846042,10.350000000000364,16.099999999998545,-95.0,,
5,13,two_slot,18,9,8,1,9,9,0.5,-65.70000000000073,-3.6500000000000403,4.283333333333151,4.899999999999636,9.0,8.799999999999878,8.99999999999909,16.099999999998545,-84.0,0,8
5,14,unlimited,26,16,8,2,16,10,0.6153846153846154,-44.80000000000109,-1.7230769230769651,5.3653846153844755,5.2499999999990905,13.299999999999272,9.453846153846056,10.350000000000364,18.30000000000109,-79.0,,
5,14,two_slot,15,8,6,1,8,7,0.5333333333333333,-50.70000000000073,-3.3800000000000483,4.099999999999757,5.0,9.0,9.646666666666594,9.799999999999272,16.5,-69.0,0,11
5,15,unlimited,26,16,8,2,16,10,0.6153846153846154,-52.80000000000109,-2.030769230769273,5.3653846153844755,5.2499999999990905,13.299999999999272,9.996153846153693,10.350000000000364,19.30000000000109,-85.0,,
5,15,two_slot,16,10,5,1,10,6,0.625,-31.700000000000728,-1.9812500000000455,4.86874999999975,5.149999999999636,10.899999999999636,8.974999999999795,7.849999999999454,19.30000000000109,-60.0,0,10
5,16,unlimited,26,16,8,2,16,10,0.6153846153846154,-60.80000000000109,-2.3384615384615803,5.3653846153844755,5.2499999999990905,13.299999999999272,9.996153846153693,10.350000000000364,19.30000000000109,-91.0,,
5,16,two_slot,16,10,5,1,10,6,0.625,-36.70000000000073,-2.2937500000000455,4.86874999999975,5.149999999999636,10.899999999999636,8.974999999999795,7.849999999999454,19.30000000000109,-64.0,0,10
8,2,unlimited,13,2,11,0,2,11,0.15384615384615385,-6,-0.46153846153846156,2.4461538461539303,1.5,8.800000000001091,3.0,2.899999999999636,5.0,-12.0,,
8,2,two_slot,13,2,11,0,2,11,0.15384615384615385,-6,-0.46153846153846156,2.4461538461539303,1.5,8.800000000001091,3.0,2.899999999999636,5.0,-12.0,0,0
8,3,unlimited,13,3,10,0,3,10,0.23076923076923078,-6,-0.46153846153846156,3.023076923077007,1.7999999999992724,8.800000000001091,3.5538461538462096,3.5,5.899999999999636,-12.0,,
8,3,two_slot,12,3,9,0,3,9,0.25,-3,-0.25,3.275000000000091,1.7999999999992724,8.800000000001091,3.5,3.4000000000005457,5.899999999999636,-12.0,0,1
8,4,unlimited,26,7,19,0,7,19,0.2692307692307692,-20,-0.7692307692307693,3.780769230769273,2.7499999999990905,10.700000000000728,4.1884615384615245,4.25,8.199999999998909,-36.0,,
8,4,two_slot,21,6,15,0,6,15,0.2857142857142857,-12,-0.5714285714285714,4.180952380952347,3.2000000000007276,10.700000000000728,4.290476190476208,4.600000000000364,8.199999999998909,-32.0,0,5
8,5,unlimited,26,7,19,0,7,19,0.2692307692307692,-39,-1.5,3.780769230769273,2.7499999999990905,10.700000000000728,5.223076923076895,5.299999999999272,10.0,-51.0,,
8,5,two_slot,19,6,13,0,6,13,0.3157894736842105,-17,-0.8947368421052632,4.305263157894698,3.2000000000007276,10.700000000000728,5.126315789473761,5.200000000000728,9.799999999999272,-34.0,0,7
8,6,unlimited,26,7,19,0,7,19,0.2692307692307692,-58,-2.230769230769231,3.780769230769273,2.7499999999990905,10.700000000000728,6.492307692307734,7.150000000000546,11.300000000001091,-68.0,,
8,6,two_slot,18,6,12,0,6,12,0.3333333333333333,-24,-1.3333333333333333,4.233333333333273,2.949999999999818,10.700000000000728,6.261111111111252,6.5,11.300000000001091,-38.0,0,8
8,7,unlimited,26,7,18,1,7,19,0.2692307692307692,-73.0,-2.8076923076923075,3.980769230769231,3.0,10.700000000000728,6.773076923077007,7.5,11.300000000001091,-82.0,,
8,7,two_slot,16,6,9,1,6,10,0.375,-18.0,-1.125,4.974999999999909,5.049999999999272,10.700000000000728,6.306250000000205,7.400000000000546,11.300000000001091,-41.0,0,10
8,8,unlimited,26,7,17,2,7,19,0.2692307692307692,-89.70000000000073,-3.450000000000028,3.980769230769231,3.0,10.700000000000728,7.4038461538462235,8.25,11.700000000000728,-97.70000000000073,,
8,8,two_slot,16,6,9,1,6,10,0.375,-27.0,-1.6875,4.974999999999909,5.049999999999272,10.700000000000728,6.618750000000205,8.100000000000364,11.700000000000728,-48.0,0,10
8,9,unlimited,26,7,17,2,7,19,0.2692307692307692,-106.70000000000073,-4.103846153846182,4.173076923076923,3.7000000000007276,10.700000000000728,7.880769230769217,9.550000000000182,12.399999999999636,-113.70000000000073,,
8,9,two_slot,14,4,9,1,4,10,0.2857142857142857,-52.0,-3.7142857142857144,4.649999999999766,4.899999999999636,9.0,7.88571428571439,9.5,12.399999999999636,-65.0,0,12
8,10,unlimited,26,8,16,2,8,18,0.3076923076923077,-105.70000000000073,-4.065384615384644,4.450000000000028,4.400000000000546,10.700000000000728,8.557692307692237,10.699999999999818,13.200000000000728,-111.70000000000073,,
8,10,two_slot,13,4,8,1,4,9,0.3076923076923077,-51.0,-3.923076923076923,4.869230769230573,5.0,9.700000000000728,8.961538461538321,11.100000000000364,12.599999999998545,-64.0,0,13
8,11,unlimited,26,9,14,3,9,17,0.34615384615384615,-97.80000000000109,-3.7615384615385037,4.850000000000014,4.699999999999818,10.700000000000728,8.699999999999958,11.150000000000546,13.200000000000728,-103.0,,
8,11,two_slot,13,4,8,1,4,9,0.3076923076923077,-59.0,-4.538461538461538,4.976923076922853,5.0,9.700000000000728,9.130769230769147,11.300000000001091,12.799999999999272,-72.0,0,13
8,12,unlimited,26,10,13,3,10,16,0.38461538461538464,-91.80000000000109,-3.530769230769273,5.292307692307706,4.899999999999636,13.299999999999272,9.138461538461412,11.649999999999636,14.5,-104.0,,
8,12,two_slot,13,4,8,1,4,9,0.3076923076923077,-67.0,-5.153846153846154,4.976923076922853,5.0,9.700000000000728,9.684615384615217,12.299999999999272,14.5,-80.0,0,13
8,13,unlimited,26,11,12,3,11,15,0.4230769230769231,-83.80000000000109,-3.223076923076965,5.565384615384573,5.149999999999636,13.299999999999272,9.703846153846056,12.099999999999454,16.099999999998545,-95.0,,
8,13,two_slot,13,4,8,1,4,9,0.3076923076923077,-75.0,-5.769230769230769,4.976923076922853,5.0,9.700000000000728,10.515384615384532,13.399999999999636,16.099999999998545,-88.0,0,13
8,14,unlimited,26,13,10,3,13,13,0.5,-51.80000000000109,-1.9923076923077343,6.061538461538405,6.949999999998909,13.299999999999272,10.188461538461455,12.099999999999454,18.30000000000109,-76.0,,
8,14,two_slot,12,5,6,1,5,7,0.4166666666666667,-47.0,-3.9166666666666665,5.466666666666545,5.299999999999272,9.700000000000728,10.52499999999994,13.800000000000182,16.099999999998545,-60.0,0,14
8,15,unlimited,26,13,10,3,13,13,0.5,-61.80000000000109,-2.376923076923119,6.061538461538405,6.949999999998909,13.299999999999272,10.730769230769091,12.099999999999454,19.30000000000109,-82.0,,
8,15,two_slot,11,4,6,1,4,7,0.36363636363636365,-61.0,-5.545454545454546,5.345454545454314,5.299999999999272,9.700000000000728,11.099999999999868,15.299999999999272,19.30000000000109,-74.0,0,15
8,16,unlimited,26,14,9,3,14,12,0.5384615384615384,-47.80000000000109,-1.8384615384615803,6.2153846153845596,8.349999999999454,13.299999999999272,10.761538461538294,12.099999999999454,19.30000000000109,-88.0,,
8,16,two_slot,11,5,5,1,5,6,0.45454545454545453,-43.0,-3.909090909090909,5.709090909090677,5.599999999998545,9.700000000000728,11.172727272727075,15.299999999999272,19.30000000000109,-56.0,0,15
10,2,unlimited,13,2,11,0,2,11,0.15384615384615385,-2,-0.15384615384615385,2.769230769230769,1.5,11.100000000000364,3.0,2.899999999999636,5.0,-12.0,,
10,2,two_slot,10,2,8,0,2,8,0.2,4,0.4,2.7599999999998546,0.8000000000001819,11.100000000000364,3.020000000000073,3.100000000000364,5.0,-6.0,0,3
10,3,unlimited,13,2,10,1,3,10,0.23076923076923078,-2.5,-0.19230769230769232,3.3461538461538463,1.7999999999992724,11.100000000000364,3.5538461538462096,3.5,5.899999999999636,-12.0,,
10,3,two_slot,9,2,6,1,3,6,0.3333333333333333,9.5,1.0555555555555556,3.8999999999998383,1.7999999999992724,11.100000000000364,3.31111111111103,3.3000000000010914,5.899999999999636,-9.0,0,4
10,4,unlimited,26,6,19,1,7,19,0.2692307692307692,-8.5,-0.3269230769230769,4.234615384615399,2.7499999999990905,11.899999999999636,4.1884615384615245,4.25,8.199999999998909,-30.0,,
10,4,two_slot,21,5,15,1,6,15,0.2857142857142857,-2.5,-0.11904761904761904,4.6523809523809,3.2000000000007276,11.899999999999636,4.290476190476208,4.600000000000364,8.199999999998909,-28.0,0,5
10,5,unlimited,26,6,19,1,7,19,0.2692307692307692,-27.5,-1.0576923076923077,4.234615384615399,2.7499999999990905,11.899999999999636,5.223076923076895,5.299999999999272,10.0,-45.0,,
10,5,two_slot,19,5,13,1,6,13,0.3157894736842105,-7.5,-0.39473684210526316,4.826315789473627,3.2000000000007276,11.899999999999636,5.126315789473761,5.200000000000728,9.799999999999272,-30.0,0,7
10,6,unlimited,26,6,19,1,7,19,0.2692307692307692,-46.5,-1.7884615384615385,4.234615384615399,2.7499999999990905,11.899999999999636,6.492307692307734,7.150000000000546,11.300000000001091,-60.5,,
10,6,two_slot,18,5,12,1,6,12,0.3333333333333333,-14.5,-0.8055555555555556,4.783333333333252,2.949999999999818,11.899999999999636,6.261111111111252,6.5,11.300000000001091,-34.0,0,8
10,7,unlimited,26,6,18,2,7,19,0.2692307692307692,-61.5,-2.3653846153846154,4.434615384615356,3.0,11.899999999999636,6.773076923077007,7.5,11.300000000001091,-75.0,,
10,7,two_slot,16,5,9,2,6,10,0.375,-8.5,-0.53125,5.593749999999886,5.049999999999272,11.899999999999636,6.306250000000205,7.400000000000546,11.300000000001091,-39.0,0,10
10,8,unlimited,26,6,17,3,7,19,0.2692307692307692,-78.20000000000073,-3.0076923076923356,4.434615384615356,3.0,11.899999999999636,7.4038461538462235,8.25,11.700000000000728,-90.20000000000073,,
10,8,two_slot,16,5,9,2,6,10,0.375,-17.5,-1.09375,5.593749999999886,5.049999999999272,11.899999999999636,6.618750000000205,8.100000000000364,11.700000000000728,-46.0,0,10
10,9,unlimited,26,6,17,3,7,19,0.2692307692307692,-95.20000000000073,-3.6615384615384894,4.626923076923049,3.7000000000007276,11.899999999999636,7.880769230769217,9.550000000000182,12.399999999999636,-106.20000000000073,,
10,9,two_slot,14,3,9,2,4,10,0.2857142857142857,-46.5,-3.3214285714285716,5.192857142856935,4.899999999999636,11.899999999999636,7.88571428571439,9.5,12.399999999999636,-63.0,0,12
10,10,unlimited,26,7,16,3,8,18,0.3076923076923077,-92.20000000000073,-3.546153846153874,5.015384615384601,4.400000000000546,12.600000000000364,8.557692307692237,10.699999999999818,13.200000000000728,-102.20000000000073,,
10,10,two_slot,13,3,8,2,4,9,0.3076923076923077,-45.5,-3.5,5.453846153845986,5.0,12.600000000000364,8.961538461538321,11.100000000000364,12.599999999998545,-60.0,0,13
10,11,unlimited,26,8,14,4,9,17,0.34615384615384615,-82.30000000000109,-3.1653846153846574,5.526923076923035,4.699999999999818,12.600000000000364,8.699999999999958,11.150000000000546,13.200000000000728,-93.0,,
10,11,two_slot,13,3,8,2,4,9,0.3076923076923077,-53.5,-4.115384615384615,5.561538461538266,5.0,12.600000000000364,9.130769230769147,11.300000000001091,12.799999999999272,-68.0,0,13
10,12,unlimited,26,9,13,4,10,16,0.38461538461538464,-74.30000000000109,-2.8576923076923495,5.969230769230728,4.899999999999636,13.299999999999272,9.138461538461412,11.649999999999636,14.5,-94.0,,
10,12,two_slot,13,3,8,2,4,9,0.3076923076923077,-61.5,-4.730769230769231,5.561538461538266,5.0,12.600000000000364,9.684615384615217,12.299999999999272,14.5,-76.0,0,13
10,13,unlimited,26,10,12,4,11,15,0.4230769230769231,-64.30000000000109,-2.473076923076965,6.242307692307595,5.149999999999636,13.299999999999272,9.703846153846056,12.099999999999454,16.099999999998545,-84.0,,
10,13,two_slot,13,3,8,2,4,9,0.3076923076923077,-69.5,-5.346153846153846,5.561538461538266,5.0,12.600000000000364,10.515384615384532,13.399999999999636,16.099999999998545,-84.0,0,13
10,14,unlimited,26,12,10,4,13,13,0.5,-28.30000000000109,-1.0884615384615803,6.80384615384607,6.949999999998909,13.299999999999272,10.188461538461455,12.099999999999454,18.30000000000109,-74.0,,
10,14,two_slot,12,4,6,2,5,7,0.4166666666666667,-39.5,-3.2916666666666665,6.241666666666636,5.299999999999272,12.600000000000364,10.52499999999994,13.800000000000182,16.099999999998545,-54.0,0,14
10,15,unlimited,26,12,10,4,13,13,0.5,-38.30000000000109,-1.4730769230769651,6.80384615384607,6.949999999998909,13.299999999999272,10.730769230769091,12.099999999999454,19.30000000000109,-80.0,,
10,15,two_slot,11,3,6,2,4,7,0.36363636363636365,-55.5,-5.045454545454546,6.036363636363438,5.299999999999272,12.600000000000364,11.099999999999868,15.299999999999272,19.30000000000109,-70.0,0,15
10,16,unlimited,26,12,9,5,13,13,0.5,-43.50000000000182,-1.673076923076993,6.9576923076922235,8.799999999999272,13.299999999999272,10.761538461538294,12.099999999999454,19.30000000000109,-86.0,,
10,16,two_slot,10,3,5,2,3,7,0.3,-64.20000000000073,-6.420000000000073,6.209999999999854,5.299999999999272,12.600000000000364,12.059999999999672,15.649999999999636,19.30000000000109,-71.20000000000073,0,16
