target_tp,target_sl,date,n,wins,losses,unr,tp_hits,sl_hits,net
5,2,2026-09-14,12,2,10,0,2,10,-10.0
5,2,2026-09-15,16,2,14,0,2,14,-18.0
5,2,2026-09-16,16,3,13,0,3,13,-11.0
5,2,2026-09-17,14,2,12,0,2,12,-14.0
5,2,2026-09-18,15,3,12,0,3,12,-9.0
5,2,2026-09-21,11,1,10,0,1,10,-15.0
5,2,2026-09-22,11,2,9,0,2,9,-8.0
5,2,2026-09-23,13,3,10,0,3,10,-5.0
5,2,2026-09-25,13,2,11,0,2,11,-12.0
5,3,2026-09-14,11,3,8,0,3,8,-9.0
5,3,2026-09-15,14,5,9,0,5,9,-2.0
5,3,2026-09-16,14,5,9,0,5,9,-2.0
5,3,2026-09-17,12,2,10,0,2,10,-20.0
5,3,2026-09-18,12,4,8,0,4,8,-4.0
5,3,2026-09-21,11,2,9,0,2,9,-17.0
5,3,2026-09-22,10,2,8,0,2,8,-14.0
5,3,2026-09-23,12,4,8,0,4,8,-4.0
5,3,2026-09-25,13,3,10,0,3,10,-15.0
5,4,2026-09-14,23,7,16,0,7,16,-29.0
5,4,2026-09-15,31,13,18,0,13,18,-7.0
5,4,2026-09-16,32,11,19,2,11,19,-21.0
5,4,2026-09-17,23,5,18,0,5,18,-47.0
5,4,2026-09-18,21,7,14,0,7,14,-21.0
5,4,2026-09-20,1,0,1,0,0,1,-4.0
5,4,2026-09-21,24,6,18,0,6,18,-42.0
5,4,2026-09-22,23,4,19,0,4,19,-56.0
5,4,2026-09-23,24,9,15,0,9,15,-15.0
5,4,2026-09-25,23,8,15,0,8,15,-20.0
5,5,2026-09-14,22,8,14,0,8,14,-30.0
5,5,2026-09-15,29,13,16,0,13,16,-15.0
5,5,2026-09-16,30,12,16,2,12,16,-20.0
5,5,2026-09-17,22,7,15,0,7,15,-40.0
5,5,2026-09-18,18,8,10,0,8,10,-10.0
5,5,2026-09-20,1,0,1,0,0,1,-5.0
5,5,2026-09-21,21,8,13,0,8,13,-25.0
5,5,2026-09-22,22,4,18,0,4,18,-70.0
5,5,2026-09-23,22,10,12,0,10,12,-10.0
5,5,2026-09-25,22,8,14,0,8,14,-30.0
5,6,2026-09-14,22,8,14,0,8,14,-44.0
5,6,2026-09-15,29,14,15,0,14,15,-20.0
5,6,2026-09-16,29,12,15,2,12,15,-30.0
5,6,2026-09-17,22,7,15,0,7,15,-55.0
5,6,2026-09-18,17,8,9,0,8,9,-14.0
5,6,2026-09-20,1,0,1,0,0,1,-6.0
5,6,2026-09-21,19,7,12,0,7,12,-37.0
5,6,2026-09-22,21,6,15,0,6,15,-60.0
5,6,2026-09-23,22,11,11,0,11,11,-11.0
5,6,2026-09-25,20,8,12,0,8,12,-32.0
5,7,2026-09-14,22,8,14,0,8,14,-58.0
5,7,2026-09-15,28,14,14,0,14,14,-28.0
5,7,2026-09-16,27,13,12,2,13,12,-19.0
5,7,2026-09-17,21,7,14,0,7,14,-63.0
5,7,2026-09-18,17,9,8,0,9,8,-11.0
5,7,2026-09-21,19,8,11,0,8,11,-37.0
5,7,2026-09-22,18,5,13,0,5,13,-66.0
5,7,2026-09-23,22,11,11,0,11,11,-22.0
5,7,2026-09-25,19,9,10,0,9,10,-25.0
5,8,2026-09-14,21,8,13,0,8,13,-64.0
5,8,2026-09-15,28,15,13,0,15,13,-29.0
5,8,2026-09-16,25,11,12,2,11,12,-41.0
5,8,2026-09-17,20,8,12,0,8,12,-56.0
5,8,2026-09-18,15,8,7,0,8,7,-16.0
5,8,2026-09-21,18,8,10,0,8,10,-40.0
5,8,2026-09-22,16,6,10,0,6,10,-50.0
5,8,2026-09-23,21,11,10,0,11,10,-25.0
5,8,2026-09-25,19,9,10,1,9,9,-33.70000000000073
5,9,2026-09-14,21,8,13,0,8,13,-77.0
5,9,2026-09-15,28,15,13,0,15,13,-42.0
5,9,2026-09-16,24,10,12,2,10,12,-58.0
5,9,2026-09-17,20,8,12,0,8,12,-68.0
5,9,2026-09-18,15,8,7,0,8,7,-23.0
5,9,2026-09-21,18,8,10,0,8,10,-50.0
5,9,2026-09-22,16,6,10,0,6,10,-60.0
5,9,2026-09-23,21,11,10,0,11,10,-35.0
5,9,2026-09-25,18,8,10,1,8,9,-47.70000000000073
5,10,2026-09-14,20,8,12,0,8,12,-80.0
5,10,2026-09-15,21,14,7,0,14,7,0.0
5,10,2026-09-16,23,10,11,2,10,11,-60.0
5,10,2026-09-17,20,8,12,0,8,12,-80.0
5,10,2026-09-18,15,9,6,0,9,6,-15.0
5,10,2026-09-21,18,8,10,0,8,10,-60.0
5,10,2026-09-22,16,7,9,0,7,9,-55.0
5,10,2026-09-23,21,11,10,0,11,10,-45.0
5,10,2026-09-25,18,9,9,1,9,8,-41.70000000000073
5,11,2026-09-14,20,9,11,0,9,11,-76.0
5,11,2026-09-15,20,14,6,0,14,6,4.0
5,11,2026-09-16,22,10,10,2,10,10,-60.0
5,11,2026-09-17,19,9,10,0,9,10,-65.0
5,11,2026-09-18,15,9,6,0,9,6,-21.0
5,11,2026-09-21,18,8,10,0,8,10,-70.0
5,11,2026-09-22,16,7,9,0,7,9,-64.0
5,11,2026-09-23,21,11,10,0,11,10,-55.0
5,11,2026-09-25,18,9,9,1,9,8,-49.70000000000073
5,12,2026-09-14,19,10,9,0,10,9,-58.0
5,12,2026-09-15,15,11,4,0,11,4,7.0
5,12,2026-09-16,22,11,9,2,11,9,-53.0
5,12,2026-09-17,19,10,9,0,10,9,-58.0
5,12,2026-09-18,10,7,3,0,7,3,-1.0
5,12,2026-09-21,17,7,10,0,7,10,-85.0
5,12,2026-09-22,16,7,9,0,7,9,-73.0
5,12,2026-09-23,20,11,9,0,11,9,-53.0
5,12,2026-09-25,18,9,9,1,9,8,-57.70000000000073
5,13,2026-09-14,18,11,7,0,11,7,-36.0
5,13,2026-09-15,15,11,4,0,11,4,3.0
5,13,2026-09-16,19,9,7,3,9,7,-46.0
5,13,2026-09-17,20,10,10,0,10,10,-80.0
5,13,2026-09-18,10,7,3,0,7,3,-4.0
5,13,2026-09-21,17,7,10,0,7,10,-95.0
5,13,2026-09-22,16,7,9,0,7,9,-82.0
5,13,2026-09-23,20,11,9,0,11,9,-62.0
5,13,2026-09-25,18,9,9,1,9,8,-65.70000000000073
5,14,2026-09-14,17,10,7,0,10,7,-48.0
5,14,2026-09-15,14,11,3,0,11,3,13.0
5,14,2026-09-16,18,9,6,3,9,6,-39.0
5,14,2026-09-17,17,10,6,1,10,6,-34.0
5,14,2026-09-18,10,7,3,0,7,3,-7.0
5,14,2026-09-21,17,7,10,0,7,10,-105.0
5,14,2026-09-22,15,6,9,0,6,9,-96.0
5,14,2026-09-23,20,11,9,0,11,9,-71.0
5,14,2026-09-25,14,7,7,1,7,6,-55.70000000000073
5,15,2026-09-14,17,10,7,0,10,7,-55.0
5,15,2026-09-15,14,11,3,0,11,3,10.0
5,15,2026-09-16,18,9,6,3,9,6,-45.0
5,15,2026-09-17,17,10,6,1,10,6,-40.0
5,15,2026-09-18,10,7,3,0,7,3,-10.0
5,15,2026-09-21,16,6,10,0,6,10,-120.0
5,15,2026-09-22,15,6,9,0,6,9,-105.0
5,15,2026-09-23,19,13,6,0,13,6,-25.0
5,15,2026-09-25,14,9,5,1,9,4,-21.700000000000728
5,16,2026-09-14,16,9,7,0,9,7,-67.0
5,16,2026-09-15,14,11,3,0,11,3,7.0
5,16,2026-09-16,18,9,6,3,9,6,-51.0
5,16,2026-09-17,17,11,6,0,11,6,-41.0
5,16,2026-09-18,10,7,3,0,7,3,-13.0
5,16,2026-09-21,15,10,5,0,10,5,-30.0
5,16,2026-09-22,16,7,9,0,7,9,-109.0
5,16,2026-09-23,18,12,6,0,12,6,-36.0
5,16,2026-09-25,14,9,5,1,9,4,-25.700000000000728
8,2,2026-09-14,11,1,10,0,1,10,-12.0
8,2,2026-09-15,16,0,16,0,0,16,-32.0
8,2,2026-09-16,16,3,13,0,3,13,-2.0
8,2,2026-09-17,13,1,12,0,1,12,-16.0
8,2,2026-09-18,14,2,12,0,2,12,-8.0
8,2,2026-09-21,11,0,11,0,0,11,-22.0
8,2,2026-09-22,10,1,9,0,1,9,-10.0
8,2,2026-09-23,13,1,12,0,1,12,-16.0
8,2,2026-09-25,13,2,11,0,2,11,-6.0
8,3,2026-09-14,10,1,9,0,1,9,-19.0
8,3,2026-09-15,11,2,9,0,2,9,-11.0
8,3,2026-09-16,13,4,9,0,4,9,5.0
8,3,2026-09-17,12,2,10,0,2,10,-14.0
8,3,2026-09-18,10,3,7,0,3,7,3.0
8,3,2026-09-21,10,1,9,0,1,9,-19.0
8,3,2026-09-22,9,1,8,0,1,8,-16.0
8,3,2026-09-23,12,1,11,0,1,11,-25.0
8,3,2026-09-25,12,3,9,0,3,9,-3.0
8,4,2026-09-14,22,5,17,0,5,17,-28.0
8,4,2026-09-15,24,7,17,0,7,17,-12.0
8,4,2026-09-16,29,8,19,2,8,19,-12.0
8,4,2026-09-17,23,5,18,0,5,18,-32.0
8,4,2026-09-18,19,5,14,0,5,14,-16.0
8,4,2026-09-20,1,0,1,0,0,1,-4.0
8,4,2026-09-21,22,3,19,0,3,19,-52.0
8,4,2026-09-22,22,3,19,0,3,19,-52.0
8,4,2026-09-23,23,5,18,0,5,18,-32.0
8,4,2026-09-25,21,6,15,0,6,15,-12.0
8,5,2026-09-14,21,6,15,0,6,15,-27.0
8,5,2026-09-15,21,7,14,0,7,14,-14.0
8,5,2026-09-16,28,9,17,2,9,17,-13.0
8,5,2026-09-17,21,6,15,0,6,15,-27.0
8,5,2026-09-18,14,4,10,0,4,10,-18.0
8,5,2026-09-20,1,0,1,0,0,1,-5.0
8,5,2026-09-21,19,6,13,0,6,13,-17.0
8,5,2026-09-22,21,3,18,0,3,18,-66.0
8,5,2026-09-23,21,6,15,0,6,15,-27.0
8,5,2026-09-25,19,6,13,0,6,13,-17.0
8,6,2026-09-14,21,6,15,0,6,15,-42.0
8,6,2026-09-15,20,7,13,0,7,13,-22.0
8,6,2026-09-16,27,9,15,3,9,15,-18.0
8,6,2026-09-17,20,6,14,0,6,14,-36.0
8,6,2026-09-18,14,4,10,0,4,10,-28.0
8,6,2026-09-20,1,0,1,0,0,1,-6.0
8,6,2026-09-21,18,5,13,0,5,13,-38.0
8,6,2026-09-22,20,4,16,0,4,16,-64.0
8,6,2026-09-23,21,7,14,0,7,14,-28.0
8,6,2026-09-25,18,6,12,0,6,12,-24.0
8,7,2026-09-14,21,6,15,0,6,15,-57.0
8,7,2026-09-15,20,7,13,0,7,13,-35.0
8,7,2026-09-16,25,10,12,3,10,12,-4.0
8,7,2026-09-17,19,6,13,0,6,13,-43.0
8,7,2026-09-18,14,5,9,0,5,9,-23.0
8,7,2026-09-21,17,5,12,0,5,12,-44.0
8,7,2026-09-22,18,4,14,0,4,14,-66.0
8,7,2026-09-23,21,7,14,0,7,14,-42.0
8,7,2026-09-25,16,6,10,1,6,9,-18.0
8,8,2026-09-14,20,6,14,0,6,14,-64.0
8,8,2026-09-15,20,8,12,0,8,12,-32.0
8,8,2026-09-16,23,9,11,3,9,11,-16.0
8,8,2026-09-17,17,6,11,0,6,11,-40.0
8,8,2026-09-18,13,5,8,0,5,8,-24.0
8,8,2026-09-21,14,5,9,0,5,9,-32.0
8,8,2026-09-22,16,5,11,0,5,11,-48.0
8,8,2026-09-23,20,8,12,0,8,12,-32.0
8,8,2026-09-25,16,6,10,1,6,9,-27.0
8,9,2026-09-14,20,6,14,0,6,14,-78.0
8,9,2026-09-15,20,8,12,0,8,12,-44.0
8,9,2026-09-16,22,8,11,3,8,11,-35.0
8,9,2026-09-17,17,6,11,0,6,11,-51.0
8,9,2026-09-18,12,6,6,0,6,6,-6.0
8,9,2026-09-21,14,5,9,0,5,9,-41.0
8,9,2026-09-22,16,5,11,0,5,11,-59.0
8,9,2026-09-23,20,8,12,0,8,12,-44.0
8,9,2026-09-25,14,4,10,1,4,9,-52.0
8,10,2026-09-14,19,6,13,0,6,13,-82.0
8,10,2026-09-15,12,5,7,0,5,7,-30.0
8,10,2026-09-16,20,8,9,3,8,9,-26.0
8,10,2026-09-17,17,6,11,0,6,11,-62.0
8,10,2026-09-18,10,5,5,0,5,5,-10.0
8,10,2026-09-21,14,5,9,0,5,9,-50.0
8,10,2026-09-22,16,6,10,0,6,10,-52.0
8,10,2026-09-23,20,8,12,0,8,12,-56.0
8,10,2026-09-25,13,4,9,1,4,8,-51.0
8,11,2026-09-14,19,7,12,0,7,12,-76.0
8,11,2026-09-15,11,6,5,0,6,5,-7.0
8,11,2026-09-16,19,10,7,2,10,7,3.0
8,11,2026-09-17,17,6,11,0,6,11,-73.0
8,11,2026-09-18,10,5,5,0,5,5,-15.0
8,11,2026-09-21,13,5,8,0,5,8,-48.0
8,11,2026-09-22,16,6,10,0,6,10,-62.0
8,11,2026-09-23,19,7,12,0,7,12,-76.0
8,11,2026-09-25,13,4,9,1,4,8,-59.0
8,12,2026-09-14,18,8,10,0,8,10,-56.0
8,12,2026-09-15,8,6,2,0,6,2,24.0
8,12,2026-09-16,19,11,6,2,11,6,16.0
8,12,2026-09-17,17,7,10,0,7,10,-64.0
8,12,2026-09-18,9,6,3,0,6,3,12.0
8,12,2026-09-21,10,5,5,0,5,5,-20.0
8,12,2026-09-22,15,5,10,0,5,10,-80.0
8,12,2026-09-23,17,6,11,0,6,11,-84.0
8,12,2026-09-25,13,4,9,1,4,8,-67.0
8,13,2026-09-14,17,9,8,0,9,8,-32.0
8,13,2026-09-15,8,6,2,0,6,2,22.0
8,13,2026-09-16,17,9,6,2,9,6,-6.0
8,13,2026-09-17,18,7,11,0,7,11,-87.0
8,13,2026-09-18,9,6,3,0,6,3,9.0
8,13,2026-09-21,10,5,5,0,5,5,-25.0
8,13,2026-09-22,15,5,10,0,5,10,-90.0
8,13,2026-09-23,17,6,11,0,6,11,-95.0
8,13,2026-09-25,13,4,9,1,4,8,-75.0
8,14,2026-09-14,16,8,8,0,8,8,-48.0
8,14,2026-09-15,8,6,2,0,6,2,20.0
8,14,2026-09-16,17,9,6,2,9,6,-12.0
8,14,2026-09-17,15,7,7,1,7,7,-42.0
8,14,2026-09-18,9,6,3,0,6,3,6.0
8,14,2026-09-21,10,5,5,0,5,5,-30.0
8,14,2026-09-22,14,4,10,0,4,10,-108.0
8,14,2026-09-23,16,5,11,0,5,11,-114.0
8,14,2026-09-25,11,4,7,1,4,6,-55.0
8,15,2026-09-14,16,8,8,0,8,8,-56.0
8,15,2026-09-15,8,6,2,0,6,2,18.0
8,15,2026-09-16,17,9,6,2,9,6,-18.0
8,15,2026-09-17,15,7,7,1,7,7,-49.0
8,15,2026-09-18,9,6,3,0,6,3,3.0
8,15,2026-09-21,9,4,5,0,4,5,-43.0
8,15,2026-09-22,14,4,10,0,4,10,-118.0
8,15,2026-09-23,14,7,7,0,7,7,-49.0
8,15,2026-09-25,9,5,4,1,5,3,-8.0
8,16,2026-09-14,15,7,8,0,7,8,-72.0
8,16,2026-09-15,8,6,2,0,6,2,16.0
8,16,2026-09-16,17,9,6,2,9,6,-24.0
8,16,2026-09-17,15,8,7,0,8,7,-48.0
8,16,2026-09-18,9,6,3,0,6,3,0.0
8,16,2026-09-21,7,6,1,0,6,1,32.0
8,16,2026-09-22,15,5,10,0,5,10,-120.0
8,16,2026-09-23,13,6,7,0,6,7,-64.0
8,16,2026-09-25,9,5,4,1,5,3,-11.0
10,2,2026-09-14,9,1,8,0,1,8,-6.0
10,2,2026-09-15,16,0,16,0,0,16,-32.0
10,2,2026-09-16,15,1,14,0,1,14,-18.0
10,2,2026-09-17,13,1,12,0,1,12,-14.0
10,2,2026-09-18,12,0,12,0,0,12,-24.0
10,2,2026-09-21,11,0,11,0,0,11,-22.0
10,2,2026-09-22,10,1,9,0,1,9,-8.0
10,2,2026-09-23,13,1,12,0,1,12,-14.0
10,2,2026-09-25,10,2,8,0,2,8,4.0
10,3,2026-09-14,9,1,8,0,1,8,-14.0
10,3,2026-09-15,10,2,8,0,2,8,-4.0
10,3,2026-09-16,11,1,10,0,1,10,-20.0
10,3,2026-09-17,12,2,10,0,2,10,-10.0
10,3,2026-09-18,6,1,5,0,1,5,-5.0
10,3,2026-09-21,10,1,9,0,1,9,-17.0
10,3,2026-09-22,9,1,8,0,1,8,-14.0
10,3,2026-09-23,11,1,10,0,1,10,-20.0
10,3,2026-09-25,9,3,6,1,2,6,9.5
10,4,2026-09-14,21,5,16,0,5,16,-14.0
10,4,2026-09-15,20,6,14,0,6,14,4.0
10,4,2026-09-16,26,5,18,3,5,18,-22.0
10,4,2026-09-17,23,5,18,0,5,18,-22.0
10,4,2026-09-18,14,3,11,0,3,11,-14.0
10,4,2026-09-20,1,0,1,0,0,1,-4.0
10,4,2026-09-21,21,4,17,0,4,17,-28.0
10,4,2026-09-22,22,3,19,0,3,19,-46.0
10,4,2026-09-23,22,5,17,0,5,17,-18.0
10,4,2026-09-25,21,6,15,1,5,15,-2.5
10,5,2026-09-14,20,5,15,0,5,15,-25.0
10,5,2026-09-15,18,6,12,0,6,12,0.0
10,5,2026-09-16,25,6,16,3,6,16,-20.0
10,5,2026-09-17,21,5,16,0,5,16,-30.0
10,5,2026-09-18,11,2,9,0,2,9,-25.0
10,5,2026-09-20,1,0,1,0,0,1,-5.0
10,5,2026-09-21,19,6,13,0,6,13,-5.0
10,5,2026-09-22,21,3,18,0,3,18,-60.0
10,5,2026-09-23,20,4,16,0,4,16,-40.0
10,5,2026-09-25,19,6,13,1,5,13,-7.5
10,6,2026-09-14,20,5,15,0,5,15,-40.0
10,6,2026-09-15,15,6,9,0,6,9,6.0
10,6,2026-09-16,25,6,16,3,6,16,-36.0
10,6,2026-09-17,20,5,15,0,5,15,-40.0
10,6,2026-09-18,11,2,9,0,2,9,-34.0
10,6,2026-09-20,1,0,1,0,0,1,-6.0
10,6,2026-09-21,18,5,13,0,5,13,-28.0
10,6,2026-09-22,20,4,16,0,4,16,-56.0
10,6,2026-09-23,20,5,15,0,5,15,-40.0
10,6,2026-09-25,18,6,12,1,5,12,-14.5
10,7,2026-09-14,19,5,14,0,5,14,-48.0
10,7,2026-09-15,14,6,8,0,6,8,4.0
10,7,2026-09-16,23,7,13,3,7,13,-21.0
10,7,2026-09-17,19,5,14,0,5,14,-48.0
10,7,2026-09-18,11,3,8,0,3,8,-26.0
10,7,2026-09-21,17,5,12,0,5,12,-34.0
10,7,2026-09-22,18,3,15,0,3,15,-75.0
10,7,2026-09-23,19,5,14,0,5,14,-48.0
10,7,2026-09-25,16,6,10,2,5,9,-8.5
10,8,2026-09-14,19,5,14,0,5,14,-62.0
10,8,2026-09-15,14,7,7,0,7,7,14.0
10,8,2026-09-16,22,6,13,3,6,13,-44.0
10,8,2026-09-17,17,6,11,0,6,11,-28.0
10,8,2026-09-18,10,3,7,0,3,7,-26.0
10,8,2026-09-21,14,5,9,0,5,9,-22.0
10,8,2026-09-22,16,4,12,0,4,12,-56.0
10,8,2026-09-23,18,5,13,0,5,13,-54.0
10,8,2026-09-25,16,6,10,2,5,9,-17.5
10,9,2026-09-14,19,5,14,0,5,14,-76.0
10,9,2026-09-15,14,7,7,0,7,7,7.0
10,9,2026-09-16,22,7,12,3,7,12,-38.0
10,9,2026-09-17,17,6,11,0,6,11,-39.0
10,9,2026-09-18,10,3,7,0,3,7,-33.0
10,9,2026-09-21,14,5,9,0,5,9,-31.0
10,9,2026-09-22,16,4,12,0,4,12,-68.0
10,9,2026-09-23,18,5,13,0,5,13,-67.0
10,9,2026-09-25,14,4,10,2,3,9,-46.5
10,10,2026-09-14,17,5,12,0,5,12,-70.0
10,10,2026-09-15,11,6,5,0,6,5,10.0
10,10,2026-09-16,18,5,12,1,5,12,-70.0
10,10,2026-09-17,17,6,11,0,6,11,-50.0
10,10,2026-09-18,8,2,6,0,2,6,-40.0
10,10,2026-09-21,14,5,9,0,5,9,-40.0
10,10,2026-09-22,16,5,11,0,5,11,-60.0
10,10,2026-09-23,18,5,13,0,5,13,-80.0
10,10,2026-09-25,13,4,9,2,3,8,-45.5
10,11,2026-09-14,17,5,12,0,5,12,-82.0
10,11,2026-09-15,10,7,3,0,7,3,37.0
10,11,2026-09-16,17,6,10,1,6,10,-50.0
10,11,2026-09-17,17,6,11,0,6,11,-61.0
10,11,2026-09-18,8,2,6,0,2,6,-46.0
10,11,2026-09-21,13,5,8,0,5,8,-38.0
10,11,2026-09-22,16,5,11,0,5,11,-71.0
10,11,2026-09-23,18,5,13,0,5,13,-93.0
10,11,2026-09-25,13,4,9,2,3,8,-53.5
10,12,2026-09-14,17,7,10,0,7,10,-50.0
10,12,2026-09-15,8,7,1,0,7,1,58.0
10,12,2026-09-16,17,7,9,1,7,9,-38.0
10,12,2026-09-17,16,7,9,0,7,9,-38.0
10,12,2026-09-18,8,2,6,0,2,6,-52.0
10,12,2026-09-21,10,4,6,0,4,6,-32.0
10,12,2026-09-22,15,3,12,0,3,12,-114.0
10,12,2026-09-23,16,4,12,0,4,12,-104.0
10,12,2026-09-25,13,4,9,2,3,8,-61.5
10,13,2026-09-14,16,8,8,0,8,8,-24.0
10,13,2026-09-15,8,7,1,0,7,1,57.0
10,13,2026-09-16,18,8,8,2,8,8,-24.0
10,13,2026-09-17,17,7,10,0,7,10,-60.0
10,13,2026-09-18,8,2,6,0,2,6,-58.0
10,13,2026-09-21,10,4,6,0,4,6,-38.0
10,13,2026-09-22,15,3,12,0,3,12,-126.0
10,13,2026-09-23,16,4,12,0,4,12,-116.0
10,13,2026-09-25,13,4,9,2,3,8,-69.5
10,14,2026-09-14,15,7,8,0,7,8,-42.0
10,14,2026-09-15,8,7,1,0,7,1,56.0
10,14,2026-09-16,18,8,8,2,8,8,-32.0
10,14,2026-09-17,14,7,7,0,7,7,-28.0
10,14,2026-09-18,8,2,6,0,2,6,-64.0
10,14,2026-09-21,10,4,6,0,4,6,-44.0
10,14,2026-09-22,14,3,11,0,3,11,-124.0
10,14,2026-09-23,16,5,11,0,5,11,-104.0
10,14,2026-09-25,11,4,7,2,3,6,-49.5
10,15,2026-09-14,15,7,8,0,7,8,-50.0
10,15,2026-09-15,8,7,1,0,7,1,55.0
10,15,2026-09-16,18,8,8,2,8,8,-40.0
10,15,2026-09-17,14,7,7,0,7,7,-35.0
10,15,2026-09-18,7,2,5,0,2,5,-55.0
10,15,2026-09-21,9,3,6,0,3,6,-60.0
10,15,2026-09-22,14,3,11,0,3,11,-135.0
10,15,2026-09-23,14,7,7,0,7,7,-35.0
10,15,2026-09-25,9,5,4,2,4,3,-0.5
10,16,2026-09-14,14,6,8,0,6,8,-68.0
10,16,2026-09-15,8,7,1,0,7,1,54.0
10,16,2026-09-16,17,8,8,1,8,8,-48.0
10,16,2026-09-17,14,7,7,0,7,7,-42.0
10,16,2026-09-18,7,2,5,0,2,5,-60.0
10,16,2026-09-21,7,5,2,0,5,2,18.0
10,16,2026-09-22,15,3,12,0,3,12,-162.0
10,16,2026-09-23,13,6,7,0,6,7,-52.0
10,16,2026-09-25,9,5,4,2,4,3,-3.5
