deal_id,matched,trade_date,ledger_close_reason,ledger_replayable,ledger_partial_bank_pips,ledger_runner_pnl_pips,ledger_effective_pnl_pips,ledger_scaled_out,bench_partials,bench_final,bench_total_pips,bench_scaled_out,bench_mfe_pips,bench_mae_pips,delta_pips
DIAAAAXMRHKJ8AY,False,2026-05-29,BRIEFING_TP1_CLOSE,False,10.0,19.8,29.8,True,,,,,,,
DIAAAAXMR2E6ZA2,False,2026-05-29,BRIEFING_TP_SL_OPEN,False,,,-20.7,,,,,,,,
DIAAAAXMSRVJBAM,False,2026-05-29,EXTERNAL_MANUAL,False,10.2,6.95,17.15,True,,,,,,,
DIAAAAXMW5KDFAV,False,2026-06-01,STRUCTURE_EXIT,False,,,-10.6,,,,,,,,
DIAAAAXMXBJG3A7,True,2026-06-01,BE_HIT_IG,False,10.1,0.05,10.15,True,2026-06-01T07:45:00+00:00@13459.85:pips=10.0:frac=0.5,2026-06-01T08:30:00+00:00@13469.85:SCALE_OUT_BE:pips=0.0:frac=0.5,5.0,True,14.6,1.5,-5.15
DIAAAAXMY8HJSAR,False,2026-06-01,BRIEFING_TP1_CLOSE,False,10.9,17.0,27.9,True,,,,,,,
DIAAAAXMZ9XBEAZ,True,2026-06-01,STRUCTURE_EXIT,False,,,-14.8,,,2026-06-01T17:35:00+00:00@13466.25:SL_HIT:pips=-20.0:frac=1.0,-20.0,False,6.0,22.1,-5.2
DIAAAAXM55ZFYAB,False,2026-06-02,EXTERNAL_MANUAL,False,10.0,6.65,16.65,True,,,,,,,
DIAAAAXNG5474BA,False,2026-06-02,EXTERNAL_MANUAL,False,10.2,5.35,15.55,True,,,,,,,
DIAAAAXNM9YTXA9,True,2026-06-03,BRIEFING_TP1_CLOSE,False,10.1,25.1,35.2,True,2026-06-03T08:15:00+00:00@13449.55:pips=10.0:frac=0.5,2026-06-03T10:10:00+00:00@13459.55:SCALE_OUT_BE:pips=0.0:frac=0.5,5.0,True,19.0,2.0,-30.2
DIAAAAXNY6KNAA4,False,2026-06-03,IG_RECONCILE,False,10.1,10.1,20.2,True,,,,,,,
DIAAAAXN5VR44AW,False,2026-06-04,EXTERNAL_MANUAL,False,10.0,-1.25,8.75,True,,,,,,,
DIAAAAXN553HHAS,False,2026-06-04,STRUCTURE_EXIT,False,,,-14.7,,,,,,,,
DIAAAAXN6APTYA2,True,2026-06-04,STRUCTURE_EXIT,False,,,-10.6,,,2026-06-04T11:30:00+00:00@13459.35:SL_HIT:pips=-20.0:frac=1.0,-20.0,False,5.1,22.4,-9.4
DIAAAAXN6J25KAV,True,2026-06-04,IG_RECONCILE,False,10.0,10.0,20.0,True,2026-06-04T14:10:00+00:00@13445.05:pips=10.0:frac=0.5,2026-06-04T15:35:00+00:00@13433.35:REGIME_MAX_HOLD_SCALED:pips=21.7:frac=0.5,15.85,True,22.5,7.8,-4.15
DIAAAAXPA28XEA9,True,2026-06-05,STRUCTURE_EXIT,False,,,-11.4,,,2026-06-05T09:15:00+00:00@13463.35:SL_HIT:pips=-20.0:frac=1.0,-20.0,False,0.5,27.1,-8.6
DIAAAAXPA9NAYAZ,True,2026-06-05,STRUCTURE_EXIT,False,,,-11.2,,,2026-06-05T10:35:00+00:00@13481.45:SL_HIT:pips=-20.0:frac=1.0,-20.0,False,2.1,21.6,-8.8
DIAAAAXPBDNU3A2,True,2026-06-05,EXTERNAL_MANUAL,False,10.5,11.25,21.75,True,2026-06-05T11:20:00+00:00@13467.15:pips=10.0:frac=0.5,2026-06-05T12:35:00+00:00@13441.75:TRAIL_STOP:pips=35.4:frac=0.5,22.7,True,96.4,0.1,0.95
DIAAAAXP28DZ2BB,False,2026-06-09,EXTERNAL_MANUAL,False,10.0,20.65,30.65,True,,,,,,,
DIAAAAXQKRGH7A2,False,2026-06-10,EXTERNAL_MANUAL,False,9.7,7.65,17.35,True,,,,,,,
DIAAAAXQQ5QXEAX,True,2026-06-11,EXTERNAL_MANUAL,False,10.0,23.25,33.25,True,2026-06-11T08:20:00+00:00@13377.55:pips=10.0:frac=0.5,2026-06-11T08:55:00+00:00@13367.55:TRAIL_STOP:pips=20.0:frac=0.5,15.0,True,35.1,1.4,-18.25
DIAAAAXRXQB3QAB,True,2026-06-16,STRUCTURE_EXIT,False,,,-10.9,,,2026-06-16T19:05:00+00:00@13432.05:REGIME_MAX_HOLD:pips=-8.2:frac=1.0,-8.2,False,5.5,18.9,2.7
DIAAAAXRYQ37JAP,False,2026-06-16,BE_HIT_IG,False,8.0,3.05,11.05,True,,,,,,,
DIAAAAXR4XMVAAP,True,2026-06-17,BE_STOP_POST_SCALEOUT,True,8.4,0.15,8.55,True,2026-06-17T11:15:00+00:00@13408.05:pips=10.0:frac=0.5,2026-06-17T12:05:00+00:00@13406.05:TRAIL_STOP:pips=12.0:frac=0.5,11.0,True,18.0,1.4,2.45
DIAAAAXR5KJSWAB,True,2026-06-17,TRAIL_STOP,True,8.5,7.85,16.35,True,2026-06-17T14:05:00+00:00@13402.75:pips=10.0:frac=0.5,2026-06-17T14:45:00+00:00@13404.15:TRAIL_STOP:pips=8.6:frac=0.5,9.3,True,27.7,6.1,-7.05
DIAAAAXR9XHRHA6,True,2026-06-18,BRIEFING_TP1_CLOSE,False,8.1,19.5,27.6,True,2026-06-18T07:05:00+00:00@13309.65:pips=10.0:frac=0.5,2026-06-18T07:05:00+00:00@13310.85:TRAIL_STOP:pips=8.8:frac=0.5,9.4,True,94.9,4.7,-18.2
DIAAAAXSAPRX2BC,True,2026-06-18,TRAIL_STOP,True,,,21.45,,2026-06-18T14:05:00+00:00@13234.45:pips=10.0:frac=0.5,2026-06-18T14:15:00+00:00@13237.25:TRAIL_STOP:pips=7.2:frac=0.5,8.6,True,13.2,1.7,-12.85
DIAAAAXSGAH9FAZ,True,2026-06-19,TRAIL_STOP,True,8.0,12.75,20.75,True,2026-06-19T13:25:00+00:00@13225.45:pips=10.0:frac=0.5,2026-06-19T13:35:00+00:00@13226.75:TRAIL_STOP:pips=8.7:frac=0.5,9.35,True,21.8,1.2,-11.4
DIAAAAXSGSSZMAP,True,2026-06-19,STRUCTURE_EXIT,False,,,-12.8,,,2026-06-19T18:55:00+00:00@13234.75:REGIME_MAX_HOLD:pips=-13.1:frac=1.0,-13.1,False,4.0,17.15,-0.3
DIAAAAXSUJ933AF,True,2026-06-22,TRAIL_STOP,True,7.9,13.35,21.25,True,2026-06-22T15:50:00+00:00@13250.25:pips=10.0:frac=0.5,2026-06-22T15:50:00+00:00@13252.65:TRAIL_STOP:pips=7.6:frac=0.5,8.8,True,20.5,2.7,-12.45
DIAAAAXS4AGPQAZ,True,2026-06-23,BE_STOP_POST_SCALEOUT,True,8.0,-0.05,7.95,True,2026-06-23T06:50:00+00:00@13230.05:pips=10.0:frac=0.5,2026-06-23T07:45:00+00:00@13232.75:TRAIL_STOP:pips=7.3:frac=0.5,8.65,True,11.6,9.5,0.7
DIAAAAXS4GJLLAG,False,2026-06-23,TRAIL_STOP,True,8.5,19.65,28.15,True,,,,,,,
DIAAAAXS5QFZWAL,True,2026-06-23,TRAIL_STOP,True,8.0,9.65,17.65,True,2026-06-23T10:50:00+00:00@13213.15:pips=10.0:frac=0.5,2026-06-23T11:00:00+00:00@13217.05:TRAIL_STOP:pips=6.1:frac=0.5,8.05,True,12.1,2.5,-9.6
DIAAAAXTRHQDNA5,True,2026-06-24,TRAIL_STOP,True,8.0,11.05,19.05,True,2026-06-24T06:40:00+00:00@13188.55:pips=10.0:frac=0.5,2026-06-24T07:00:00+00:00@13189.75:TRAIL_STOP:pips=8.8:frac=0.5,9.4,True,38.5,4.3,-9.65
DIAAAAXT4HQ4FAV,True,2026-06-24,BRIEFING_TP1_CLOSE,False,8.1,21.2,29.3,True,2026-06-24T12:40:00+00:00@13152.85:pips=10.0:frac=0.5,2026-06-24T12:40:00+00:00@13155.65:TRAIL_STOP:pips=7.2:frac=0.5,8.6,True,21.4,6.5,-20.7
DIAAAAXT64ULRAM,True,2026-06-24,SL_HIT,True,,,-20.35,,2026-06-24T17:55:00+00:00@13154.15:pips=10.0:frac=0.5,2026-06-24T18:25:00+00:00@13164.15:SCALE_OUT_BE:pips=0.0:frac=0.5,5.0,True,10.3,15.4,25.35
