variant,fire_ts,rejection_bar_open,setup_bar_open,entry_price,reason,pierce_depth_pips,env_pierce_threshold_pips,env_h1_counter_gate,h1_direction,h1_separation_pips,h1_separation_strength,slot_open
0.5,2026-05-26T06:35:00+00:00,2026-05-26T06:30:00+00:00,2026-05-26T06:25:00+00:00,13477.75,REJECTED_BY_ENV_PIERCE_THRESHOLD,1.832,2.0,False,,,,False
0.5,2026-05-26T08:30:00+00:00,2026-05-26T08:25:00+00:00,2026-05-26T08:10:00+00:00,13476.25,REJECTED_BY_ENV_PIERCE_THRESHOLD,0.662,2.0,False,,,,False
0.5,2026-05-26T09:40:00+00:00,2026-05-26T09:35:00+00:00,2026-05-26T09:20:00+00:00,13481.25,REJECTED_BY_POSITION_SLOT,0.692,2.0,False,,,,True
0.5,2026-05-26T10:05:00+00:00,2026-05-26T10:00:00+00:00,2026-05-26T09:55:00+00:00,13479.349999999999,REJECTED_BY_POSITION_SLOT,0.532,2.0,False,,,,True
0.5,2026-05-26T10:40:00+00:00,2026-05-26T10:35:00+00:00,2026-05-26T10:30:00+00:00,13481.75,REJECTED_BY_POSITION_SLOT,0.701,2.0,False,,,,True
0.5,2026-05-26T11:00:00+00:00,2026-05-26T10:55:00+00:00,2026-05-26T10:50:00+00:00,13485.25,REJECTED_BY_POSITION_SLOT,1.993,2.0,False,,,,True
0.5,2026-05-26T11:15:00+00:00,2026-05-26T11:10:00+00:00,2026-05-26T11:00:00+00:00,13485.45,REJECTED_BY_POSITION_SLOT,1.836,2.0,False,,,,True
0.5,2026-05-26T11:30:00+00:00,2026-05-26T11:25:00+00:00,2026-05-26T11:15:00+00:00,13480.75,REJECTED_BY_POSITION_SLOT,0.874,2.0,False,,,,True
0.5,2026-05-26T14:45:00+00:00,2026-05-26T14:40:00+00:00,2026-05-26T14:35:00+00:00,13460.95,REJECTED_BY_ENV_PIERCE_THRESHOLD,0.593,2.0,False,,,,False
0.5,2026-05-27T09:25:00+00:00,2026-05-27T09:20:00+00:00,2026-05-27T09:15:00+00:00,13448.650000000001,REJECTED_BY_ENV_PIERCE_THRESHOLD,0.765,2.0,False,BEARISH,-5.686,0.379,False
0.5,2026-05-27T12:45:00+00:00,2026-05-27T12:40:00+00:00,2026-05-27T12:25:00+00:00,13449.25,UNRESOLVED,8.364,2.0,False,BEARISH,-7.17,0.478,False
0.5,2026-05-27T14:25:00+00:00,2026-05-27T14:20:00+00:00,2026-05-27T14:15:00+00:00,13445.75,REJECTED_BY_POSITION_SLOT,3.444,2.0,False,BEARISH,-5.851,0.39,True
0.5,2026-05-27T14:50:00+00:00,2026-05-27T14:45:00+00:00,2026-05-27T14:30:00+00:00,13443.849999999999,REJECTED_BY_POSITION_SLOT,1.273,2.0,False,BEARISH,-5.851,0.39,True
0.5,2026-05-28T09:20:00+00:00,2026-05-28T09:15:00+00:00,2026-05-28T09:10:00+00:00,13405.45,REJECTED_BY_ENV_PIERCE_THRESHOLD,0.919,2.0,False,BEARISH,-12.833,0.856,False
0.5,2026-05-28T09:30:00+00:00,2026-05-28T09:25:00+00:00,2026-05-28T09:20:00+00:00,13404.25,REJECTED_BY_POSITION_SLOT,1.307,2.0,False,BEARISH,-12.833,0.856,True
0.5,2026-05-28T13:00:00+00:00,2026-05-28T12:55:00+00:00,2026-05-28T12:45:00+00:00,13420.45,REJECTED_BY_ENV_PIERCE_THRESHOLD,0.847,2.0,False,BEARISH,-6.243,0.416,False
0.5,2026-05-28T13:10:00+00:00,2026-05-28T13:05:00+00:00,2026-05-28T13:00:00+00:00,13420.45,REJECTED_BY_POSITION_SLOT,1.215,2.0,False,BEARISH,-6.243,0.416,True
0.5,2026-05-28T16:40:00+00:00,2026-05-28T16:35:00+00:00,2026-05-28T16:20:00+00:00,13441.25,UNRESOLVED,5.163,2.0,False,BEARISH,-0.587,0.039,False
0.5,2026-05-29T06:40:00+00:00,2026-05-29T06:35:00+00:00,2026-05-29T06:30:00+00:00,13437.650000000001,REJECTED_BY_ENV_PIERCE_THRESHOLD,1.78,2.0,False,BULLISH,9.2,0.613,False
0.5,2026-05-29T07:05:00+00:00,2026-05-29T07:00:00+00:00,2026-05-29T06:55:00+00:00,13436.650000000001,REJECTED_BY_POSITION_SLOT,1.456,2.0,False,BULLISH,9.129,0.609,True
0.5,2026-06-01T07:05:00+00:00,2026-06-01T07:00:00+00:00,2026-06-01T06:45:00+00:00,13469.849999999999,REJECTED_BY_POSITION_SLOT,3.1,2.0,False,BULLISH,9.575,0.638,True
0.5,2026-06-01T12:50:00+00:00,2026-06-01T12:45:00+00:00,2026-06-01T12:30:00+00:00,13464.849999999999,REJECTED_BY_POSITION_SLOT,1.611,2.0,False,BULLISH,7.616,0.508,True
0.5,2026-06-01T13:05:00+00:00,2026-06-01T13:00:00+00:00,2026-06-01T12:45:00+00:00,13456.650000000001,REJECTED_BY_POSITION_SLOT,0.728,2.0,False,BULLISH,7.061,0.471,True
0.5,2026-06-01T15:40:00+00:00,2026-06-01T15:35:00+00:00,2026-06-01T15:20:00+00:00,13446.25,REJECTED_BY_POSITION_SLOT,1.489,2.0,False,BEARISH,-1.866,0.124,True
0.5,2026-06-01T16:45:00+00:00,2026-06-01T16:40:00+00:00,2026-06-01T16:35:00+00:00,13448.55,REJECTED_BY_ENV_PIERCE_THRESHOLD,0.933,2.0,False,BEARISH,-1.682,0.112,False
0.5,2026-06-02T10:20:00+00:00,2026-06-02T10:15:00+00:00,2026-06-02T10:05:00+00:00,13470.349999999999,REJECTED_BY_POSITION_SLOT,0.683,2.0,False,BULLISH,5.091,0.339,True
0.5,2026-06-02T12:05:00+00:00,2026-06-02T12:00:00+00:00,2026-06-02T11:50:00+00:00,13471.75,UNRESOLVED,2.214,2.0,False,BULLISH,5.493,0.366,False
0.5,2026-06-02T12:40:00+00:00,2026-06-02T12:35:00+00:00,2026-06-02T12:20:00+00:00,13474.55,REJECTED_BY_POSITION_SLOT,0.58,2.0,False,BULLISH,5.493,0.366,True
0.5,2026-06-02T13:50:00+00:00,2026-06-02T13:45:00+00:00,2026-06-02T13:30:00+00:00,13470.650000000001,REJECTED_BY_POSITION_SLOT,0.649,2.0,False,BULLISH,5.438,0.363,True
0.5,2026-06-02T14:50:00+00:00,2026-06-02T14:45:00+00:00,2026-06-02T14:40:00+00:00,13476.349999999999,REJECTED_BY_POSITION_SLOT,2.112,2.0,False,BULLISH,5.236,0.349,True
0.5,2026-06-03T10:15:00+00:00,2026-06-03T10:10:00+00:00,2026-06-03T10:05:00+00:00,13452.75,UNRESOLVED,6.95,2.0,False,BEARISH,-5.572,0.371,False
0.5,2026-06-04T09:45:00+00:00,2026-06-04T09:40:00+00:00,2026-06-04T09:35:00+00:00,13439.349999999999,REJECTED_BY_POSITION_SLOT,2.196,2.0,False,BEARISH,-3.206,0.214,True
0.5,2026-06-09T06:30:00+00:00,2026-06-09T06:25:00+00:00,2026-06-09T06:10:00+00:00,13369.349999999999,UNRESOLVED,3.086,1.0,False,BEARISH,-4.328,0.289,False
0.5,2026-06-09T08:00:00+00:00,2026-06-09T07:55:00+00:00,2026-06-09T07:50:00+00:00,13367.05,REJECTED_BY_ENV_PIERCE_THRESHOLD,0.912,1.0,False,FLAT,-0.442,0.0,False
0.5,2026-06-09T08:30:00+00:00,2026-06-09T08:25:00+00:00,2026-06-09T08:10:00+00:00,13375.150000000001,REJECTED_BY_POSITION_SLOT,6.174,1.0,False,FLAT,-0.442,0.0,True
0.5,2026-06-09T08:50:00+00:00,2026-06-09T08:45:00+00:00,2026-06-09T08:35:00+00:00,13374.75,REJECTED_BY_POSITION_SLOT,1.124,1.0,False,FLAT,-0.442,0.0,True
0.5,2026-06-09T09:30:00+00:00,2026-06-09T09:25:00+00:00,2026-06-09T09:10:00+00:00,13386.75,REJECTED_BY_ENV_PIERCE_THRESHOLD,0.986,1.0,False,BULLISH,2.681,0.179,False
0.5,2026-06-09T10:55:00+00:00,2026-06-09T10:50:00+00:00,2026-06-09T10:40:00+00:00,13394.25,REJECTED_BY_POSITION_SLOT,0.546,1.0,False,BULLISH,5.794,0.386,True
0.5,2026-06-09T12:00:00+00:00,2026-06-09T11:55:00+00:00,2026-06-09T11:50:00+00:00,13402.349999999999,REJECTED_BY_POSITION_SLOT,2.278,1.0,False,BULLISH,11.812,0.787,True
0.5,2026-06-09T12:15:00+00:00,2026-06-09T12:10:00+00:00,2026-06-09T12:00:00+00:00,13401.650000000001,UNRESOLVED,3.962,1.0,False,BULLISH,11.812,0.787,False
0.5,2026-06-09T13:20:00+00:00,2026-06-09T13:15:00+00:00,2026-06-09T13:00:00+00:00,13404.95,REJECTED_BY_POSITION_SLOT,2.223,1.0,False,BULLISH,13.856,0.924,True
0.5,2026-06-09T13:55:00+00:00,2026-06-09T13:50:00+00:00,2026-06-09T13:45:00+00:00,13398.55,REJECTED_BY_POSITION_SLOT,3.683,1.0,False,BULLISH,13.856,0.924,True
0.5,2026-06-10T12:55:00+00:00,2026-06-10T12:50:00+00:00,2026-06-10T12:35:00+00:00,13398.150000000001,UNRESOLVED,3.762,1.0,False,BULLISH,3.198,0.213,False
0.5,2026-06-10T13:55:00+00:00,2026-06-10T13:50:00+00:00,2026-06-10T13:35:00+00:00,13414.95,REJECTED_BY_POSITION_SLOT,4.117,1.0,False,BULLISH,3.307,0.22,True
0.5,2026-06-12T08:30:00+00:00,2026-06-12T08:25:00+00:00,2026-06-12T08:15:00+00:00,13407.95,UNRESOLVED,5.584,1.0,False,BULLISH,7.49,0.499,False
0.5,2026-06-12T13:45:00+00:00,2026-06-12T13:40:00+00:00,2026-06-12T13:30:00+00:00,13398.25,UNRESOLVED,2.737,1.0,False,BULLISH,5.202,0.347,False
0.5,2026-06-12T14:15:00+00:00,2026-06-12T14:10:00+00:00,2026-06-12T14:00:00+00:00,13406.05,REJECTED_BY_POSITION_SLOT,0.692,1.0,False,BULLISH,4.049,0.27,True
0.5,2026-06-12T15:20:00+00:00,2026-06-12T15:15:00+00:00,2026-06-12T15:05:00+00:00,13412.95,REJECTED_BY_POSITION_SLOT,1.169,1.0,False,BULLISH,4.925,0.328,True
0.5,2026-06-12T15:35:00+00:00,2026-06-12T15:30:00+00:00,2026-06-12T15:25:00+00:00,13417.349999999999,UNRESOLVED,1.6,1.0,False,BULLISH,4.925,0.328,False
0.5,2026-06-15T10:45:00+00:00,2026-06-15T10:40:00+00:00,2026-06-15T10:35:00+00:00,13430.849999999999,REJECTED_BY_ENV_PIERCE_THRESHOLD,0.842,1.0,False,BULLISH,5.093,0.34,False
0.5,2026-06-15T15:05:00+00:00,2026-06-15T15:00:00+00:00,2026-06-15T14:50:00+00:00,13435.650000000001,UNRESOLVED,1.115,1.0,False,BULLISH,3.132,0.209,False
0.5,2026-06-16T07:25:00+00:00,2026-06-16T07:20:00+00:00,2026-06-16T07:05:00+00:00,13407.05,UNRESOLVED,1.757,1.0,False,BEARISH,-8.378,0.559,False
0.5,2026-06-16T08:40:00+00:00,2026-06-16T08:35:00+00:00,2026-06-16T08:30:00+00:00,13418.45,REJECTED_BY_POSITION_SLOT,0.678,1.0,False,BEARISH,-6.099,0.407,True
0.5,2026-06-16T09:15:00+00:00,2026-06-16T09:10:00+00:00,2026-06-16T09:05:00+00:00,13420.75,UNRESOLVED,1.083,1.0,False,BEARISH,-3.234,0.216,False
0.5,2026-06-16T09:20:00+00:00,2026-06-16T09:15:00+00:00,2026-06-16T09:10:00+00:00,13418.650000000001,REJECTED_BY_POSITION_SLOT,1.364,1.0,False,BEARISH,-3.234,0.216,True
0.5,2026-06-16T11:05:00+00:00,2026-06-16T11:00:00+00:00,2026-06-16T10:55:00+00:00,13423.75,REJECTED_BY_POSITION_SLOT,4.569,1.0,False,FLAT,0.324,0.0,True
0.5,2026-06-16T13:50:00+00:00,2026-06-16T13:45:00+00:00,2026-06-16T13:35:00+00:00,13412.25,REJECTED_BY_ENV_PIERCE_THRESHOLD,0.61,1.0,False,FLAT,0.282,0.0,False
0.5,2026-06-16T15:05:00+00:00,2026-06-16T15:00:00+00:00,2026-06-16T14:45:00+00:00,13423.849999999999,REJECTED_BY_POSITION_SLOT,1.008,1.0,False,BULLISH,1.222,0.081,True
0.5,2026-06-18T12:35:00+00:00,2026-06-18T12:30:00+00:00,2026-06-18T12:20:00+00:00,13240.25,UNRESOLVED,6.856,1.0,False,BEARISH,-43.296,1.0,False
0.5,2026-06-18T15:05:00+00:00,2026-06-18T15:00:00+00:00,2026-06-18T14:55:00+00:00,13245.25,UNRESOLVED,1.486,1.0,False,BEARISH,-36.519,1.0,False
0.5,2026-06-19T08:55:00+00:00,2026-06-19T08:50:00+00:00,2026-06-19T08:40:00+00:00,13229.349999999999,UNRESOLVED,4.753,1.0,False,BEARISH,-20.278,1.0,False
0.5,2026-06-19T15:05:00+00:00,2026-06-19T15:00:00+00:00,2026-06-19T14:55:00+00:00,13227.45,REJECTED_BY_POSITION_SLOT,4.132,1.0,False,BULLISH,1.163,0.078,True
0.5,2026-06-19T15:15:00+00:00,2026-06-19T15:10:00+00:00,2026-06-19T15:00:00+00:00,13224.150000000001,REJECTED_BY_POSITION_SLOT,3.512,1.0,False,BULLISH,1.163,0.078,True
0.5,2026-06-22T12:45:00+00:00,2026-06-22T12:40:00+00:00,2026-06-22T12:30:00+00:00,13270.150000000001,UNRESOLVED,4.311,1.0,False,BULLISH,3.33,0.222,False
0.5,2026-06-23T07:15:00+00:00,2026-06-23T07:10:00+00:00,2026-06-23T07:05:00+00:00,13246.05,REJECTED_BY_POSITION_SLOT,2.366,1.0,False,BULLISH,1.386,0.092,True
0.5,2026-06-23T14:00:00+00:00,2026-06-23T13:55:00+00:00,2026-06-23T13:45:00+00:00,13213.150000000001,UNRESOLVED,1.596,1.0,False,BEARISH,-8.795,0.586,False
0.5,2026-06-24T16:45:00+00:00,2026-06-24T16:40:00+00:00,2026-06-24T16:35:00+00:00,13171.849999999999,REJECTED_BY_POSITION_SLOT,2.818,1.0,False,BEARISH,-16.496,1.0,True
0.5,2026-06-25T07:45:00+00:00,2026-06-25T07:40:00+00:00,2026-06-25T07:30:00+00:00,13177.849999999999,UNRESOLVED,1.128,1.0,False,BULLISH,0.645,0.043,False
0.5,2026-06-25T08:05:00+00:00,2026-06-25T08:00:00+00:00,2026-06-25T07:50:00+00:00,13183.45,REJECTED_BY_POSITION_SLOT,0.733,1.0,False,BULLISH,2.02,0.135,True
0.5,2026-06-25T08:50:00+00:00,2026-06-25T08:45:00+00:00,2026-06-25T08:30:00+00:00,13191.45,REJECTED_BY_POSITION_SLOT,1.887,1.0,False,BULLISH,2.02,0.135,True
0.5,2026-06-25T12:55:00+00:00,2026-06-25T12:50:00+00:00,2026-06-25T12:35:00+00:00,13179.95,UNRESOLVED,8.021,1.0,False,BEARISH,-1.101,0.073,False
0.5,2026-06-25T13:35:00+00:00,2026-06-25T13:30:00+00:00,2026-06-25T13:20:00+00:00,13193.05,REJECTED_BY_POSITION_SLOT,0.893,1.0,False,BEARISH,-0.571,0.038,True
0.5,2026-06-25T14:10:00+00:00,2026-06-25T14:05:00+00:00,2026-06-25T14:00:00+00:00,13208.95,UNRESOLVED,6.399,1.0,False,BULLISH,1.43,0.095,False
0.5,2026-06-25T15:15:00+00:00,2026-06-25T15:10:00+00:00,2026-06-25T15:05:00+00:00,13201.05,UNRESOLVED,2.533,1.0,False,BULLISH,4.418,0.295,False
1.0,2026-05-26T06:35:00+00:00,2026-05-26T06:30:00+00:00,2026-05-26T06:25:00+00:00,13477.75,REJECTED_BY_ENV_PIERCE_THRESHOLD,1.832,2.0,False,,,,False
1.0,2026-05-26T09:40:00+00:00,2026-05-26T09:35:00+00:00,2026-05-26T09:30:00+00:00,13481.25,REJECTED_BY_ENV_PIERCE_THRESHOLD,1.208,2.0,False,,,,False
1.0,2026-05-26T11:00:00+00:00,2026-05-26T10:55:00+00:00,2026-05-26T10:50:00+00:00,13485.25,REJECTED_BY_POSITION_SLOT,1.993,2.0,False,,,,True
1.0,2026-05-26T11:15:00+00:00,2026-05-26T11:10:00+00:00,2026-05-26T11:00:00+00:00,13485.45,REJECTED_BY_POSITION_SLOT,1.836,2.0,False,,,,True
1.0,2026-05-27T12:45:00+00:00,2026-05-27T12:40:00+00:00,2026-05-27T12:25:00+00:00,13449.25,UNRESOLVED,8.364,2.0,False,BEARISH,-7.17,0.478,False
1.0,2026-05-27T14:25:00+00:00,2026-05-27T14:20:00+00:00,2026-05-27T14:15:00+00:00,13445.75,REJECTED_BY_POSITION_SLOT,3.444,2.0,False,BEARISH,-5.851,0.39,True
1.0,2026-05-27T14:50:00+00:00,2026-05-27T14:45:00+00:00,2026-05-27T14:30:00+00:00,13443.849999999999,REJECTED_BY_POSITION_SLOT,1.273,2.0,False,BEARISH,-5.851,0.39,True
1.0,2026-05-28T09:30:00+00:00,2026-05-28T09:25:00+00:00,2026-05-28T09:20:00+00:00,13404.25,REJECTED_BY_ENV_PIERCE_THRESHOLD,1.307,2.0,False,BEARISH,-12.833,0.856,False
1.0,2026-05-28T13:00:00+00:00,2026-05-28T12:55:00+00:00,2026-05-28T12:50:00+00:00,13420.45,REJECTED_BY_ENV_PIERCE_THRESHOLD,1.418,2.0,False,BEARISH,-6.243,0.416,False
1.0,2026-05-28T13:10:00+00:00,2026-05-28T13:05:00+00:00,2026-05-28T13:00:00+00:00,13420.45,REJECTED_BY_POSITION_SLOT,1.215,2.0,False,BEARISH,-6.243,0.416,True
1.0,2026-05-28T16:40:00+00:00,2026-05-28T16:35:00+00:00,2026-05-28T16:20:00+00:00,13441.25,UNRESOLVED,5.163,2.0,False,BEARISH,-0.587,0.039,False
1.0,2026-05-29T06:40:00+00:00,2026-05-29T06:35:00+00:00,2026-05-29T06:30:00+00:00,13437.650000000001,REJECTED_BY_ENV_PIERCE_THRESHOLD,1.78,2.0,False,BULLISH,9.2,0.613,False
1.0,2026-05-29T07:05:00+00:00,2026-05-29T07:00:00+00:00,2026-05-29T06:55:00+00:00,13436.650000000001,REJECTED_BY_POSITION_SLOT,1.456,2.0,False,BULLISH,9.129,0.609,True
1.0,2026-06-01T12:50:00+00:00,2026-06-01T12:45:00+00:00,2026-06-01T12:30:00+00:00,13464.849999999999,REJECTED_BY_POSITION_SLOT,1.611,2.0,False,BULLISH,7.616,0.508,True
1.0,2026-06-01T15:40:00+00:00,2026-06-01T15:35:00+00:00,2026-06-01T15:20:00+00:00,13446.25,REJECTED_BY_POSITION_SLOT,1.489,2.0,False,BEARISH,-1.866,0.124,True
1.0,2026-06-02T10:20:00+00:00,2026-06-02T10:15:00+00:00,2026-06-02T10:10:00+00:00,13470.349999999999,REJECTED_BY_ENV_PIERCE_THRESHOLD,1.95,2.0,False,BULLISH,5.091,0.339,False
1.0,2026-06-02T12:05:00+00:00,2026-06-02T12:00:00+00:00,2026-06-02T11:50:00+00:00,13471.75,REJECTED_BY_POSITION_SLOT,2.214,2.0,False,BULLISH,5.493,0.366,True
1.0,2026-06-03T10:15:00+00:00,2026-06-03T10:10:00+00:00,2026-06-03T10:05:00+00:00,13452.75,UNRESOLVED,6.95,2.0,False,BEARISH,-5.572,0.371,False
1.0,2026-06-09T06:30:00+00:00,2026-06-09T06:25:00+00:00,2026-06-09T06:10:00+00:00,13369.349999999999,UNRESOLVED,3.086,1.0,False,BEARISH,-4.328,0.289,False
1.0,2026-06-09T08:30:00+00:00,2026-06-09T08:25:00+00:00,2026-06-09T08:10:00+00:00,13375.150000000001,UNRESOLVED,6.174,1.0,False,FLAT,-0.442,0.0,False
1.0,2026-06-09T08:50:00+00:00,2026-06-09T08:45:00+00:00,2026-06-09T08:35:00+00:00,13374.75,REJECTED_BY_POSITION_SLOT,1.124,1.0,False,FLAT,-0.442,0.0,True
1.0,2026-06-09T09:30:00+00:00,2026-06-09T09:25:00+00:00,2026-06-09T09:15:00+00:00,13386.75,REJECTED_BY_POSITION_SLOT,1.261,1.0,False,BULLISH,2.681,0.179,True
1.0,2026-06-09T12:00:00+00:00,2026-06-09T11:55:00+00:00,2026-06-09T11:50:00+00:00,13402.349999999999,UNRESOLVED,2.278,1.0,False,BULLISH,11.812,0.787,False
1.0,2026-06-09T12:15:00+00:00,2026-06-09T12:10:00+00:00,2026-06-09T12:00:00+00:00,13401.650000000001,REJECTED_BY_POSITION_SLOT,3.962,1.0,False,BULLISH,11.812,0.787,True
1.0,2026-06-09T13:20:00+00:00,2026-06-09T13:15:00+00:00,2026-06-09T13:00:00+00:00,13404.95,REJECTED_BY_POSITION_SLOT,2.223,1.0,False,BULLISH,13.856,0.924,True
1.0,2026-06-09T13:55:00+00:00,2026-06-09T13:50:00+00:00,2026-06-09T13:45:00+00:00,13398.55,REJECTED_BY_POSITION_SLOT,3.683,1.0,False,BULLISH,13.856,0.924,True
1.0,2026-06-10T12:55:00+00:00,2026-06-10T12:50:00+00:00,2026-06-10T12:35:00+00:00,13398.150000000001,UNRESOLVED,3.762,1.0,False,BULLISH,3.198,0.213,False
1.0,2026-06-10T13:55:00+00:00,2026-06-10T13:50:00+00:00,2026-06-10T13:35:00+00:00,13414.95,REJECTED_BY_POSITION_SLOT,4.117,1.0,False,BULLISH,3.307,0.22,True
1.0,2026-06-12T08:30:00+00:00,2026-06-12T08:25:00+00:00,2026-06-12T08:15:00+00:00,13407.95,UNRESOLVED,5.584,1.0,False,BULLISH,7.49,0.499,False
1.0,2026-06-12T13:45:00+00:00,2026-06-12T13:40:00+00:00,2026-06-12T13:30:00+00:00,13398.25,UNRESOLVED,2.737,1.0,False,BULLISH,5.202,0.347,False
1.0,2026-06-12T15:20:00+00:00,2026-06-12T15:15:00+00:00,2026-06-12T15:05:00+00:00,13412.95,REJECTED_BY_POSITION_SLOT,1.169,1.0,False,BULLISH,4.925,0.328,True
1.0,2026-06-12T15:35:00+00:00,2026-06-12T15:30:00+00:00,2026-06-12T15:25:00+00:00,13417.349999999999,UNRESOLVED,1.6,1.0,False,BULLISH,4.925,0.328,False
1.0,2026-06-15T15:05:00+00:00,2026-06-15T15:00:00+00:00,2026-06-15T14:50:00+00:00,13435.650000000001,UNRESOLVED,1.115,1.0,False,BULLISH,3.132,0.209,False
1.0,2026-06-16T07:25:00+00:00,2026-06-16T07:20:00+00:00,2026-06-16T07:05:00+00:00,13407.05,UNRESOLVED,1.757,1.0,False,BEARISH,-8.378,0.559,False
1.0,2026-06-16T09:15:00+00:00,2026-06-16T09:10:00+00:00,2026-06-16T09:05:00+00:00,13420.75,UNRESOLVED,1.083,1.0,False,BEARISH,-3.234,0.216,False
1.0,2026-06-16T09:20:00+00:00,2026-06-16T09:15:00+00:00,2026-06-16T09:10:00+00:00,13418.650000000001,REJECTED_BY_POSITION_SLOT,1.364,1.0,False,BEARISH,-3.234,0.216,True
1.0,2026-06-16T11:05:00+00:00,2026-06-16T11:00:00+00:00,2026-06-16T10:55:00+00:00,13423.75,REJECTED_BY_POSITION_SLOT,4.569,1.0,False,FLAT,0.324,0.0,True
1.0,2026-06-16T16:05:00+00:00,2026-06-16T16:00:00+00:00,2026-06-16T15:50:00+00:00,13433.45,REJECTED_BY_POSITION_SLOT,1.917,1.0,False,BULLISH,3.637,0.242,True
1.0,2026-06-18T12:35:00+00:00,2026-06-18T12:30:00+00:00,2026-06-18T12:20:00+00:00,13240.25,UNRESOLVED,6.856,1.0,False,BEARISH,-43.296,1.0,False
1.0,2026-06-18T15:05:00+00:00,2026-06-18T15:00:00+00:00,2026-06-18T14:55:00+00:00,13245.25,UNRESOLVED,1.486,1.0,False,BEARISH,-36.519,1.0,False
1.0,2026-06-19T08:55:00+00:00,2026-06-19T08:50:00+00:00,2026-06-19T08:40:00+00:00,13229.349999999999,UNRESOLVED,4.753,1.0,False,BEARISH,-20.278,1.0,False
1.0,2026-06-19T15:05:00+00:00,2026-06-19T15:00:00+00:00,2026-06-19T14:55:00+00:00,13227.45,REJECTED_BY_POSITION_SLOT,4.132,1.0,False,BULLISH,1.163,0.078,True
1.0,2026-06-19T15:15:00+00:00,2026-06-19T15:10:00+00:00,2026-06-19T15:00:00+00:00,13224.150000000001,REJECTED_BY_POSITION_SLOT,3.512,1.0,False,BULLISH,1.163,0.078,True
1.0,2026-06-22T12:45:00+00:00,2026-06-22T12:40:00+00:00,2026-06-22T12:30:00+00:00,13270.150000000001,UNRESOLVED,4.311,1.0,False,BULLISH,3.33,0.222,False
1.0,2026-06-23T07:15:00+00:00,2026-06-23T07:10:00+00:00,2026-06-23T07:05:00+00:00,13246.05,REJECTED_BY_POSITION_SLOT,2.366,1.0,False,BULLISH,1.386,0.092,True
1.0,2026-06-23T14:00:00+00:00,2026-06-23T13:55:00+00:00,2026-06-23T13:45:00+00:00,13213.150000000001,UNRESOLVED,1.596,1.0,False,BEARISH,-8.795,0.586,False
1.0,2026-06-24T16:45:00+00:00,2026-06-24T16:40:00+00:00,2026-06-24T16:35:00+00:00,13171.849999999999,REJECTED_BY_POSITION_SLOT,2.818,1.0,False,BEARISH,-16.496,1.0,True
1.0,2026-06-25T07:45:00+00:00,2026-06-25T07:40:00+00:00,2026-06-25T07:30:00+00:00,13177.849999999999,UNRESOLVED,1.128,1.0,False,BULLISH,0.645,0.043,False
1.0,2026-06-25T08:05:00+00:00,2026-06-25T08:00:00+00:00,2026-06-25T07:55:00+00:00,13183.45,REJECTED_BY_POSITION_SLOT,1.227,1.0,False,BULLISH,2.02,0.135,True
1.0,2026-06-25T08:50:00+00:00,2026-06-25T08:45:00+00:00,2026-06-25T08:30:00+00:00,13191.45,REJECTED_BY_POSITION_SLOT,1.887,1.0,False,BULLISH,2.02,0.135,True
1.0,2026-06-25T12:55:00+00:00,2026-06-25T12:50:00+00:00,2026-06-25T12:35:00+00:00,13179.95,UNRESOLVED,8.021,1.0,False,BEARISH,-1.101,0.073,False
1.0,2026-06-25T14:10:00+00:00,2026-06-25T14:05:00+00:00,2026-06-25T14:00:00+00:00,13208.95,UNRESOLVED,6.399,1.0,False,BULLISH,1.43,0.095,False
1.0,2026-06-25T15:15:00+00:00,2026-06-25T15:10:00+00:00,2026-06-25T15:05:00+00:00,13201.05,UNRESOLVED,2.533,1.0,False,BULLISH,4.418,0.295,False
2.0,2026-05-27T12:45:00+00:00,2026-05-27T12:40:00+00:00,2026-05-27T12:25:00+00:00,13449.25,UNRESOLVED,8.364,2.0,False,BEARISH,-7.17,0.478,False
2.0,2026-05-27T14:25:00+00:00,2026-05-27T14:20:00+00:00,2026-05-27T14:15:00+00:00,13445.75,REJECTED_BY_POSITION_SLOT,3.444,2.0,False,BEARISH,-5.851,0.39,True
2.0,2026-05-28T16:40:00+00:00,2026-05-28T16:35:00+00:00,2026-05-28T16:20:00+00:00,13441.25,UNRESOLVED,5.163,2.0,False,BEARISH,-0.587,0.039,False
2.0,2026-06-02T12:05:00+00:00,2026-06-02T12:00:00+00:00,2026-06-02T11:50:00+00:00,13471.75,UNRESOLVED,2.214,2.0,False,BULLISH,5.493,0.366,False
2.0,2026-06-02T14:50:00+00:00,2026-06-02T14:45:00+00:00,2026-06-02T14:40:00+00:00,13476.349999999999,REJECTED_BY_POSITION_SLOT,2.112,2.0,False,BULLISH,5.236,0.349,True
2.0,2026-06-03T10:15:00+00:00,2026-06-03T10:10:00+00:00,2026-06-03T10:05:00+00:00,13452.75,UNRESOLVED,6.95,2.0,False,BEARISH,-5.572,0.371,False
2.0,2026-06-09T06:30:00+00:00,2026-06-09T06:25:00+00:00,2026-06-09T06:10:00+00:00,13369.349999999999,UNRESOLVED,3.086,1.0,False,BEARISH,-4.328,0.289,False
2.0,2026-06-09T08:30:00+00:00,2026-06-09T08:25:00+00:00,2026-06-09T08:10:00+00:00,13375.150000000001,UNRESOLVED,6.174,1.0,False,FLAT,-0.442,0.0,False
2.0,2026-06-09T12:00:00+00:00,2026-06-09T11:55:00+00:00,2026-06-09T11:50:00+00:00,13402.349999999999,UNRESOLVED,2.278,1.0,False,BULLISH,11.812,0.787,False
2.0,2026-06-09T12:15:00+00:00,2026-06-09T12:10:00+00:00,2026-06-09T12:00:00+00:00,13401.650000000001,REJECTED_BY_POSITION_SLOT,3.962,1.0,False,BULLISH,11.812,0.787,True
2.0,2026-06-09T13:20:00+00:00,2026-06-09T13:15:00+00:00,2026-06-09T13:00:00+00:00,13404.95,REJECTED_BY_POSITION_SLOT,2.223,1.0,False,BULLISH,13.856,0.924,True
2.0,2026-06-09T13:55:00+00:00,2026-06-09T13:50:00+00:00,2026-06-09T13:45:00+00:00,13398.55,REJECTED_BY_POSITION_SLOT,3.683,1.0,False,BULLISH,13.856,0.924,True
2.0,2026-06-10T12:55:00+00:00,2026-06-10T12:50:00+00:00,2026-06-10T12:35:00+00:00,13398.150000000001,UNRESOLVED,3.762,1.0,False,BULLISH,3.198,0.213,False
2.0,2026-06-10T13:55:00+00:00,2026-06-10T13:50:00+00:00,2026-06-10T13:35:00+00:00,13414.95,REJECTED_BY_POSITION_SLOT,4.117,1.0,False,BULLISH,3.307,0.22,True
2.0,2026-06-12T08:30:00+00:00,2026-06-12T08:25:00+00:00,2026-06-12T08:15:00+00:00,13407.95,UNRESOLVED,5.584,1.0,False,BULLISH,7.49,0.499,False
2.0,2026-06-12T13:45:00+00:00,2026-06-12T13:40:00+00:00,2026-06-12T13:30:00+00:00,13398.25,UNRESOLVED,2.737,1.0,False,BULLISH,5.202,0.347,False
2.0,2026-06-15T15:05:00+00:00,2026-06-15T15:00:00+00:00,2026-06-15T14:55:00+00:00,13435.650000000001,UNRESOLVED,2.339,1.0,False,BULLISH,3.132,0.209,False
2.0,2026-06-16T11:05:00+00:00,2026-06-16T11:00:00+00:00,2026-06-16T10:55:00+00:00,13423.75,UNRESOLVED,4.569,1.0,False,FLAT,0.324,0.0,False
2.0,2026-06-16T16:05:00+00:00,2026-06-16T16:00:00+00:00,2026-06-16T15:55:00+00:00,13433.45,REJECTED_BY_POSITION_SLOT,6.792,1.0,False,BULLISH,3.637,0.242,True
2.0,2026-06-18T12:35:00+00:00,2026-06-18T12:30:00+00:00,2026-06-18T12:20:00+00:00,13240.25,UNRESOLVED,6.856,1.0,False,BEARISH,-43.296,1.0,False
2.0,2026-06-19T08:55:00+00:00,2026-06-19T08:50:00+00:00,2026-06-19T08:40:00+00:00,13229.349999999999,UNRESOLVED,4.753,1.0,False,BEARISH,-20.278,1.0,False
2.0,2026-06-19T15:05:00+00:00,2026-06-19T15:00:00+00:00,2026-06-19T14:55:00+00:00,13227.45,UNRESOLVED,4.132,1.0,False,BULLISH,1.163,0.078,False
2.0,2026-06-19T15:15:00+00:00,2026-06-19T15:10:00+00:00,2026-06-19T15:00:00+00:00,13224.150000000001,REJECTED_BY_POSITION_SLOT,3.512,1.0,False,BULLISH,1.163,0.078,True
2.0,2026-06-22T12:45:00+00:00,2026-06-22T12:40:00+00:00,2026-06-22T12:30:00+00:00,13270.150000000001,UNRESOLVED,4.311,1.0,False,BULLISH,3.33,0.222,False
2.0,2026-06-24T16:45:00+00:00,2026-06-24T16:40:00+00:00,2026-06-24T16:35:00+00:00,13171.849999999999,REJECTED_BY_POSITION_SLOT,2.818,1.0,False,BEARISH,-16.496,1.0,True
2.0,2026-06-25T12:55:00+00:00,2026-06-25T12:50:00+00:00,2026-06-25T12:35:00+00:00,13179.95,UNRESOLVED,8.021,1.0,False,BEARISH,-1.101,0.073,False
2.0,2026-06-25T14:10:00+00:00,2026-06-25T14:05:00+00:00,2026-06-25T14:00:00+00:00,13208.95,UNRESOLVED,6.399,1.0,False,BULLISH,1.43,0.095,False
2.0,2026-06-25T15:15:00+00:00,2026-06-25T15:10:00+00:00,2026-06-25T15:05:00+00:00,13201.05,UNRESOLVED,2.533,1.0,False,BULLISH,4.418,0.295,False
env,2026-05-27T12:45:00+00:00,2026-05-27T12:40:00+00:00,2026-05-27T12:25:00+00:00,13449.25,UNRESOLVED,8.364,2.0,False,BEARISH,-7.17,0.478,False
env,2026-05-27T14:25:00+00:00,2026-05-27T14:20:00+00:00,2026-05-27T14:15:00+00:00,13445.75,REJECTED_BY_POSITION_SLOT,3.444,2.0,False,BEARISH,-5.851,0.39,True
env,2026-05-28T16:40:00+00:00,2026-05-28T16:35:00+00:00,2026-05-28T16:20:00+00:00,13441.25,UNRESOLVED,5.163,2.0,False,BEARISH,-0.587,0.039,False
env,2026-06-02T12:05:00+00:00,2026-06-02T12:00:00+00:00,2026-06-02T11:50:00+00:00,13471.75,UNRESOLVED,2.214,2.0,False,BULLISH,5.493,0.366,False
env,2026-06-02T14:50:00+00:00,2026-06-02T14:45:00+00:00,2026-06-02T14:40:00+00:00,13476.349999999999,REJECTED_BY_POSITION_SLOT,2.112,2.0,False,BULLISH,5.236,0.349,True
env,2026-06-03T10:15:00+00:00,2026-06-03T10:10:00+00:00,2026-06-03T10:05:00+00:00,13452.75,UNRESOLVED,6.95,2.0,False,BEARISH,-5.572,0.371,False
env,2026-06-09T06:30:00+00:00,2026-06-09T06:25:00+00:00,2026-06-09T06:10:00+00:00,13369.349999999999,UNRESOLVED,3.086,1.0,False,BEARISH,-4.328,0.289,False
env,2026-06-09T08:30:00+00:00,2026-06-09T08:25:00+00:00,2026-06-09T08:10:00+00:00,13375.150000000001,UNRESOLVED,6.174,1.0,False,FLAT,-0.442,0.0,False
env,2026-06-09T08:50:00+00:00,2026-06-09T08:45:00+00:00,2026-06-09T08:35:00+00:00,13374.75,REJECTED_BY_POSITION_SLOT,1.124,1.0,False,FLAT,-0.442,0.0,True
env,2026-06-09T09:30:00+00:00,2026-06-09T09:25:00+00:00,2026-06-09T09:15:00+00:00,13386.75,REJECTED_BY_POSITION_SLOT,1.261,1.0,False,BULLISH,2.681,0.179,True
env,2026-06-09T12:00:00+00:00,2026-06-09T11:55:00+00:00,2026-06-09T11:50:00+00:00,13402.349999999999,UNRESOLVED,2.278,1.0,False,BULLISH,11.812,0.787,False
env,2026-06-09T12:15:00+00:00,2026-06-09T12:10:00+00:00,2026-06-09T12:00:00+00:00,13401.650000000001,REJECTED_BY_POSITION_SLOT,3.962,1.0,False,BULLISH,11.812,0.787,True
env,2026-06-09T13:20:00+00:00,2026-06-09T13:15:00+00:00,2026-06-09T13:00:00+00:00,13404.95,REJECTED_BY_POSITION_SLOT,2.223,1.0,False,BULLISH,13.856,0.924,True
env,2026-06-09T13:55:00+00:00,2026-06-09T13:50:00+00:00,2026-06-09T13:45:00+00:00,13398.55,REJECTED_BY_POSITION_SLOT,3.683,1.0,False,BULLISH,13.856,0.924,True
env,2026-06-10T12:55:00+00:00,2026-06-10T12:50:00+00:00,2026-06-10T12:35:00+00:00,13398.150000000001,UNRESOLVED,3.762,1.0,False,BULLISH,3.198,0.213,False
env,2026-06-10T13:55:00+00:00,2026-06-10T13:50:00+00:00,2026-06-10T13:35:00+00:00,13414.95,REJECTED_BY_POSITION_SLOT,4.117,1.0,False,BULLISH,3.307,0.22,True
env,2026-06-12T08:30:00+00:00,2026-06-12T08:25:00+00:00,2026-06-12T08:15:00+00:00,13407.95,UNRESOLVED,5.584,1.0,False,BULLISH,7.49,0.499,False
env,2026-06-12T13:45:00+00:00,2026-06-12T13:40:00+00:00,2026-06-12T13:30:00+00:00,13398.25,UNRESOLVED,2.737,1.0,False,BULLISH,5.202,0.347,False
env,2026-06-12T15:20:00+00:00,2026-06-12T15:15:00+00:00,2026-06-12T15:05:00+00:00,13412.95,REJECTED_BY_POSITION_SLOT,1.169,1.0,False,BULLISH,4.925,0.328,True
env,2026-06-12T15:35:00+00:00,2026-06-12T15:30:00+00:00,2026-06-12T15:25:00+00:00,13417.349999999999,UNRESOLVED,1.6,1.0,False,BULLISH,4.925,0.328,False
env,2026-06-15T15:05:00+00:00,2026-06-15T15:00:00+00:00,2026-06-15T14:50:00+00:00,13435.650000000001,UNRESOLVED,1.115,1.0,False,BULLISH,3.132,0.209,False
env,2026-06-16T07:25:00+00:00,2026-06-16T07:20:00+00:00,2026-06-16T07:05:00+00:00,13407.05,UNRESOLVED,1.757,1.0,False,BEARISH,-8.378,0.559,False
env,2026-06-16T09:15:00+00:00,2026-06-16T09:10:00+00:00,2026-06-16T09:05:00+00:00,13420.75,UNRESOLVED,1.083,1.0,False,BEARISH,-3.234,0.216,False
env,2026-06-16T09:20:00+00:00,2026-06-16T09:15:00+00:00,2026-06-16T09:10:00+00:00,13418.650000000001,REJECTED_BY_POSITION_SLOT,1.364,1.0,False,BEARISH,-3.234,0.216,True
env,2026-06-16T11:05:00+00:00,2026-06-16T11:00:00+00:00,2026-06-16T10:55:00+00:00,13423.75,REJECTED_BY_POSITION_SLOT,4.569,1.0,False,FLAT,0.324,0.0,True
env,2026-06-16T16:05:00+00:00,2026-06-16T16:00:00+00:00,2026-06-16T15:50:00+00:00,13433.45,REJECTED_BY_POSITION_SLOT,1.917,1.0,False,BULLISH,3.637,0.242,True
env,2026-06-18T12:35:00+00:00,2026-06-18T12:30:00+00:00,2026-06-18T12:20:00+00:00,13240.25,UNRESOLVED,6.856,1.0,False,BEARISH,-43.296,1.0,False
env,2026-06-18T15:05:00+00:00,2026-06-18T15:00:00+00:00,2026-06-18T14:55:00+00:00,13245.25,UNRESOLVED,1.486,1.0,False,BEARISH,-36.519,1.0,False
env,2026-06-19T08:55:00+00:00,2026-06-19T08:50:00+00:00,2026-06-19T08:40:00+00:00,13229.349999999999,UNRESOLVED,4.753,1.0,False,BEARISH,-20.278,1.0,False
env,2026-06-19T15:05:00+00:00,2026-06-19T15:00:00+00:00,2026-06-19T14:55:00+00:00,13227.45,REJECTED_BY_POSITION_SLOT,4.132,1.0,False,BULLISH,1.163,0.078,True
env,2026-06-19T15:15:00+00:00,2026-06-19T15:10:00+00:00,2026-06-19T15:00:00+00:00,13224.150000000001,REJECTED_BY_POSITION_SLOT,3.512,1.0,False,BULLISH,1.163,0.078,True
env,2026-06-22T12:45:00+00:00,2026-06-22T12:40:00+00:00,2026-06-22T12:30:00+00:00,13270.150000000001,UNRESOLVED,4.311,1.0,False,BULLISH,3.33,0.222,False
env,2026-06-23T07:15:00+00:00,2026-06-23T07:10:00+00:00,2026-06-23T07:05:00+00:00,13246.05,REJECTED_BY_POSITION_SLOT,2.366,1.0,False,BULLISH,1.386,0.092,True
env,2026-06-23T14:00:00+00:00,2026-06-23T13:55:00+00:00,2026-06-23T13:45:00+00:00,13213.150000000001,UNRESOLVED,1.596,1.0,False,BEARISH,-8.795,0.586,False
env,2026-06-24T16:45:00+00:00,2026-06-24T16:40:00+00:00,2026-06-24T16:35:00+00:00,13171.849999999999,REJECTED_BY_POSITION_SLOT,2.818,1.0,False,BEARISH,-16.496,1.0,True
env,2026-06-25T07:45:00+00:00,2026-06-25T07:40:00+00:00,2026-06-25T07:30:00+00:00,13177.849999999999,UNRESOLVED,1.128,1.0,False,BULLISH,0.645,0.043,False
env,2026-06-25T08:05:00+00:00,2026-06-25T08:00:00+00:00,2026-06-25T07:55:00+00:00,13183.45,REJECTED_BY_POSITION_SLOT,1.227,1.0,False,BULLISH,2.02,0.135,True
env,2026-06-25T08:50:00+00:00,2026-06-25T08:45:00+00:00,2026-06-25T08:30:00+00:00,13191.45,REJECTED_BY_POSITION_SLOT,1.887,1.0,False,BULLISH,2.02,0.135,True
env,2026-06-25T12:55:00+00:00,2026-06-25T12:50:00+00:00,2026-06-25T12:35:00+00:00,13179.95,UNRESOLVED,8.021,1.0,False,BEARISH,-1.101,0.073,False
env,2026-06-25T14:10:00+00:00,2026-06-25T14:05:00+00:00,2026-06-25T14:00:00+00:00,13208.95,UNRESOLVED,6.399,1.0,False,BULLISH,1.43,0.095,False
env,2026-06-25T15:15:00+00:00,2026-06-25T15:10:00+00:00,2026-06-25T15:05:00+00:00,13201.05,UNRESOLVED,2.533,1.0,False,BULLISH,4.418,0.295,False
