deal_id,trade_date,setup_bar_open_utc,setup_bar_high,rejection_bar_open_utc,rejection_bar_open,rejection_bar_high,rejection_bar_low,rejection_bar_close,baseline_entry_price,baseline_entry_ts,baseline_rejection_match,baseline_realised_pips,baseline_close_reason,baseline_mfe_pips,baseline_mae_pips,baseline_duration_min,baseline_scaled_out,alt_break_bar_ts_utc,alt_break_bar_index,alt_entry_price,alt_missed,alt_entry_delta_pips,alt_exit_ts_open,alt_exit_reason,alt_realised_pips,alt_mfe_pips,alt_mae_pips,alt_duration_bars,alt_scaled_out,alt_runner_exit_pips,diff_pips_actual_vs_alt,baseline_sim_exit_ts_open,baseline_sim_exit_reason,baseline_sim_pips,baseline_sim_mfe_pips,baseline_sim_mae_pips,baseline_sim_scaled_out,diff_pips_sim_baseline_vs_alt,baseline_realised_gbp_stake1,alt_realised_gbp_stake1
DIAAAAXMRHKJ8AY,2026-05-29,2026-05-29T06:55:00+00:00,13444.15,2026-05-29T07:00:00+00:00,13442.25,13442.25,13434.75,13436.65,13436.65,2026-05-29T07:05:04Z,True,29.8,BRIEFING_TP1_CLOSE,,,100,True,2026-05-29T07:10:00+00:00,2,13434.75,False,1.9,2026-05-29T11:05:00+00:00,OPEN_END_SCALED,13.25,26.0,4.4,48,True,16.5,-16.55,2026-05-29T10:55:00+00:00,OPEN_END_SCALED,14.4,27.9,5.6,True,-1.15,29.8,13.25
DIAAAAXMR2E6ZA2,2026-05-29,2026-05-29T11:05:00+00:00,13420.35,2026-05-29T11:10:00+00:00,13418.15,13418.25,13416.15,13416.45,13416.45,2026-05-29T11:15:03Z,True,-20.7,BRIEFING_TP_SL_OPEN,,,120,,2026-05-29T11:15:00+00:00,1,13416.15,False,0.3,2026-05-29T13:15:00+00:00,SL,-20.0,0.8,24.3,25,False,0.0,0.7,2026-05-29T13:15:00+00:00,SL,-20.0,1.1,24.0,False,0.0,-20.7,-20.0
DIAAAAXMSRVJBAM,2026-05-29,2026-05-29T15:10:00+00:00,13484.35,2026-05-29T15:15:00+00:00,13482.75,13482.75,13478.15,13478.25,13478.25,2026-05-29T15:20:01Z,True,17.15,EXTERNAL_MANUAL,,,68,True,2026-05-29T15:20:00+00:00,1,13478.15,False,0.1,2026-05-29T20:55:00+00:00,OPEN_END_SCALED,16.45,26.7,6.9,28,True,22.9,-0.7,2026-05-29T20:55:00+00:00,OPEN_END_SCALED,16.5,26.8,6.8,True,-0.05,17.15,16.45
DIAAAAXMW5KDFAV,2026-06-01,2026-06-01T06:05:00+00:00,13469.45,2026-06-01T06:10:00+00:00,13468.25,13469.05,13464.55,13466.45,13466.45,2026-06-01T06:15:03Z,True,-10.6,STRUCTURE_EXIT,,,41,,2026-06-01T06:15:00+00:00,1,13464.55,False,1.9,2026-06-01T10:10:00+00:00,OPEN_END,4.2,9.3,11.3,48,False,0.0,14.8,2026-06-01T08:10:00+00:00,SCALE_OUT_BE,5.0,11.2,9.4,True,-0.8,-10.6,4.2
DIAAAAXMXBJG3A7,2026-06-01,2026-06-01T06:55:00+00:00,13475.85,2026-06-01T07:00:00+00:00,13471.95,13472.45,13467.35,13469.85,13469.85,2026-06-01T07:05:01Z,True,10.15,BE_HIT_IG,,,70,True,2026-06-01T07:05:00+00:00,1,13467.35,False,2.5,2026-06-01T08:10:00+00:00,SCALE_OUT_BE,5.0,12.1,2.6,14,True,0.0,-5.15,2026-06-01T08:25:00+00:00,SCALE_OUT_BE,5.0,14.6,2.6,True,0.0,10.15,5.0
DIAAAAXMY8HJSAR,2026-06-01,2026-06-01T12:05:00+00:00,13468.15,2026-06-01T12:10:00+00:00,13465.15,13466.45,13463.05,13463.15,13463.15,2026-06-01T12:15:03Z,True,27.9,BRIEFING_TP1_CLOSE,,,56,True,2026-06-01T12:15:00+00:00,1,13463.05,False,0.1,2026-06-01T16:10:00+00:00,OPEN_END_SCALED,14.9,56.5,5.8,48,True,19.8,-13.0,2026-06-01T16:05:00+00:00,OPEN_END_SCALED,14.75,56.6,5.7,True,0.15,27.9,14.9
DIAAAAXMZ9XBEAZ,2026-06-01,2026-06-01T15:30:00+00:00,13455.65,2026-06-01T15:35:00+00:00,13448.15,13450.05,13444.65,13446.25,13446.25,2026-06-01T15:40:01Z,True,-14.8,STRUCTURE_EXIT,,,74,,2026-06-01T15:45:00+00:00,2,13444.65,False,1.6,2026-06-01T17:25:00+00:00,SL,-20.0,4.4,20.5,21,False,0.0,-5.2,2026-06-01T17:30:00+00:00,SL,-20.0,6.0,22.1,False,0.0,-14.8,-20.0
DIAAAAXM55ZFYAB,2026-06-02,2026-06-02T06:35:00+00:00,13481.25,2026-06-02T06:40:00+00:00,13478.75,13479.95,13474.65,13475.05,13475.05,2026-06-02T06:45:02Z,True,16.65,EXTERNAL_MANUAL,,,430,True,2026-06-02T06:50:00+00:00,2,13474.65,False,0.4,2026-06-02T10:10:00+00:00,SCALE_OUT_BE,5.0,13.5,4.3,41,True,0.0,-11.65,2026-06-02T10:35:00+00:00,OPEN_END_SCALED,8.05,13.9,4.9,True,-3.05,16.65,5.0
DIAAAAXNG5474BA,2026-06-02,2026-06-02T14:40:00+00:00,13480.85,2026-06-02T14:45:00+00:00,13478.95,13478.95,13474.35,13476.35,13476.35,2026-06-02T14:50:02Z,True,15.55,EXTERNAL_MANUAL,,,315,True,2026-06-02T14:50:00+00:00,1,13474.35,False,2.0,2026-06-02T18:45:00+00:00,OPEN_END_SCALED,7.85,20.5,5.5,48,True,5.7,-7.7,2026-06-02T18:40:00+00:00,OPEN_END_SCALED,11.6,22.5,3.5,True,-3.75,15.55,7.85
DIAAAAXNM9YTXA9,2026-06-03,2026-06-03T07:40:00+00:00,13462.55,2026-06-03T07:45:00+00:00,13462.35,13462.75,13459.15,13459.55,13459.55,2026-06-03T07:50:03Z,True,35.2,BRIEFING_TP1_CLOSE,,,287,True,2026-06-03T07:50:00+00:00,1,13459.15,False,0.4,2026-06-03T10:05:00+00:00,SCALE_OUT_BE,5.0,18.6,2.4,28,True,0.0,-30.2,2026-06-03T10:05:00+00:00,SCALE_OUT_BE,5.0,19.0,3.2,True,0.0,35.2,5.0
DIAAAAXNY6KNAA4,2026-06-03,2026-06-03T14:55:00+00:00,13437.05,2026-06-03T15:00:00+00:00,13436.75,13437.05,13429.25,13429.25,13429.25,2026-06-03T15:05:03Z,True,20.2,IG_RECONCILE,,,540,True,2026-06-03T15:05:00+00:00,1,13429.25,False,0.0,2026-06-03T19:00:00+00:00,OPEN_END_SCALED,10.4,17.8,10.2,48,True,10.8,-9.8,2026-06-03T18:55:00+00:00,OPEN_END_SCALED,11.0,17.8,10.2,True,-0.6,20.2,10.4
DIAAAAXN5VR44AW,2026-06-04,2026-06-04T06:40:00+00:00,13433.55,2026-06-04T06:45:00+00:00,13432.25,13432.25,13426.05,13426.75,13426.75,2026-06-04T06:50:02Z,True,8.75,EXTERNAL_MANUAL,,,73,True,2026-06-04T06:50:00+00:00,1,13426.05,False,0.7,2026-06-04T08:00:00+00:00,SCALE_OUT_BE,5.0,14.4,3.0,15,True,0.0,-3.75,2026-06-04T08:00:00+00:00,SCALE_OUT_BE,5.0,15.1,5.5,True,0.0,8.75,5.0
DIAAAAXN553HHAS,2026-06-04,2026-06-04T08:30:00+00:00,13435.35,2026-06-04T08:35:00+00:00,13429.55,13429.95,13427.55,13427.85,13427.85,2026-06-04T08:40:02Z,True,-14.7,STRUCTURE_EXIT,,,60,,,,,True,,,MISSED,0.0,0.0,0.0,0,False,0.0,,2026-06-04T11:00:00+00:00,SL,-20.0,0.3,21.6,False,20.0,-14.7,0.0
DIAAAAXN6APTYA2,2026-06-04,2026-06-04T09:35:00+00:00,13442.55,2026-06-04T09:40:00+00:00,13442.15,13442.45,13439.25,13439.35,13439.35,2026-06-04T09:45:16Z,True,-10.6,STRUCTURE_EXIT,,,76,,2026-06-04T09:45:00+00:00,1,13439.25,False,0.1,2026-06-04T11:20:00+00:00,SL,-20.0,5.0,20.0,20,False,0.0,-9.4,2026-06-04T11:25:00+00:00,SL,-20.0,5.1,22.4,False,0.0,-10.6,-20.0
DIAAAAXN6J25KAV,2026-06-04,2026-06-04T11:25:00+00:00,13461.75,2026-06-04T11:30:00+00:00,13458.65,13459.25,13452.35,13455.05,13455.05,2026-06-04T11:35:02Z,True,20.0,IG_RECONCILE,,,750,True,,,,True,,,MISSED,0.0,0.0,0.0,0,False,0.0,,2026-06-04T15:25:00+00:00,OPEN_END_SCALED,15.65,22.2,7.8,True,-15.65,20.0,0.0
DIAAAAXPA28XEA9,2026-06-05,2026-06-05T07:35:00+00:00,13448.55,2026-06-05T07:40:00+00:00,13447.45,13447.45,13443.25,13443.35,13443.35,2026-06-05T07:45:04Z,True,-11.4,STRUCTURE_EXIT,,,29,,2026-06-05T07:45:00+00:00,1,13443.25,False,0.1,2026-06-05T09:10:00+00:00,SL,-20.0,0.4,27.2,18,False,0.0,-8.6,2026-06-05T09:10:00+00:00,SL,-20.0,0.5,27.1,False,0.0,-11.4,-20.0
DIAAAAXPA9NAYAZ,2026-06-05,2026-06-05T09:10:00+00:00,13470.45,2026-06-05T09:15:00+00:00,13465.85,13466.45,13461.45,13461.45,13461.45,2026-06-05T09:20:05Z,True,-11.2,STRUCTURE_EXIT,,,59,,2026-06-05T09:20:00+00:00,1,13461.45,False,0.0,2026-06-05T10:30:00+00:00,SL,-20.0,2.1,21.6,15,False,0.0,-8.8,2026-06-05T10:30:00+00:00,SL,-20.0,2.1,21.6,False,0.0,-11.2,-20.0
DIAAAAXPBDNU3A2,2026-06-05,2026-06-05T10:30:00+00:00,13483.05,2026-06-05T10:35:00+00:00,13480.55,13480.95,13475.15,13477.15,13477.15,2026-06-05T10:40:14Z,True,21.75,EXTERNAL_MANUAL,,,109,True,2026-06-05T10:40:00+00:00,1,13475.15,False,2.0,2026-06-05T14:35:00+00:00,OPEN_END_SCALED,48.2,94.4,2.1,48,True,86.4,26.45,2026-06-05T14:30:00+00:00,OPEN_END_SCALED,48.8,96.4,3.8,True,-0.6,21.75,48.2
DIAAAAXP28DZ2BB,2026-06-09,2026-06-09T13:45:00+00:00,13411.55,2026-06-09T13:50:00+00:00,13406.55,13407.45,13398.35,13398.55,13398.55,2026-06-09T13:55:02Z,True,30.65,EXTERNAL_MANUAL,,,105,True,2026-06-09T13:55:00+00:00,1,13398.35,False,0.2,2026-06-09T17:50:00+00:00,OPEN_END_SCALED,12.35,40.0,8.9,48,True,14.7,-18.3,2026-06-09T17:45:00+00:00,OPEN_END_SCALED,12.6,40.2,8.9,True,-0.25,30.65,12.35
DIAAAAXQKRGH7A2,2026-06-10,2026-06-10T13:45:00+00:00,13423.65,2026-06-10T13:50:00+00:00,13421.75,13421.85,13413.65,13414.95,13414.95,2026-06-10T13:55:04Z,True,17.35,EXTERNAL_MANUAL,,,29,True,2026-06-10T13:55:00+00:00,1,13413.65,False,1.3,2026-06-10T17:50:00+00:00,OPEN_END_SCALED,17.4,43.0,3.9,48,True,24.8,0.05,2026-06-10T17:45:00+00:00,OPEN_END_SCALED,18.95,44.3,6.9,True,-1.55,17.35,17.4
DIAAAAXQQ5QXEAX,2026-06-11,2026-06-11T07:25:00+00:00,13392.05,2026-06-11T07:30:00+00:00,13389.85,13391.15,13387.55,13387.55,13387.55,2026-06-11T07:35:03Z,True,33.25,EXTERNAL_MANUAL,,,98,True,2026-06-11T07:35:00+00:00,1,13387.45,False,0.1,2026-06-11T11:30:00+00:00,OPEN_END_SCALED,16.95,35.0,1.5,48,True,23.9,-16.3,2026-06-11T11:25:00+00:00,OPEN_END_SCALED,16.85,35.1,3.6,True,0.1,33.25,16.95
DIAAAAXRXQB3QAB,2026-06-16,2026-06-16T14:55:00+00:00,13427.95,2026-06-16T15:00:00+00:00,13427.25,13427.85,13423.65,13423.85,13423.5,2026-06-16T15:05:01Z,False,-10.9,STRUCTURE_EXIT,,,50,,2026-06-16T15:05:00+00:00,1,13423.65,False,-0.15,2026-06-16T19:00:00+00:00,OPEN_END,-8.4,5.3,19.1,48,False,0.0,2.5,2026-06-16T18:55:00+00:00,OPEN_END,-5.05,5.15,19.25,False,-3.35,-10.9,-8.4
DIAAAAXRYQ37JAP,2026-06-16,2026-06-16T15:55:00+00:00,13442.75,2026-06-16T16:00:00+00:00,13436.95,13437.95,13433.45,13433.45,13433.2,2026-06-16T16:05:02Z,False,11.05,BE_HIT_IG,,,295,True,,,,True,,,MISSED,0.0,0.0,0.0,0,False,0.0,,2026-06-16T19:55:00+00:00,OPEN_END_SCALED,9.52,11.25,6.45,True,-9.52,11.05,0.0
DIAAAAXR4XMVAAP,2026-06-17,2026-06-17T07:55:00+00:00,13421.65,2026-06-17T08:00:00+00:00,13421.35,13421.55,13417.05,13418.05,13417.5,2026-06-17T08:05:10Z,False,8.55,BE_STOP_POST_SCALEOUT,,,52,True,2026-06-17T08:10:00+00:00,2,13417.05,False,0.45,2026-06-17T12:05:00+00:00,OPEN_END_SCALED,9.85,17.0,2.4,48,True,9.7,1.3,2026-06-17T11:55:00+00:00,OPEN_END_SCALED,11.33,17.45,4.05,True,-1.48,8.55,9.85
DIAAAAXR5KJSWAB,2026-06-17,2026-06-17T12:55:00+00:00,13416.45,2026-06-17T13:00:00+00:00,13414.65,13415.45,13412.65,13412.75,13412.3,2026-06-17T13:05:02Z,False,16.35,TRAIL_STOP,,,98,True,2026-06-17T13:05:00+00:00,1,13412.65,False,-0.35,2026-06-17T17:00:00+00:00,OPEN_END_SCALED,12.8,27.6,6.2,48,True,15.6,-3.55,2026-06-17T16:55:00+00:00,OPEN_END_SCALED,13.02,27.25,6.55,True,-0.22,16.35,12.8
DIAAAAXR9XHRHA6,2026-06-18,2026-06-18T06:30:00+00:00,13325.15,2026-06-18T06:35:00+00:00,13323.35,13323.65,13316.35,13319.65,13319.3,2026-06-18T06:40:11Z,False,27.6,BRIEFING_TP1_CLOSE,,,43,True,2026-06-18T06:50:00+00:00,3,13316.35,False,2.95,2026-06-18T07:00:00+00:00,SCALE_OUT_BE,5.0,11.5,4.6,3,True,0.0,-22.6,2026-06-18T10:30:00+00:00,OPEN_END_SCALED,47.67,94.55,5.05,True,-42.67,27.6,5.0
DIAAAAXSAPRX2BC,2026-06-18,2026-06-18T13:35:00+00:00,13249.35,2026-06-18T13:40:00+00:00,13248.05,13248.05,13242.65,13244.45,13242.8,2026-06-18T13:45:05Z,False,21.45,TRAIL_STOP,,,146,,2026-06-18T13:45:00+00:00,1,13242.65,False,0.15,2026-06-18T14:20:00+00:00,SCALE_OUT_BE,5.0,11.4,3.5,8,True,0.0,-16.45,2026-06-18T14:20:00+00:00,SCALE_OUT_BE,5.0,11.55,5.25,True,0.0,21.45,5.0
DIAAAAXSGAH9FAZ,2026-06-19,2026-06-19T12:50:00+00:00,13240.55,2026-06-19T12:55:00+00:00,13238.75,13238.85,13234.95,13235.45,13235.2,2026-06-19T13:00:02Z,False,20.75,TRAIL_STOP,,,53,True,2026-06-19T13:00:00+00:00,1,13234.95,False,0.25,2026-06-19T14:45:00+00:00,SCALE_OUT_BE,5.0,21.3,1.7,22,True,0.0,-15.75,2026-06-19T14:45:00+00:00,SCALE_OUT_BE,5.0,21.55,3.65,True,0.0,20.75,5.0
DIAAAAXSGSSZMAP,2026-06-19,2026-06-19T14:45:00+00:00,13236.15,2026-06-19T14:50:00+00:00,13231.95,13231.95,13216.55,13221.65,13223.8,2026-06-19T14:55:04Z,False,-12.8,STRUCTURE_EXIT,,,164,,,,,True,,,MISSED,0.0,0.0,0.0,0,False,0.0,,2026-06-19T18:45:00+00:00,OPEN_END,-13.35,7.25,15.0,False,13.35,-12.8,0.0
DIAAAAXSUJ933AF,2026-06-22,2026-06-22T15:00:00+00:00,13266.35,2026-06-22T15:05:00+00:00,13264.35,13267.05,13260.25,13260.25,13260.2,2026-06-22T15:10:01Z,True,21.25,TRAIL_STOP,,,73,True,2026-06-22T15:10:00+00:00,1,13260.15,False,0.05,2026-06-22T19:05:00+00:00,OPEN_END_SCALED,13.5,20.4,2.8,48,True,17.0,-7.75,2026-06-22T19:00:00+00:00,OPEN_END_SCALED,13.38,20.45,6.85,True,0.12,21.25,13.5
DIAAAAXS4AGPQAZ,2026-06-23,2026-06-23T06:20:00+00:00,13245.85,2026-06-23T06:25:00+00:00,13245.65,13245.65,13238.25,13240.05,13238.7,2026-06-23T06:30:01Z,False,7.95,BE_STOP_POST_SCALEOUT,10.25,0.45,34,True,2026-06-23T06:30:00+00:00,1,13238.25,False,0.45,2026-06-23T10:25:00+00:00,OPEN_END_SCALED,15.6,26.0,11.3,48,True,21.2,7.65,2026-06-23T07:00:00+00:00,SCALE_OUT_BE,5.0,10.25,6.95,True,10.6,7.95,15.6
DIAAAAXS4GJLLAG,2026-06-23,2026-06-23T07:05:00+00:00,13249.55,2026-06-23T07:10:00+00:00,13247.85,13248.05,13244.15,13246.05,13246.8,2026-06-23T07:15:01Z,False,28.15,TRAIL_STOP,25.85,2.75,44,True,2026-06-23T07:15:00+00:00,1,13244.15,False,2.65,2026-06-23T11:10:00+00:00,OPEN_END_SCALED,15.4,33.1,5.4,48,True,20.8,-12.75,2026-06-23T11:05:00+00:00,OPEN_END_SCALED,17.88,35.75,2.75,True,-2.48,28.15,15.4
DIAAAAXS5QFZWAL,2026-06-23,2026-06-23T10:00:00+00:00,13231.95,2026-06-23T10:05:00+00:00,13229.75,13230.05,13221.85,13223.15,13222.6,2026-06-23T10:10:01Z,False,17.65,TRAIL_STOP,15.65,4.15,111,True,2026-06-23T10:10:00+00:00,1,13221.85,False,0.75,2026-06-23T10:55:00+00:00,SCALE_OUT_BE,5.0,10.8,3.1,10,True,0.0,-12.65,2026-06-23T10:55:00+00:00,SCALE_OUT_BE,5.0,11.55,7.45,True,0.0,17.65,5.0
DIAAAAXTRHQDNA5,2026-06-24,2026-06-24T06:10:00+00:00,13209.05,2026-06-24T06:15:00+00:00,13207.05,13207.05,13198.15,13198.55,13197.9,2026-06-24T06:20:02Z,False,19.05,TRAIL_STOP,17.55,2.25,61,True,2026-06-24T06:20:00+00:00,1,13198.15,False,-0.25,2026-06-24T07:45:00+00:00,SCALE_OUT_BE,5.0,17.8,4.7,18,True,0.0,-14.05,2026-06-24T07:30:00+00:00,SCALE_OUT_BE,5.0,17.55,9.15,True,0.0,19.05,5.0
DIAAAAXT4HQ4FAV,2026-06-24,2026-06-24T11:50:00+00:00,13173.85,2026-06-24T11:55:00+00:00,13169.15,13169.15,13159.25,13162.85,13163.5,2026-06-24T12:00:19Z,False,29.3,BRIEFING_TP1_CLOSE,13.85,1.75,41,True,2026-06-24T12:05:00+00:00,2,13159.25,False,4.25,2026-06-24T13:25:00+00:00,SCALE_OUT_BE,5.0,17.8,6.9,17,True,0.0,-24.3,2026-06-24T13:25:00+00:00,SCALE_OUT_BE,5.0,22.05,5.85,True,0.0,29.3,5.0
DIAAAAXT64ULRAM,2026-06-24,2026-06-24T15:25:00+00:00,13170.85,2026-06-24T15:30:00+00:00,13166.15,13166.15,13161.95,13164.15,13163.5,2026-06-24T15:35:02Z,False,-20.35,SL_HIT,9.65,19.35,736,,2026-06-24T15:35:00+00:00,1,13161.95,False,1.55,2026-06-24T19:30:00+00:00,OPEN_END,1.6,8.1,17.6,48,False,0.0,21.95,2026-06-24T19:25:00+00:00,OPEN_END,3.25,9.65,16.05,False,-1.65,-20.35,1.6
