signal_ts_utc,direction,entry_price,sl_pips,tp_pips,rejection_bar_open,rejection_bar_close,setup_bar_open,rejection_window_idx,bbu_setup,bbl_setup,bbu_current,bbl_current,exit_final_reason,exit_final_price,exit_final_ts,total_pips,scaled_out,duration_bars,mfe_pips,mae_pips
2026-05-26T06:35:00+00:00,SELL,13477.75,20.0,100.0,2026-05-26T06:30:00+00:00,2026-05-26T06:35:00+00:00,2026-05-26T06:25:00+00:00,1,13482.818,13473.602,13481.79,13474.04,SCALE_OUT_BE,13477.75,2026-05-26T08:15:00+00:00,5.0,True,20,13.0,3.4
2026-05-26T08:30:00+00:00,SELL,13476.25,20.0,100.0,2026-05-26T08:25:00+00:00,2026-05-26T08:30:00+00:00,2026-05-26T08:10:00+00:00,3,13480.488,13467.362,13480.01,13467.54,REGIME_MAX_HOLD,13474.45,2026-05-26T12:30:00+00:00,1.8,False,48,9.9,13.5
2026-05-26T09:40:00+00:00,SELL,13481.25,20.0,100.0,2026-05-26T09:35:00+00:00,2026-05-26T09:40:00+00:00,2026-05-26T09:20:00+00:00,3,13480.558,13471.642,13482.858,13471.952,REGIME_MAX_HOLD_SCALED,13466.85,2026-05-26T13:40:00+00:00,12.2,True,48,18.9,8.5
2026-05-26T10:05:00+00:00,SELL,13479.349999999999,20.0,100.0,2026-05-26T10:00:00+00:00,2026-05-26T10:05:00+00:00,2026-05-26T09:55:00+00:00,1,13484.818,13472.242,13484.81,13472.24,REGIME_MAX_HOLD_SCALED,13466.45,2026-05-26T14:05:00+00:00,11.45,True,48,22.1,10.4
2026-05-26T10:40:00+00:00,SELL,13481.75,20.0,100.0,2026-05-26T10:35:00+00:00,2026-05-26T10:40:00+00:00,2026-05-26T10:30:00+00:00,1,13485.849,13475.141,13485.621,13476.019,REGIME_MAX_HOLD_SCALED,13464.45,2026-05-26T14:40:00+00:00,13.65,True,48,24.5,8.0
2026-05-26T11:00:00+00:00,SELL,13485.25,20.0,100.0,2026-05-26T10:55:00+00:00,2026-05-26T11:00:00+00:00,2026-05-26T10:50:00+00:00,1,13485.657,13478.223,13486.07,13478.34,REGIME_MAX_HOLD_SCALED,13450.05,2026-05-26T15:00:00+00:00,22.6,True,48,35.3,4.5
2026-05-26T11:15:00+00:00,SELL,13485.45,20.0,100.0,2026-05-26T11:10:00+00:00,2026-05-26T11:15:00+00:00,2026-05-26T11:00:00+00:00,2,13486.714,13478.476,13487.912,13478.118,REGIME_MAX_HOLD_SCALED,13444.65,2026-05-26T15:15:00+00:00,25.4,True,48,43.9,3.6
2026-05-26T11:30:00+00:00,SELL,13480.75,20.0,100.0,2026-05-26T11:25:00+00:00,2026-05-26T11:30:00+00:00,2026-05-26T11:15:00+00:00,2,13488.176,13478.284,13488.146,13478.704,REGIME_MAX_HOLD_SCALED,13441.75,2026-05-26T15:30:00+00:00,24.5,True,48,46.6,1.7
2026-05-26T14:45:00+00:00,SELL,13460.95,20.0,100.0,2026-05-26T14:40:00+00:00,2026-05-26T14:45:00+00:00,2026-05-26T14:35:00+00:00,1,13468.757,13459.913,13468.662,13459.498,REGIME_MAX_HOLD_SCALED,13443.45,2026-05-26T18:45:00+00:00,13.75,True,48,26.8,2.8
2026-05-27T09:25:00+00:00,SELL,13448.650000000001,20.0,100.0,2026-05-27T09:20:00+00:00,2026-05-27T09:25:00+00:00,2026-05-27T09:15:00+00:00,1,13450.585,13441.625,13450.497,13441.663,SCALE_OUT_BE,13448.65,2026-05-27T12:25:00+00:00,5.0,True,36,18.0,8.0
2026-05-27T12:45:00+00:00,SELL,13449.25,20.0,100.0,2026-05-27T12:40:00+00:00,2026-05-27T12:45:00+00:00,2026-05-27T12:25:00+00:00,3,13447.086,13429.464,13452.887,13426.943,REGIME_MAX_HOLD_SCALED,13427.75,2026-05-27T16:45:00+00:00,15.75,True,48,32.8,8.3
2026-05-27T14:25:00+00:00,SELL,13445.75,20.0,100.0,2026-05-27T14:20:00+00:00,2026-05-27T14:25:00+00:00,2026-05-27T14:15:00+00:00,1,13453.006,13439.624,13452.696,13439.584,REGIME_MAX_HOLD_SCALED,13427.25,2026-05-27T18:30:00+00:00,14.25,True,48,29.3,8.3
2026-05-27T14:50:00+00:00,SELL,13443.849999999999,20.0,100.0,2026-05-27T14:45:00+00:00,2026-05-27T14:50:00+00:00,2026-05-27T14:30:00+00:00,3,13452.777,13439.533,13453.451,13440.289,SCALE_OUT_BE,13443.85,2026-05-27T14:55:00+00:00,5.0,True,1,16.6,0.7
2026-05-28T09:20:00+00:00,SELL,13405.45,20.0,100.0,2026-05-28T09:15:00+00:00,2026-05-28T09:20:00+00:00,2026-05-28T09:10:00+00:00,1,13407.131,13396.269,13407.584,13396.296,SCALE_OUT_BE,13405.45,2026-05-28T11:55:00+00:00,5.0,True,31,18.5,4.0
2026-05-28T09:30:00+00:00,SELL,13404.25,20.0,100.0,2026-05-28T09:25:00+00:00,2026-05-28T09:30:00+00:00,2026-05-28T09:20:00+00:00,1,13408.143,13396.137,13408.118,13396.142,SCALE_OUT_BE,13404.25,2026-05-28T11:50:00+00:00,5.0,True,28,17.3,1.1
2026-05-28T13:00:00+00:00,SELL,13420.45,20.0,100.0,2026-05-28T12:55:00+00:00,2026-05-28T13:00:00+00:00,2026-05-28T12:45:00+00:00,2,13421.703,13391.767,13424.929,13393.451,SCALE_OUT_BE,13420.45,2026-05-28T14:15:00+00:00,5.0,True,15,12.7,30.3
2026-05-28T13:10:00+00:00,SELL,13420.45,20.0,100.0,2026-05-28T13:05:00+00:00,2026-05-28T13:10:00+00:00,2026-05-28T13:00:00+00:00,1,13426.635,13394.335,13427.484,13395.506,SCALE_OUT_BE,13420.45,2026-05-28T14:15:00+00:00,5.0,True,13,12.7,30.3
2026-05-28T16:40:00+00:00,SELL,13441.25,20.0,100.0,2026-05-28T16:35:00+00:00,2026-05-28T16:40:00+00:00,2026-05-28T16:20:00+00:00,3,13443.687,13429.793,13445.963,13430.017,REGIME_MAX_HOLD,13441.55,2026-05-28T20:45:00+00:00,-0.3,False,48,4.8,6.8
2026-05-29T06:40:00+00:00,SELL,13437.650000000001,20.0,100.0,2026-05-29T06:35:00+00:00,2026-05-29T06:40:00+00:00,2026-05-29T06:30:00+00:00,1,13442.47,13436.53,13442.507,13436.393,REGIME_MAX_HOLD_SCALED,13414.25,2026-05-29T10:40:00+00:00,16.7,True,48,28.9,6.5
2026-05-29T07:05:00+00:00,SELL,13436.650000000001,20.0,100.0,2026-05-29T07:00:00+00:00,2026-05-29T07:05:00+00:00,2026-05-29T06:55:00+00:00,1,13442.694,13436.406,13442.747,13436.003,REGIME_MAX_HOLD_SCALED,13419.25,2026-05-29T11:05:00+00:00,13.7,True,48,27.9,4.0
2026-05-29T11:15:00+00:00,SELL,13416.45,20.0,100.0,2026-05-29T11:10:00+00:00,2026-05-29T11:15:00+00:00,2026-05-29T11:00:00+00:00,2,13418.966,13410.494,13419.414,13410.726,SL_HIT,13436.45,2026-05-29T13:20:00+00:00,-20.0,False,25,1.1,24.0
2026-05-29T15:20:00+00:00,SELL,13478.25,20.0,100.0,2026-05-29T15:15:00+00:00,2026-05-29T15:20:00+00:00,2026-05-29T15:10:00+00:00,1,13482.589,13416.711,13486.445,13416.405,REGIME_MAX_HOLD_SCALED,13455.25,2026-05-29T21:00:00+00:00,16.5,True,28,26.8,6.8
2026-06-01T06:15:00+00:00,SELL,13466.45,20.0,100.0,2026-06-01T06:10:00+00:00,2026-06-01T06:15:00+00:00,2026-06-01T06:05:00+00:00,1,13468.637,13453.683,13469.031,13454.399,SCALE_OUT_BE,13466.45,2026-06-01T08:15:00+00:00,5.0,True,24,11.2,9.4
2026-06-01T07:05:00+00:00,SELL,13469.849999999999,20.0,100.0,2026-06-01T07:00:00+00:00,2026-06-01T07:05:00+00:00,2026-06-01T06:45:00+00:00,3,13468.55,13459.78,13472.146,13458.744,SCALE_OUT_BE,13469.85,2026-06-01T08:30:00+00:00,5.0,True,17,14.6,1.5
2026-06-01T12:15:00+00:00,SELL,13463.150000000001,20.0,100.0,2026-06-01T12:10:00+00:00,2026-06-01T12:15:00+00:00,2026-06-01T12:05:00+00:00,1,13466.893,13459.897,13466.623,13460.517,REGIME_MAX_HOLD_SCALED,13443.25,2026-06-01T16:15:00+00:00,14.95,True,48,56.6,5.7
2026-06-01T12:50:00+00:00,SELL,13464.849999999999,20.0,100.0,2026-06-01T12:45:00+00:00,2026-06-01T12:50:00+00:00,2026-06-01T12:30:00+00:00,3,13467.239,13460.771,13467.722,13461.418,REGIME_MAX_HOLD_SCALED,13453.45,2026-06-01T16:50:00+00:00,10.7,True,48,58.3,0.7
2026-06-01T13:05:00+00:00,SELL,13456.650000000001,20.0,100.0,2026-06-01T13:00:00+00:00,2026-06-01T13:05:00+00:00,2026-06-01T12:45:00+00:00,3,13467.722,13461.418,13468.89,13459.67,SCALE_OUT_BE,13456.65,2026-06-01T16:55:00+00:00,5.0,True,46,50.1,4.5
2026-06-01T15:40:00+00:00,SELL,13446.25,20.0,100.0,2026-06-01T15:35:00+00:00,2026-06-01T15:40:00+00:00,2026-06-01T15:20:00+00:00,3,13441.661,13409.989,13450.122,13410.358,SL_HIT,13466.25,2026-06-01T17:35:00+00:00,-20.0,False,23,6.0,22.1
2026-06-01T16:45:00+00:00,SELL,13448.55,20.0,100.0,2026-06-01T16:40:00+00:00,2026-06-01T16:45:00+00:00,2026-06-01T16:35:00+00:00,1,13453.617,13433.733,13453.783,13434.837,SL_HIT,13468.55,2026-06-01T17:45:00+00:00,-20.0,False,12,0.0,21.1
2026-06-02T06:45:00+00:00,SELL,13475.05,20.0,100.0,2026-06-02T06:40:00+00:00,2026-06-02T06:45:00+00:00,2026-06-02T06:35:00+00:00,1,13480.458,13456.292,13481.181,13456.629,REGIME_MAX_HOLD_SCALED,13469.05,2026-06-02T10:45:00+00:00,8.0,True,48,13.9,3.9
2026-06-02T10:20:00+00:00,SELL,13470.349999999999,20.0,100.0,2026-06-02T10:15:00+00:00,2026-06-02T10:20:00+00:00,2026-06-02T10:05:00+00:00,2,13471.567,13462.583,13473.128,13462.042,REGIME_MAX_HOLD,13469.75,2026-06-02T14:20:00+00:00,0.6,False,48,6.7,7.5
2026-06-02T12:05:00+00:00,SELL,13471.75,20.0,100.0,2026-06-02T12:00:00+00:00,2026-06-02T12:05:00+00:00,2026-06-02T11:50:00+00:00,2,13473.136,13465.744,13474.066,13465.554,REGIME_MAX_HOLD,13474.25,2026-06-02T16:05:00+00:00,-2.5,False,48,8.1,9.1
2026-06-02T12:40:00+00:00,SELL,13474.55,20.0,100.0,2026-06-02T12:35:00+00:00,2026-06-02T12:40:00+00:00,2026-06-02T12:20:00+00:00,3,13476.17,13465.39,13478.123,13465.517,SCALE_OUT_BE,13474.55,2026-06-02T14:40:00+00:00,5.0,True,24,10.9,3.6
2026-06-02T13:50:00+00:00,SELL,13470.650000000001,20.0,100.0,2026-06-02T13:45:00+00:00,2026-06-02T13:50:00+00:00,2026-06-02T13:30:00+00:00,3,13476.901,13470.819,13477.078,13470.602,REGIME_MAX_HOLD_SCALED,13460.85,2026-06-02T17:50:00+00:00,9.9,True,48,10.7,10.2
2026-06-02T14:50:00+00:00,SELL,13476.349999999999,20.0,100.0,2026-06-02T14:45:00+00:00,2026-06-02T14:50:00+00:00,2026-06-02T14:40:00+00:00,1,13478.738,13464.982,13479.21,13464.91,REGIME_MAX_HOLD_SCALED,13468.65,2026-06-02T18:50:00+00:00,8.85,True,48,22.5,3.5
2026-06-03T07:50:00+00:00,SELL,13459.55,20.0,100.0,2026-06-03T07:45:00+00:00,2026-06-03T07:50:00+00:00,2026-06-03T07:35:00+00:00,2,13455.874,13439.176,13460.233,13437.137,SCALE_OUT_BE,13459.55,2026-06-03T10:10:00+00:00,5.0,True,28,19.0,2.0
2026-06-03T10:15:00+00:00,SELL,13452.75,20.0,100.0,2026-06-03T10:10:00+00:00,2026-06-03T10:15:00+00:00,2026-06-03T10:05:00+00:00,1,13453.1,13441.24,13453.602,13441.008,REGIME_MAX_HOLD_SCALED,13432.55,2026-06-03T14:15:00+00:00,15.1,True,48,30.7,3.6
2026-06-03T15:05:00+00:00,SELL,13429.25,20.0,100.0,2026-06-03T15:00:00+00:00,2026-06-03T15:05:00+00:00,2026-06-03T14:55:00+00:00,1,13435.496,13421.434,13435.571,13421.689,REGIME_MAX_HOLD_SCALED,13418.45,2026-06-03T19:05:00+00:00,10.4,True,48,17.8,10.2
2026-06-04T06:50:00+00:00,SELL,13426.75,20.0,100.0,2026-06-04T06:45:00+00:00,2026-06-04T06:50:00+00:00,2026-06-04T06:35:00+00:00,2,13433.651,13422.029,13433.964,13421.766,SCALE_OUT_BE,13426.75,2026-06-04T08:05:00+00:00,5.0,True,15,15.1,2.3
2026-06-04T08:40:00+00:00,SELL,13427.849999999999,20.0,100.0,2026-06-04T08:35:00+00:00,2026-06-04T08:40:00+00:00,2026-06-04T08:30:00+00:00,1,13434.803,13414.547,13434.814,13414.546,SL_HIT,13447.85,2026-06-04T11:05:00+00:00,-20.0,False,29,0.3,21.6
2026-06-04T09:45:00+00:00,SELL,13439.349999999999,20.0,100.0,2026-06-04T09:40:00+00:00,2026-06-04T09:45:00+00:00,2026-06-04T09:35:00+00:00,1,13440.354,13424.236,13441.257,13424.413,SL_HIT,13459.35,2026-06-04T11:30:00+00:00,-20.0,False,21,5.1,22.4
2026-06-04T11:35:00+00:00,SELL,13455.05,20.0,100.0,2026-06-04T11:30:00+00:00,2026-06-04T11:35:00+00:00,2026-06-04T11:15:00+00:00,3,13453.165,13429.705,13460.379,13428.181,REGIME_MAX_HOLD_SCALED,13433.35,2026-06-04T15:35:00+00:00,15.85,True,48,22.5,7.8
2026-06-05T07:45:00+00:00,SELL,13443.349999999999,20.0,100.0,2026-06-05T07:40:00+00:00,2026-06-05T07:45:00+00:00,2026-06-05T07:30:00+00:00,2,13445.14,13421.04,13448.051,13422.089,SL_HIT,13463.35,2026-06-05T09:15:00+00:00,-20.0,False,18,0.5,27.1
2026-06-05T09:20:00+00:00,SELL,13461.45,20.0,100.0,2026-06-05T09:15:00+00:00,2026-06-05T09:20:00+00:00,2026-06-05T09:10:00+00:00,1,13464.138,13440.922,13465.206,13441.264,SL_HIT,13481.45,2026-06-05T10:35:00+00:00,-20.0,False,15,2.1,21.6
2026-06-05T10:40:00+00:00,SELL,13477.150000000001,20.0,100.0,2026-06-05T10:35:00+00:00,2026-06-05T10:40:00+00:00,2026-06-05T10:20:00+00:00,3,13473.742,13451.768,13480.169,13452.351,REGIME_MAX_HOLD_SCALED,13388.75,2026-06-05T14:40:00+00:00,49.2,True,48,96.4,0.1
2026-06-09T06:30:00+00:00,SELL,13369.349999999999,20.0,100.0,2026-06-09T06:25:00+00:00,2026-06-09T06:30:00+00:00,2026-06-09T06:10:00+00:00,3,13368.064,13354.446,13372.917,13353.303,SCALE_OUT_BE,13369.35,2026-06-09T07:50:00+00:00,5.0,True,16,11.3,2.4
2026-06-09T08:00:00+00:00,SELL,13367.05,20.0,100.0,2026-06-09T07:55:00+00:00,2026-06-09T08:00:00+00:00,2026-06-09T07:50:00+00:00,1,13373.538,13358.342,13372.559,13358.731,SL_HIT,13387.05,2026-06-09T09:15:00+00:00,-20.0,False,15,2.7,20.9
2026-06-09T08:30:00+00:00,SELL,13375.150000000001,20.0,100.0,2026-06-09T08:25:00+00:00,2026-06-09T08:30:00+00:00,2026-06-09T08:10:00+00:00,3,13372.376,13358.964,13376.861,13357.499,SL_HIT,13395.15,2026-06-09T10:30:00+00:00,-20.0,False,24,2.1,22.0
2026-06-09T08:50:00+00:00,SELL,13374.75,20.0,100.0,2026-06-09T08:45:00+00:00,2026-06-09T08:50:00+00:00,2026-06-09T08:35:00+00:00,2,13379.926,13357.424,13380.933,13359.337,SL_HIT,13394.75,2026-06-09T10:25:00+00:00,-20.0,False,19,1.7,20.3
2026-06-09T09:30:00+00:00,SELL,13386.75,20.0,100.0,2026-06-09T09:25:00+00:00,2026-06-09T09:30:00+00:00,2026-06-09T09:10:00+00:00,3,13386.964,13362.946,13391.63,13364.58,SL_HIT,13406.75,2026-06-09T12:05:00+00:00,-20.0,False,31,4.2,21.5
2026-06-09T10:55:00+00:00,SELL,13394.25,20.0,100.0,2026-06-09T10:50:00+00:00,2026-06-09T10:55:00+00:00,2026-06-09T10:40:00+00:00,2,13397.704,13381.786,13398.837,13382.553,REGIME_MAX_HOLD,13399.15,2026-06-09T14:55:00+00:00,-4.9,False,48,5.6,17.3
2026-06-09T12:00:00+00:00,SELL,13402.349999999999,20.0,100.0,2026-06-09T11:55:00+00:00,2026-06-09T12:00:00+00:00,2026-06-09T11:50:00+00:00,1,13403.072,13392.028,13403.496,13392.544,SCALE_OUT_BE,13402.35,2026-06-09T14:30:00+00:00,5.0,True,30,13.7,9.2
2026-06-09T12:15:00+00:00,SELL,13401.650000000001,20.0,100.0,2026-06-09T12:10:00+00:00,2026-06-09T12:15:00+00:00,2026-06-09T12:00:00+00:00,2,13404.288,13392.892,13405.224,13393.286,SCALE_OUT_BE,13401.65,2026-06-09T14:25:00+00:00,5.0,True,26,13.0,9.9
2026-06-09T13:20:00+00:00,SELL,13404.95,20.0,100.0,2026-06-09T13:15:00+00:00,2026-06-09T13:20:00+00:00,2026-06-09T13:00:00+00:00,3,13405.727,13397.953,13407.207,13398.123,SCALE_OUT_BE,13404.95,2026-06-09T14:45:00+00:00,5.0,True,17,16.3,6.6
2026-06-09T13:55:00+00:00,SELL,13398.55,20.0,100.0,2026-06-09T13:50:00+00:00,2026-06-09T13:55:00+00:00,2026-06-09T13:45:00+00:00,1,13407.867,13396.663,13407.938,13396.282,REGIME_MAX_HOLD_SCALED,13383.65,2026-06-09T17:55:00+00:00,12.45,True,48,40.2,8.7
2026-06-10T12:55:00+00:00,SELL,13398.150000000001,20.0,100.0,2026-06-10T12:50:00+00:00,2026-06-10T12:55:00+00:00,2026-06-10T12:35:00+00:00,3,13395.188,13373.552,13403.21,13370.66,SCALE_OUT_BE,13398.15,2026-06-10T13:00:00+00:00,5.0,True,1,10.2,0.5
2026-06-10T13:55:00+00:00,SELL,13414.95,20.0,100.0,2026-06-10T13:50:00+00:00,2026-06-10T13:55:00+00:00,2026-06-10T13:35:00+00:00,3,13413.333,13376.687,13421.973,13379.277,REGIME_MAX_HOLD_SCALED,13388.85,2026-06-10T17:55:00+00:00,18.05,True,48,44.3,2.6
2026-06-11T07:35:00+00:00,SELL,13387.55,20.0,100.0,2026-06-11T07:30:00+00:00,2026-06-11T07:35:00+00:00,2026-06-11T07:15:00+00:00,3,13386.181,13374.209,13389.311,13372.729,REGIME_MAX_HOLD_SCALED,13363.55,2026-06-11T11:35:00+00:00,17.0,True,48,35.1,1.4
2026-06-12T08:30:00+00:00,SELL,13407.95,20.0,100.0,2026-06-12T08:25:00+00:00,2026-06-12T08:30:00+00:00,2026-06-12T08:15:00+00:00,2,13412.066,13383.664,13415.538,13382.482,REGIME_MAX_HOLD_SCALED,13390.05,2026-06-12T12:30:00+00:00,13.95,True,48,18.0,17.8
2026-06-12T13:45:00+00:00,SELL,13398.25,20.0,100.0,2026-06-12T13:40:00+00:00,2026-06-12T13:45:00+00:00,2026-06-12T13:30:00+00:00,2,13411.413,13387.167,13410.424,13387.276,SL_HIT,13418.25,2026-06-12T15:25:00+00:00,-20.0,False,20,2.9,20.3
2026-06-12T14:15:00+00:00,SELL,13406.05,20.0,100.0,2026-06-12T14:10:00+00:00,2026-06-12T14:15:00+00:00,2026-06-12T14:00:00+00:00,2,13411.858,13387.182,13413.376,13388.894,SCALE_OUT_BE,13406.05,2026-06-12T14:55:00+00:00,5.0,True,8,10.7,5.3
2026-06-12T15:20:00+00:00,SELL,13412.95,20.0,100.0,2026-06-12T15:15:00+00:00,2026-06-12T15:20:00+00:00,2026-06-12T15:05:00+00:00,2,13415.781,13395.079,13417.301,13394.549,REGIME_MAX_HOLD,13418.65,2026-06-12T19:20:00+00:00,-5.7,False,48,5.4,11.1
2026-06-12T15:35:00+00:00,SELL,13417.349999999999,20.0,100.0,2026-06-12T15:30:00+00:00,2026-06-12T15:35:00+00:00,2026-06-12T15:25:00+00:00,1,13421.45,13394.4,13422.507,13394.913,REGIME_MAX_HOLD,13414.05,2026-06-12T19:35:00+00:00,3.3,False,48,9.8,5.0
2026-06-15T10:45:00+00:00,SELL,13430.849999999999,20.0,100.0,2026-06-15T10:40:00+00:00,2026-06-15T10:45:00+00:00,2026-06-15T10:35:00+00:00,1,13433.608,13424.532,13433.538,13424.552,SCALE_OUT_BE,13430.85,2026-06-15T13:00:00+00:00,5.0,True,26,14.2,1.3
2026-06-15T15:05:00+00:00,SELL,13435.650000000001,20.0,100.0,2026-06-15T15:00:00+00:00,2026-06-15T15:05:00+00:00,2026-06-15T14:50:00+00:00,2,13441.735,13430.335,13441.822,13430.258,REGIME_MAX_HOLD_SCALED,13415.05,2026-06-15T19:05:00+00:00,15.3,True,48,21.4,3.6
2026-06-16T07:25:00+00:00,SELL,13407.05,20.0,100.0,2026-06-16T07:20:00+00:00,2026-06-16T07:25:00+00:00,2026-06-16T07:05:00+00:00,3,13408.893,13387.747,13412.887,13386.953,SL_HIT,13427.05,2026-06-16T09:15:00+00:00,-20.0,False,22,0.7,20.1
2026-06-16T08:40:00+00:00,SELL,13418.45,20.0,100.0,2026-06-16T08:35:00+00:00,2026-06-16T08:40:00+00:00,2026-06-16T08:30:00+00:00,1,13420.872,13404.068,13421.256,13404.984,REGIME_MAX_HOLD_SCALED,13414.25,2026-06-16T12:40:00+00:00,7.1,True,48,10.9,13.4
2026-06-16T09:15:00+00:00,SELL,13420.75,20.0,100.0,2026-06-16T09:10:00+00:00,2026-06-16T09:15:00+00:00,2026-06-16T09:05:00+00:00,1,13425.667,13408.203,13425.786,13409.124,REGIME_MAX_HOLD_SCALED,13411.35,2026-06-16T13:15:00+00:00,9.7,True,48,13.2,11.1
2026-06-16T09:20:00+00:00,SELL,13418.650000000001,20.0,100.0,2026-06-16T09:15:00+00:00,2026-06-16T09:20:00+00:00,2026-06-16T09:10:00+00:00,1,13425.786,13409.124,13425.587,13410.123,SCALE_OUT_BE,13418.65,2026-06-16T13:05:00+00:00,5.0,True,45,11.1,13.2
2026-06-16T11:05:00+00:00,SELL,13423.75,20.0,100.0,2026-06-16T11:00:00+00:00,2026-06-16T11:05:00+00:00,2026-06-16T10:55:00+00:00,1,13427.281,13412.009,13427.705,13412.295,SCALE_OUT_BE,13423.75,2026-06-16T15:00:00+00:00,5.0,True,47,21.0,4.2
2026-06-16T13:50:00+00:00,SELL,13412.25,20.0,100.0,2026-06-16T13:45:00+00:00,2026-06-16T13:50:00+00:00,2026-06-16T13:35:00+00:00,2,13417.44,13407.38,13417.462,13408.258,SL_HIT,13432.25,2026-06-16T15:55:00+00:00,-20.0,False,25,9.5,22.8
2026-06-16T15:05:00+00:00,SELL,13423.849999999999,20.0,100.0,2026-06-16T15:00:00+00:00,2026-06-16T15:05:00+00:00,2026-06-16T14:45:00+00:00,3,13417.742,13405.738,13423.991,13403.599,REGIME_MAX_HOLD,13432.05,2026-06-16T19:05:00+00:00,-8.2,False,48,5.5,18.9
2026-06-16T16:05:00+00:00,SELL,13433.45,20.0,100.0,2026-06-16T16:00:00+00:00,2026-06-16T16:05:00+00:00,2026-06-16T15:50:00+00:00,2,13433.133,13405.097,13437.62,13405.06,REGIME_MAX_HOLD_SCALED,13422.55,2026-06-16T20:05:00+00:00,10.45,True,48,11.5,6.2
2026-06-17T08:05:00+00:00,SELL,13418.05,20.0,100.0,2026-06-17T08:00:00+00:00,2026-06-17T08:05:00+00:00,2026-06-17T07:50:00+00:00,2,13420.291,13410.359,13420.661,13410.139,REGIME_MAX_HOLD_SCALED,13406.85,2026-06-17T12:05:00+00:00,10.6,True,48,18.0,1.4
2026-06-17T13:05:00+00:00,SELL,13412.75,20.0,100.0,2026-06-17T13:00:00+00:00,2026-06-17T13:05:00+00:00,2026-06-17T12:45:00+00:00,3,13413.14,13400.88,13416.326,13399.964,REGIME_MAX_HOLD_SCALED,13397.05,2026-06-17T17:05:00+00:00,12.85,True,48,27.7,6.1
2026-06-18T06:40:00+00:00,SELL,13319.650000000001,20.0,100.0,2026-06-18T06:35:00+00:00,2026-06-18T06:40:00+00:00,2026-06-18T06:20:00+00:00,3,13320.591,13302.009,13324.414,13300.206,REGIME_MAX_HOLD_SCALED,13232.45,2026-06-18T10:40:00+00:00,48.6,True,48,94.9,4.7
2026-06-18T12:35:00+00:00,SELL,13240.25,20.0,100.0,2026-06-18T12:30:00+00:00,2026-06-18T12:35:00+00:00,2026-06-18T12:20:00+00:00,2,13241.094,13203.826,13245.445,13201.915,SCALE_OUT_BE,13240.25,2026-06-18T13:35:00+00:00,5.0,True,12,16.1,6.4
2026-06-18T13:45:00+00:00,SELL,13244.45,20.0,100.0,2026-06-18T13:40:00+00:00,2026-06-18T13:45:00+00:00,2026-06-18T13:35:00+00:00,1,13248.225,13221.495,13248.647,13223.283,SCALE_OUT_BE,13244.45,2026-06-18T14:25:00+00:00,5.0,True,8,13.2,1.7
2026-06-18T15:05:00+00:00,SELL,13245.25,20.0,100.0,2026-06-18T15:00:00+00:00,2026-06-18T15:05:00+00:00,2026-06-18T14:55:00+00:00,1,13251.364,13231.266,13250.438,13233.862,REGIME_MAX_HOLD_SCALED,13195.75,2026-06-18T19:05:00+00:00,29.75,True,48,49.9,0.2
2026-06-19T08:55:00+00:00,SELL,13229.349999999999,20.0,100.0,2026-06-19T08:50:00+00:00,2026-06-19T08:55:00+00:00,2026-06-19T08:40:00+00:00,2,13228.397,13184.023,13235.158,13182.912,REGIME_MAX_HOLD,13238.85,2026-06-19T12:55:00+00:00,-9.5,False,48,6.1,11.7
2026-06-19T13:00:00+00:00,SELL,13235.45,20.0,100.0,2026-06-19T12:55:00+00:00,2026-06-19T13:00:00+00:00,2026-06-19T12:50:00+00:00,1,13238.546,13223.924,13237.795,13224.335,SCALE_OUT_BE,13235.45,2026-06-19T14:50:00+00:00,5.0,True,22,21.8,1.2
2026-06-19T14:55:00+00:00,SELL,13221.650000000001,20.0,100.0,2026-06-19T14:50:00+00:00,2026-06-19T14:55:00+00:00,2026-06-19T14:40:00+00:00,2,13232.055,13212.705,13231.088,13212.922,REGIME_MAX_HOLD,13234.75,2026-06-19T18:55:00+00:00,-13.1,False,48,4.0,17.15
2026-06-19T15:05:00+00:00,SELL,13227.45,20.0,100.0,2026-06-19T15:00:00+00:00,2026-06-19T15:05:00+00:00,2026-06-19T14:55:00+00:00,1,13231.818,13212.572,13232.338,13212.552,REGIME_MAX_HOLD,13233.45,2026-06-19T19:05:00+00:00,-6.0,False,48,9.8,11.35
2026-06-19T15:15:00+00:00,SELL,13224.150000000001,20.0,100.0,2026-06-19T15:10:00+00:00,2026-06-19T15:15:00+00:00,2026-06-19T15:00:00+00:00,2,13232.338,13212.552,13232.568,13212.702,REGIME_MAX_HOLD,13235.65,2026-06-19T19:15:00+00:00,-11.5,False,48,6.5,14.65
2026-06-22T12:45:00+00:00,SELL,13270.150000000001,20.0,100.0,2026-06-22T12:40:00+00:00,2026-06-22T12:45:00+00:00,2026-06-22T12:30:00+00:00,2,13261.739,13226.761,13270.557,13224.813,REGIME_MAX_HOLD_SCALED,13241.35,2026-06-22T16:45:00+00:00,19.4,True,48,32.1,2.0
2026-06-22T15:10:00+00:00,SELL,13260.25,20.0,100.0,2026-06-22T15:05:00+00:00,2026-06-22T15:10:00+00:00,2026-06-22T14:50:00+00:00,3,13263.896,13237.104,13266.424,13236.336,REGIME_MAX_HOLD_SCALED,13243.15,2026-06-22T19:10:00+00:00,13.55,True,48,20.5,2.7
2026-06-23T06:30:00+00:00,SELL,13240.05,20.0,100.0,2026-06-23T06:25:00+00:00,2026-06-23T06:30:00+00:00,2026-06-23T06:20:00+00:00,1,13244.123,13233.617,13244.046,13233.624,SCALE_OUT_BE,13240.05,2026-06-23T07:10:00+00:00,5.0,True,8,11.6,9.5
2026-06-23T07:15:00+00:00,SELL,13246.05,20.0,100.0,2026-06-23T07:10:00+00:00,2026-06-23T07:15:00+00:00,2026-06-23T07:05:00+00:00,1,13247.184,13229.956,13248.17,13229.76,REGIME_MAX_HOLD_SCALED,13223.35,2026-06-23T11:15:00+00:00,16.35,True,48,35.0,3.5
2026-06-23T10:10:00+00:00,SELL,13223.150000000001,20.0,100.0,2026-06-23T10:05:00+00:00,2026-06-23T10:10:00+00:00,2026-06-23T09:55:00+00:00,2,13229.38,13213.51,13230.495,13213.095,SCALE_OUT_BE,13223.15,2026-06-23T11:05:00+00:00,5.0,True,11,12.1,2.5
2026-06-23T14:00:00+00:00,SELL,13213.150000000001,20.0,100.0,2026-06-23T13:55:00+00:00,2026-06-23T14:00:00+00:00,2026-06-23T13:45:00+00:00,2,13220.854,13208.136,13220.826,13207.914,REGIME_MAX_HOLD_SCALED,13187.25,2026-06-23T18:00:00+00:00,17.95,True,48,29.8,2.6
2026-06-24T06:20:00+00:00,SELL,13198.55,20.0,100.0,2026-06-24T06:15:00+00:00,2026-06-24T06:20:00+00:00,2026-06-24T06:05:00+00:00,2,13199.52,13191.25,13202.905,13189.575,REGIME_MAX_HOLD_SCALED,13163.25,2026-06-24T10:20:00+00:00,22.65,True,48,38.5,4.3
2026-06-24T12:00:00+00:00,SELL,13162.849999999999,20.0,100.0,2026-06-24T11:55:00+00:00,2026-06-24T12:00:00+00:00,2026-06-24T11:50:00+00:00,1,13168.269,13150.731,13168.216,13150.744,SCALE_OUT_BE,13162.85,2026-06-24T13:30:00+00:00,5.0,True,18,21.4,6.5
2026-06-24T15:35:00+00:00,SELL,13164.150000000001,20.0,100.0,2026-06-24T15:30:00+00:00,2026-06-24T15:35:00+00:00,2026-06-24T15:20:00+00:00,2,13169.031,13141.959,13170.508,13141.492,SCALE_OUT_BE,13164.15,2026-06-24T18:25:00+00:00,5.0,True,34,10.3,15.4
2026-06-24T16:45:00+00:00,SELL,13171.849999999999,20.0,100.0,2026-06-24T16:40:00+00:00,2026-06-24T16:45:00+00:00,2026-06-24T16:35:00+00:00,1,13176.732,13150.218,13177.175,13151.705,REGIME_MAX_HOLD_SCALED,13167.95,2026-06-24T20:45:00+00:00,6.95,True,48,18.0,0.9
2026-06-25T07:45:00+00:00,SELL,13177.849999999999,20.0,100.0,2026-06-25T07:40:00+00:00,2026-06-25T07:45:00+00:00,2026-06-25T07:30:00+00:00,2,13181.222,13169.378,13181.925,13169.275,REGIME_MAX_HOLD_SCALED,13159.15,2026-06-25T11:45:00+00:00,14.35,True,48,23.0,19.6
2026-06-25T08:05:00+00:00,SELL,13183.45,20.0,100.0,2026-06-25T08:00:00+00:00,2026-06-25T08:05:00+00:00,2026-06-25T07:50:00+00:00,2,13183.017,13168.923,13185.337,13167.963,REGIME_MAX_HOLD_SCALED,13157.55,2026-06-25T12:05:00+00:00,17.95,True,48,31.9,14.0
2026-06-25T08:50:00+00:00,SELL,13191.45,20.0,100.0,2026-06-25T08:45:00+00:00,2026-06-25T08:50:00+00:00,2026-06-25T08:30:00+00:00,3,13195.063,13169.427,13199.173,13170.417,REGIME_MAX_HOLD_SCALED,13182.35,2026-06-25T12:50:00+00:00,9.55,True,48,39.9,6.0
2026-06-25T12:55:00+00:00,SELL,13179.95,20.0,100.0,2026-06-25T12:50:00+00:00,2026-06-25T12:55:00+00:00,2026-06-25T12:35:00+00:00,3,13171.129,13149.801,13181.734,13144.096,SL_HIT,13199.95,2026-06-25T14:05:00+00:00,-20.0,False,14,6.4,35.9
2026-06-25T13:35:00+00:00,SELL,13193.05,20.0,100.0,2026-06-25T13:30:00+00:00,2026-06-25T13:35:00+00:00,2026-06-25T13:20:00+00:00,2,13194.157,13144.673,13200.256,13146.634,SL_HIT,13213.05,2026-06-25T14:05:00+00:00,-20.0,False,6,8.3,22.8
2026-06-25T14:10:00+00:00,SELL,13208.95,20.0,100.0,2026-06-25T14:05:00+00:00,2026-06-25T14:10:00+00:00,2026-06-25T14:00:00+00:00,1,13209.451,13160.649,13210.809,13164.371,SCALE_OUT_BE,13208.95,2026-06-25T14:55:00+00:00,5.0,True,9,17.5,1.8
2026-06-25T15:15:00+00:00,SELL,13201.05,20.0,100.0,2026-06-25T15:10:00+00:00,2026-06-25T15:15:00+00:00,2026-06-25T15:05:00+00:00,1,13215.117,13185.263,13215.155,13186.025,REGIME_MAX_HOLD,13200.35,2026-06-25T19:15:00+00:00,0.7,False,48,6.2,18.4
