signal_ts_utc,direction,entry_price,rejection_bar_open,setup_bar_open,rejection_window_idx,exit_final_reason,total_pips,scaled_out
2026-05-26T06:35:00+00:00,SELL,13477.75,2026-05-26T06:30:00+00:00,2026-05-26T06:25:00+00:00,1,SCALE_OUT_BE,5.0,True
2026-05-26T08:30:00+00:00,SELL,13476.25,2026-05-26T08:25:00+00:00,2026-05-26T08:10:00+00:00,3,REGIME_MAX_HOLD,1.8,False
2026-05-26T09:40:00+00:00,SELL,13481.25,2026-05-26T09:35:00+00:00,2026-05-26T09:20:00+00:00,3,REGIME_MAX_HOLD_SCALED,12.2,True
2026-05-26T10:05:00+00:00,SELL,13479.349999999999,2026-05-26T10:00:00+00:00,2026-05-26T09:55:00+00:00,1,REGIME_MAX_HOLD_SCALED,11.45,True
2026-05-26T10:40:00+00:00,SELL,13481.75,2026-05-26T10:35:00+00:00,2026-05-26T10:30:00+00:00,1,REGIME_MAX_HOLD_SCALED,13.65,True
2026-05-26T11:00:00+00:00,SELL,13485.25,2026-05-26T10:55:00+00:00,2026-05-26T10:50:00+00:00,1,REGIME_MAX_HOLD_SCALED,22.6,True
2026-05-26T11:15:00+00:00,SELL,13485.45,2026-05-26T11:10:00+00:00,2026-05-26T11:00:00+00:00,2,REGIME_MAX_HOLD_SCALED,25.4,True
2026-05-26T11:30:00+00:00,SELL,13480.75,2026-05-26T11:25:00+00:00,2026-05-26T11:15:00+00:00,2,REGIME_MAX_HOLD_SCALED,24.5,True
2026-05-26T14:45:00+00:00,SELL,13460.95,2026-05-26T14:40:00+00:00,2026-05-26T14:35:00+00:00,1,REGIME_MAX_HOLD_SCALED,13.75,True
2026-05-27T09:25:00+00:00,SELL,13448.650000000001,2026-05-27T09:20:00+00:00,2026-05-27T09:15:00+00:00,1,SCALE_OUT_BE,5.0,True
2026-05-27T12:45:00+00:00,SELL,13449.25,2026-05-27T12:40:00+00:00,2026-05-27T12:25:00+00:00,3,REGIME_MAX_HOLD_SCALED,15.75,True
2026-05-27T14:25:00+00:00,SELL,13445.75,2026-05-27T14:20:00+00:00,2026-05-27T14:15:00+00:00,1,REGIME_MAX_HOLD_SCALED,14.25,True
2026-05-27T14:50:00+00:00,SELL,13443.849999999999,2026-05-27T14:45:00+00:00,2026-05-27T14:30:00+00:00,3,SCALE_OUT_BE,5.0,True
2026-05-28T09:20:00+00:00,SELL,13405.45,2026-05-28T09:15:00+00:00,2026-05-28T09:10:00+00:00,1,SCALE_OUT_BE,5.0,True
2026-05-28T09:30:00+00:00,SELL,13404.25,2026-05-28T09:25:00+00:00,2026-05-28T09:20:00+00:00,1,SCALE_OUT_BE,5.0,True
2026-05-28T13:00:00+00:00,SELL,13420.45,2026-05-28T12:55:00+00:00,2026-05-28T12:45:00+00:00,2,SCALE_OUT_BE,5.0,True
2026-05-28T13:10:00+00:00,SELL,13420.45,2026-05-28T13:05:00+00:00,2026-05-28T13:00:00+00:00,1,SCALE_OUT_BE,5.0,True
2026-05-28T16:40:00+00:00,SELL,13441.25,2026-05-28T16:35:00+00:00,2026-05-28T16:20:00+00:00,3,REGIME_MAX_HOLD,-0.3,False
2026-05-29T06:40:00+00:00,SELL,13437.650000000001,2026-05-29T06:35:00+00:00,2026-05-29T06:30:00+00:00,1,REGIME_MAX_HOLD_SCALED,16.7,True
2026-06-01T12:50:00+00:00,SELL,13464.849999999999,2026-06-01T12:45:00+00:00,2026-06-01T12:30:00+00:00,3,REGIME_MAX_HOLD_SCALED,10.7,True
2026-06-01T13:05:00+00:00,SELL,13456.650000000001,2026-06-01T13:00:00+00:00,2026-06-01T12:45:00+00:00,3,SCALE_OUT_BE,5.0,True
2026-06-01T16:45:00+00:00,SELL,13448.55,2026-06-01T16:40:00+00:00,2026-06-01T16:35:00+00:00,1,SL_HIT,-20.0,False
2026-06-02T10:20:00+00:00,SELL,13470.349999999999,2026-06-02T10:15:00+00:00,2026-06-02T10:05:00+00:00,2,REGIME_MAX_HOLD,0.6,False
2026-06-02T12:05:00+00:00,SELL,13471.75,2026-06-02T12:00:00+00:00,2026-06-02T11:50:00+00:00,2,REGIME_MAX_HOLD,-2.5,False
2026-06-02T12:40:00+00:00,SELL,13474.55,2026-06-02T12:35:00+00:00,2026-06-02T12:20:00+00:00,3,SCALE_OUT_BE,5.0,True
2026-06-02T13:50:00+00:00,SELL,13470.650000000001,2026-06-02T13:45:00+00:00,2026-06-02T13:30:00+00:00,3,REGIME_MAX_HOLD_SCALED,9.9,True
2026-06-03T10:15:00+00:00,SELL,13452.75,2026-06-03T10:10:00+00:00,2026-06-03T10:05:00+00:00,1,REGIME_MAX_HOLD_SCALED,15.1,True
2026-06-09T06:30:00+00:00,SELL,13369.349999999999,2026-06-09T06:25:00+00:00,2026-06-09T06:10:00+00:00,3,SCALE_OUT_BE,5.0,True
2026-06-09T08:00:00+00:00,SELL,13367.05,2026-06-09T07:55:00+00:00,2026-06-09T07:50:00+00:00,1,SL_HIT,-20.0,False
2026-06-09T08:30:00+00:00,SELL,13375.150000000001,2026-06-09T08:25:00+00:00,2026-06-09T08:10:00+00:00,3,SL_HIT,-20.0,False
2026-06-09T08:50:00+00:00,SELL,13374.75,2026-06-09T08:45:00+00:00,2026-06-09T08:35:00+00:00,2,SL_HIT,-20.0,False
2026-06-09T09:30:00+00:00,SELL,13386.75,2026-06-09T09:25:00+00:00,2026-06-09T09:10:00+00:00,3,SL_HIT,-20.0,False
2026-06-09T10:55:00+00:00,SELL,13394.25,2026-06-09T10:50:00+00:00,2026-06-09T10:40:00+00:00,2,REGIME_MAX_HOLD,-4.9,False
2026-06-09T12:00:00+00:00,SELL,13402.349999999999,2026-06-09T11:55:00+00:00,2026-06-09T11:50:00+00:00,1,SCALE_OUT_BE,5.0,True
2026-06-09T12:15:00+00:00,SELL,13401.650000000001,2026-06-09T12:10:00+00:00,2026-06-09T12:00:00+00:00,2,SCALE_OUT_BE,5.0,True
2026-06-09T13:20:00+00:00,SELL,13404.95,2026-06-09T13:15:00+00:00,2026-06-09T13:00:00+00:00,3,SCALE_OUT_BE,5.0,True
2026-06-10T12:55:00+00:00,SELL,13398.150000000001,2026-06-10T12:50:00+00:00,2026-06-10T12:35:00+00:00,3,SCALE_OUT_BE,5.0,True
2026-06-12T08:30:00+00:00,SELL,13407.95,2026-06-12T08:25:00+00:00,2026-06-12T08:15:00+00:00,2,REGIME_MAX_HOLD_SCALED,13.95,True
2026-06-12T13:45:00+00:00,SELL,13398.25,2026-06-12T13:40:00+00:00,2026-06-12T13:30:00+00:00,2,SL_HIT,-20.0,False
2026-06-12T14:15:00+00:00,SELL,13406.05,2026-06-12T14:10:00+00:00,2026-06-12T14:00:00+00:00,2,SCALE_OUT_BE,5.0,True
2026-06-12T15:20:00+00:00,SELL,13412.95,2026-06-12T15:15:00+00:00,2026-06-12T15:05:00+00:00,2,REGIME_MAX_HOLD,-5.7,False
2026-06-12T15:35:00+00:00,SELL,13417.349999999999,2026-06-12T15:30:00+00:00,2026-06-12T15:25:00+00:00,1,REGIME_MAX_HOLD,3.3,False
2026-06-15T10:45:00+00:00,SELL,13430.849999999999,2026-06-15T10:40:00+00:00,2026-06-15T10:35:00+00:00,1,SCALE_OUT_BE,5.0,True
2026-06-15T15:05:00+00:00,SELL,13435.650000000001,2026-06-15T15:00:00+00:00,2026-06-15T14:50:00+00:00,2,REGIME_MAX_HOLD_SCALED,15.3,True
2026-06-16T07:25:00+00:00,SELL,13407.05,2026-06-16T07:20:00+00:00,2026-06-16T07:05:00+00:00,3,SL_HIT,-20.0,False
2026-06-16T08:40:00+00:00,SELL,13418.45,2026-06-16T08:35:00+00:00,2026-06-16T08:30:00+00:00,1,REGIME_MAX_HOLD_SCALED,7.1,True
2026-06-16T09:15:00+00:00,SELL,13420.75,2026-06-16T09:10:00+00:00,2026-06-16T09:05:00+00:00,1,REGIME_MAX_HOLD_SCALED,9.7,True
2026-06-16T09:20:00+00:00,SELL,13418.650000000001,2026-06-16T09:15:00+00:00,2026-06-16T09:10:00+00:00,1,SCALE_OUT_BE,5.0,True
2026-06-16T11:05:00+00:00,SELL,13423.75,2026-06-16T11:00:00+00:00,2026-06-16T10:55:00+00:00,1,SCALE_OUT_BE,5.0,True
2026-06-16T13:50:00+00:00,SELL,13412.25,2026-06-16T13:45:00+00:00,2026-06-16T13:35:00+00:00,2,SL_HIT,-20.0,False
2026-06-18T12:35:00+00:00,SELL,13240.25,2026-06-18T12:30:00+00:00,2026-06-18T12:20:00+00:00,2,SCALE_OUT_BE,5.0,True
2026-06-18T15:05:00+00:00,SELL,13245.25,2026-06-18T15:00:00+00:00,2026-06-18T14:55:00+00:00,1,REGIME_MAX_HOLD_SCALED,29.75,True
2026-06-19T08:55:00+00:00,SELL,13229.349999999999,2026-06-19T08:50:00+00:00,2026-06-19T08:40:00+00:00,2,REGIME_MAX_HOLD,-9.5,False
2026-06-19T15:05:00+00:00,SELL,13227.45,2026-06-19T15:00:00+00:00,2026-06-19T14:55:00+00:00,1,REGIME_MAX_HOLD,-6.0,False
2026-06-19T15:15:00+00:00,SELL,13224.150000000001,2026-06-19T15:10:00+00:00,2026-06-19T15:00:00+00:00,2,REGIME_MAX_HOLD,-11.5,False
2026-06-22T12:45:00+00:00,SELL,13270.150000000001,2026-06-22T12:40:00+00:00,2026-06-22T12:30:00+00:00,2,REGIME_MAX_HOLD_SCALED,19.4,True
2026-06-23T14:00:00+00:00,SELL,13213.150000000001,2026-06-23T13:55:00+00:00,2026-06-23T13:45:00+00:00,2,REGIME_MAX_HOLD_SCALED,17.95,True
2026-06-24T16:45:00+00:00,SELL,13171.849999999999,2026-06-24T16:40:00+00:00,2026-06-24T16:35:00+00:00,1,REGIME_MAX_HOLD_SCALED,6.95,True
2026-06-25T07:45:00+00:00,SELL,13177.849999999999,2026-06-25T07:40:00+00:00,2026-06-25T07:30:00+00:00,2,REGIME_MAX_HOLD_SCALED,14.35,True
2026-06-25T08:05:00+00:00,SELL,13183.45,2026-06-25T08:00:00+00:00,2026-06-25T07:50:00+00:00,2,REGIME_MAX_HOLD_SCALED,17.95,True
2026-06-25T08:50:00+00:00,SELL,13191.45,2026-06-25T08:45:00+00:00,2026-06-25T08:30:00+00:00,3,REGIME_MAX_HOLD_SCALED,9.55,True
2026-06-25T12:55:00+00:00,SELL,13179.95,2026-06-25T12:50:00+00:00,2026-06-25T12:35:00+00:00,3,SL_HIT,-20.0,False
2026-06-25T13:35:00+00:00,SELL,13193.05,2026-06-25T13:30:00+00:00,2026-06-25T13:20:00+00:00,2,SL_HIT,-20.0,False
2026-06-25T14:10:00+00:00,SELL,13208.95,2026-06-25T14:05:00+00:00,2026-06-25T14:00:00+00:00,1,SCALE_OUT_BE,5.0,True
2026-06-25T15:15:00+00:00,SELL,13201.05,2026-06-25T15:10:00+00:00,2026-06-25T15:05:00+00:00,1,REGIME_MAX_HOLD,0.7,False
