deal_id,matched,ledger_signal_time,ledger_entry_price,ledger_sl_pips,ledger_tp1_pips,ledger_close_reason,ledger_close_time,ledger_partial_bank_pips,ledger_runner_pnl_pips,ledger_effective_pnl_pips,ledger_gbp_at_stake1,ledger_scaled_out,ledger_close_reproducible,ledger_exit_unreproducible,benchmark_signal_time,benchmark_entry_price,entry_price_delta_pips,benchmark_initial_stop_price,benchmark_partial_closes,benchmark_final_close,benchmark_pips,benchmark_gbp_at_stake1,benchmark_scaled_out,benchmark_mfe_pips,benchmark_mae_pips,benchmark_duration_min
DIAAAAXMRHKJ8AY,True,2026-05-29T07:05:04+00:00,13436.65,20.0,100.0,BRIEFING_TP1_CLOSE,2026-05-29T08:45:17+00:00,10.0,19.8,29.8,29.8,True,False,True,2026-05-29T07:05:00+00:00,13436.65,0.0,13456.65,2026-05-29T07:25:00+00:00@13426.65:frac=0.5:pips=10.0,2026-05-29T11:05:00+00:00@13419.25:reason=REGIME_MAX_HOLD_SCALED:pips=17.4:frac=0.5,13.7,13.7,True,27.9,4.0,240
DIAAAAXMR2E6ZA2,True,2026-05-29T11:15:03+00:00,13416.45,20.0,100.0,BRIEFING_TP_SL_OPEN,2026-05-29T13:15:20+00:00,,,-20.7,-20.7,,False,True,2026-05-29T11:15:00+00:00,13416.45,0.0,13436.45,,2026-05-29T13:20:00+00:00@13436.45:reason=SL_HIT:pips=-20.0:frac=1.0,-20.0,-20.0,False,1.1,24.0,125
DIAAAAXMSRVJBAM,True,2026-05-29T15:20:01+00:00,13478.25,20.0,100.0,EXTERNAL_MANUAL,2026-05-29T16:28:36+00:00,10.2,6.95,17.15,17.15,True,False,True,2026-05-29T15:20:00+00:00,13478.25,0.0,13498.25,2026-05-29T16:10:00+00:00@13468.25:frac=0.5:pips=10.0,2026-05-29T21:00:00+00:00@13455.25:reason=REGIME_MAX_HOLD_SCALED:pips=23.0:frac=0.5,16.5,16.5,True,26.8,6.8,140
DIAAAAXMW5KDFAV,True,2026-06-01T06:15:03+00:00,13466.45,20.0,100.0,STRUCTURE_EXIT,2026-06-01T06:56:13+00:00,,,-10.6,-10.6,,False,True,2026-06-01T06:15:00+00:00,13466.45,0.0,13486.45,2026-06-01T07:50:00+00:00@13456.45:frac=0.5:pips=10.0,2026-06-01T08:15:00+00:00@13466.45:reason=SCALE_OUT_BE:pips=0.0:frac=0.5,5.0,5.0,True,11.2,9.4,120
DIAAAAXMXBJG3A7,True,2026-06-01T07:05:01+00:00,13469.85,20.0,100.0,BE_HIT_IG,2026-06-01T08:15:43+00:00,10.1,0.05,10.15,10.15,True,False,True,2026-06-01T07:05:00+00:00,13469.85,-0.0,13489.85,2026-06-01T07:45:00+00:00@13459.85:frac=0.5:pips=10.0,2026-06-01T08:30:00+00:00@13469.85:reason=SCALE_OUT_BE:pips=0.0:frac=0.5,5.0,5.0,True,14.6,1.5,85
DIAAAAXMY8HJSAR,True,2026-06-01T12:15:03+00:00,13463.15,20.0,100.0,BRIEFING_TP1_CLOSE,2026-06-01T13:11:46+00:00,10.9,17.0,27.9,27.9,True,False,True,2026-06-01T12:15:00+00:00,13463.15,0.0,13483.15,2026-06-01T13:15:00+00:00@13453.15:frac=0.5:pips=10.0,2026-06-01T16:15:00+00:00@13443.25:reason=REGIME_MAX_HOLD_SCALED:pips=19.9:frac=0.5,14.95,14.95,True,56.6,5.7,240
DIAAAAXMZ9XBEAZ,True,2026-06-01T15:40:01+00:00,13446.25,20.0,100.0,STRUCTURE_EXIT,2026-06-01T16:55:00+00:00,,,-14.8,-14.8,,False,True,2026-06-01T15:40:00+00:00,13446.25,0.0,13466.25,,2026-06-01T17:35:00+00:00@13466.25:reason=SL_HIT:pips=-20.0:frac=1.0,-20.0,-20.0,False,6.0,22.1,115
DIAAAAXM55ZFYAB,True,2026-06-02T06:45:02+00:00,13475.05,20.0,100.0,EXTERNAL_MANUAL,2026-06-02T13:55:06+00:00,10.0,6.65,16.65,16.65,True,False,True,2026-06-02T06:45:00+00:00,13475.05,0.0,13495.05,2026-06-02T08:40:00+00:00@13465.05:frac=0.5:pips=10.0,2026-06-02T10:45:00+00:00@13469.05:reason=REGIME_MAX_HOLD_SCALED:pips=6.0:frac=0.5,8.0,8.0,True,13.9,3.9,240
DIAAAAXNG5474BA,True,2026-06-02T14:50:02+00:00,13476.35,20.0,100.0,EXTERNAL_MANUAL,2026-06-02T20:05:07+00:00,10.2,5.35,15.55,15.55,True,False,True,2026-06-02T14:50:00+00:00,13476.35,-0.0,13496.35,2026-06-02T16:45:00+00:00@13466.35:frac=0.5:pips=10.0,2026-06-02T18:50:00+00:00@13468.65:reason=REGIME_MAX_HOLD_SCALED:pips=7.7:frac=0.5,8.85,8.85,True,22.5,3.5,240
DIAAAAXNM9YTXA9,True,2026-06-03T07:50:03+00:00,13459.55,20.0,100.0,BRIEFING_TP1_CLOSE,2026-06-03T12:38:00+00:00,10.1,25.1,35.2,35.2,True,False,True,2026-06-03T07:50:00+00:00,13459.55,0.0,13479.55,2026-06-03T08:15:00+00:00@13449.55:frac=0.5:pips=10.0,2026-06-03T10:10:00+00:00@13459.55:reason=SCALE_OUT_BE:pips=0.0:frac=0.5,5.0,5.0,True,19.0,2.0,140
DIAAAAXNY6KNAA4,True,2026-06-03T15:05:03+00:00,13429.25,20.0,100.0,IG_RECONCILE,2026-06-04T00:05:22+00:00,10.1,10.1,20.2,20.2,True,False,True,2026-06-03T15:05:00+00:00,13429.25,0.0,13449.25,2026-06-03T16:20:00+00:00@13419.25:frac=0.5:pips=10.0,2026-06-03T19:05:00+00:00@13418.45:reason=REGIME_MAX_HOLD_SCALED:pips=10.8:frac=0.5,10.4,10.4,True,17.8,10.2,240
DIAAAAXN5VR44AW,True,2026-06-04T06:50:02+00:00,13426.75,20.0,100.0,EXTERNAL_MANUAL,2026-06-04T08:03:36+00:00,10.0,-1.25,8.75,8.75,True,False,True,2026-06-04T06:50:00+00:00,13426.75,0.0,13446.75,2026-06-04T07:40:00+00:00@13416.75:frac=0.5:pips=10.0,2026-06-04T08:05:00+00:00@13426.75:reason=SCALE_OUT_BE:pips=0.0:frac=0.5,5.0,5.0,True,15.1,2.3,75
DIAAAAXN553HHAS,True,2026-06-04T08:40:02+00:00,13427.85,20.0,100.0,STRUCTURE_EXIT,2026-06-04T09:40:02+00:00,,,-14.7,-14.7,,False,True,2026-06-04T08:40:00+00:00,13427.85,-0.0,13447.85,,2026-06-04T11:05:00+00:00@13447.85:reason=SL_HIT:pips=-20.0:frac=1.0,-20.0,-20.0,False,0.3,21.6,145
DIAAAAXN6APTYA2,True,2026-06-04T09:45:16+00:00,13439.35,20.0,100.0,STRUCTURE_EXIT,2026-06-04T11:01:52+00:00,,,-10.6,-10.6,,False,True,2026-06-04T09:45:00+00:00,13439.35,-0.0,13459.35,,2026-06-04T11:30:00+00:00@13459.35:reason=SL_HIT:pips=-20.0:frac=1.0,-20.0,-20.0,False,5.1,22.4,105
DIAAAAXN6J25KAV,True,2026-06-04T11:35:02+00:00,13455.05,20.0,100.0,IG_RECONCILE,2026-06-05T00:05:56+00:00,10.0,10.0,20.0,20.0,True,False,True,2026-06-04T11:35:00+00:00,13455.05,0.0,13475.05,2026-06-04T14:10:00+00:00@13445.05:frac=0.5:pips=10.0,2026-06-04T15:35:00+00:00@13433.35:reason=REGIME_MAX_HOLD_SCALED:pips=21.7:frac=0.5,15.85,15.85,True,22.5,7.8,240
DIAAAAXPA28XEA9,True,2026-06-05T07:45:04+00:00,13443.35,20.0,100.0,STRUCTURE_EXIT,2026-06-05T08:15:01+00:00,,,-11.4,-11.4,,False,True,2026-06-05T07:45:00+00:00,13443.35,-0.0,13463.35,,2026-06-05T09:15:00+00:00@13463.35:reason=SL_HIT:pips=-20.0:frac=1.0,-20.0,-20.0,False,0.5,27.1,90
DIAAAAXPA9NAYAZ,True,2026-06-05T09:20:05+00:00,13461.45,20.0,100.0,STRUCTURE_EXIT,2026-06-05T10:19:34+00:00,,,-11.2,-11.2,,False,True,2026-06-05T09:20:00+00:00,13461.45,0.0,13481.45,,2026-06-05T10:35:00+00:00@13481.45:reason=SL_HIT:pips=-20.0:frac=1.0,-20.0,-20.0,False,2.1,21.6,75
DIAAAAXPBDNU3A2,True,2026-06-05T10:40:14+00:00,13477.15,20.0,100.0,EXTERNAL_MANUAL,2026-06-05T12:30:04+00:00,10.5,11.25,21.75,21.75,True,False,True,2026-06-05T10:40:00+00:00,13477.15,0.0,13497.15,2026-06-05T11:20:00+00:00@13467.15:frac=0.5:pips=10.0,2026-06-05T14:40:00+00:00@13388.75:reason=REGIME_MAX_HOLD_SCALED:pips=88.4:frac=0.5,49.2,49.2,True,96.4,0.1,240
DIAAAAXP28DZ2BB,True,2026-06-09T13:55:02+00:00,13398.55,20.0,100.0,EXTERNAL_MANUAL,2026-06-09T15:40:17+00:00,10.0,20.65,30.65,30.65,True,False,True,2026-06-09T13:55:00+00:00,13398.55,0.0,13418.55,2026-06-09T15:30:00+00:00@13388.55:frac=0.5:pips=10.0,2026-06-09T17:55:00+00:00@13383.65:reason=REGIME_MAX_HOLD_SCALED:pips=14.9:frac=0.5,12.45,12.45,True,40.2,8.7,240
DIAAAAXQKRGH7A2,True,2026-06-10T13:55:04+00:00,13414.95,20.0,100.0,EXTERNAL_MANUAL,2026-06-10T14:24:20+00:00,9.7,7.65,17.35,17.35,True,False,True,2026-06-10T13:55:00+00:00,13414.95,0.0,13434.95,2026-06-10T14:20:00+00:00@13404.95:frac=0.5:pips=10.0,2026-06-10T17:55:00+00:00@13388.85:reason=REGIME_MAX_HOLD_SCALED:pips=26.1:frac=0.5,18.05,18.05,True,44.3,2.6,240
DIAAAAXQQ5QXEAX,True,2026-06-11T07:35:03+00:00,13387.55,20.0,100.0,EXTERNAL_MANUAL,2026-06-11T09:13:38+00:00,10.0,23.25,33.25,33.25,True,False,True,2026-06-11T07:35:00+00:00,13387.55,0.0,13407.55,2026-06-11T08:20:00+00:00@13377.55:frac=0.5:pips=10.0,2026-06-11T11:35:00+00:00@13363.55:reason=REGIME_MAX_HOLD_SCALED:pips=24.0:frac=0.5,17.0,17.0,True,35.1,1.4,240
DIAAAAXRXQB3QAB,True,2026-06-16T15:05:01+00:00,13423.5,20.0,100.0,STRUCTURE_EXIT,2026-06-16T15:55:01+00:00,,,-10.9,-10.9,,False,True,2026-06-16T15:05:00+00:00,13423.85,0.35,13443.85,,2026-06-16T19:05:00+00:00@13432.05:reason=REGIME_MAX_HOLD:pips=-8.2:frac=1.0,-8.2,-8.2,False,5.5,18.9,240
DIAAAAXRYQ37JAP,True,2026-06-16T16:05:02+00:00,13433.2,20.0,100.0,BE_HIT_IG,2026-06-16T21:00:09+00:00,8.0,3.05,11.05,11.05,True,False,True,2026-06-16T16:05:00+00:00,13433.45,0.25,13453.45,2026-06-16T18:50:00+00:00@13423.45:frac=0.5:pips=10.0,2026-06-16T20:05:00+00:00@13422.55:reason=REGIME_MAX_HOLD_SCALED:pips=10.9:frac=0.5,10.45,10.45,True,11.5,6.2,240
DIAAAAXR4XMVAAP,True,2026-06-17T08:05:10+00:00,13417.5,20.0,100.0,BE_STOP_POST_SCALEOUT,2026-06-17T08:57:44+00:00,8.4,0.15,8.55,8.55,True,True,False,2026-06-17T08:05:00+00:00,13418.05,0.55,13438.05,2026-06-17T11:15:00+00:00@13408.05:frac=0.5:pips=10.0,2026-06-17T12:05:00+00:00@13406.85:reason=REGIME_MAX_HOLD_SCALED:pips=11.2:frac=0.5,10.6,10.6,True,18.0,1.4,240
DIAAAAXR5KJSWAB,True,2026-06-17T13:05:02+00:00,13412.3,20.0,100.0,TRAIL_STOP,2026-06-17T14:44:00+00:00,8.5,7.85,16.35,16.35,True,False,True,2026-06-17T13:05:00+00:00,13412.75,0.45,13432.75,2026-06-17T14:05:00+00:00@13402.75:frac=0.5:pips=10.0,2026-06-17T17:05:00+00:00@13397.05:reason=REGIME_MAX_HOLD_SCALED:pips=15.7:frac=0.5,12.85,12.85,True,27.7,6.1,240
DIAAAAXR9XHRHA6,True,2026-06-18T06:40:11+00:00,13319.3,20.0,100.0,BRIEFING_TP1_CLOSE,2026-06-18T07:23:22+00:00,8.1,19.5,27.6,27.6,True,False,True,2026-06-18T06:40:00+00:00,13319.65,0.35,13339.65,2026-06-18T07:05:00+00:00@13309.65:frac=0.5:pips=10.0,2026-06-18T10:40:00+00:00@13232.45:reason=REGIME_MAX_HOLD_SCALED:pips=87.2:frac=0.5,48.6,48.6,True,94.9,4.7,240
DIAAAAXSAPRX2BC,True,2026-06-18T13:45:05+00:00,13242.8,20.0,100.0,TRAIL_STOP,2026-06-18T16:11:31+00:00,,,21.45,21.45,,False,True,2026-06-18T13:45:00+00:00,13244.45,1.65,13264.45,2026-06-18T14:05:00+00:00@13234.45:frac=0.5:pips=10.0,2026-06-18T14:25:00+00:00@13244.45:reason=SCALE_OUT_BE:pips=0.0:frac=0.5,5.0,5.0,True,13.2,1.7,40
DIAAAAXSGAH9FAZ,True,2026-06-19T13:00:02+00:00,13235.2,20.0,100.0,TRAIL_STOP,2026-06-19T13:53:04+00:00,8.0,12.75,20.75,20.75,True,False,True,2026-06-19T13:00:00+00:00,13235.45,0.25,13255.45,2026-06-19T13:25:00+00:00@13225.45:frac=0.5:pips=10.0,2026-06-19T14:50:00+00:00@13235.45:reason=SCALE_OUT_BE:pips=0.0:frac=0.5,5.0,5.0,True,21.8,1.2,110
DIAAAAXSGSSZMAP,True,2026-06-19T14:55:04+00:00,13223.8,20.0,100.0,STRUCTURE_EXIT,2026-06-19T17:40:02+00:00,,,-12.8,-12.8,,False,True,2026-06-19T14:55:00+00:00,13221.65,-2.15,13241.65,,2026-06-19T18:55:00+00:00@13234.75:reason=REGIME_MAX_HOLD:pips=-13.1:frac=1.0,-13.1,-13.1,False,4.0,17.15,240
DIAAAAXSUJ933AF,True,2026-06-22T15:10:01+00:00,13260.2,20.0,100.0,TRAIL_STOP,2026-06-22T16:23:04+00:00,7.9,13.35,21.25,21.25,True,False,True,2026-06-22T15:10:00+00:00,13260.25,0.05,13280.25,2026-06-22T15:50:00+00:00@13250.25:frac=0.5:pips=10.0,2026-06-22T19:10:00+00:00@13243.15:reason=REGIME_MAX_HOLD_SCALED:pips=17.1:frac=0.5,13.55,13.55,True,20.5,2.7,240
DIAAAAXS4AGPQAZ,True,2026-06-23T06:30:01+00:00,13238.7,20.0,100.0,BE_STOP_POST_SCALEOUT,2026-06-23T07:04:36+00:00,8.0,-0.05,7.95,7.95,True,True,False,2026-06-23T06:30:00+00:00,13240.05,1.35,13260.05,2026-06-23T06:50:00+00:00@13230.05:frac=0.5:pips=10.0,2026-06-23T07:10:00+00:00@13240.05:reason=SCALE_OUT_BE:pips=0.0:frac=0.5,5.0,5.0,True,11.6,9.5,40
DIAAAAXS4GJLLAG,True,2026-06-23T07:15:01+00:00,13246.8,20.0,100.0,TRAIL_STOP,2026-06-23T07:59:33+00:00,8.5,19.65,28.15,28.15,True,False,True,2026-06-23T07:15:00+00:00,13246.05,-0.75,13266.05,2026-06-23T07:40:00+00:00@13236.05:frac=0.5:pips=10.0,2026-06-23T11:15:00+00:00@13223.35:reason=REGIME_MAX_HOLD_SCALED:pips=22.7:frac=0.5,16.35,16.35,True,35.0,3.5,240
DIAAAAXS5QFZWAL,True,2026-06-23T10:10:01+00:00,13222.6,20.0,100.0,TRAIL_STOP,2026-06-23T12:01:21+00:00,8.0,9.65,17.65,17.65,True,False,True,2026-06-23T10:10:00+00:00,13223.15,0.55,13243.15,2026-06-23T10:50:00+00:00@13213.15:frac=0.5:pips=10.0,2026-06-23T11:05:00+00:00@13223.15:reason=SCALE_OUT_BE:pips=0.0:frac=0.5,5.0,5.0,True,12.1,2.5,55
DIAAAAXTRHQDNA5,True,2026-06-24T06:20:02+00:00,13197.9,20.0,100.0,TRAIL_STOP,2026-06-24T07:21:53+00:00,8.0,11.05,19.05,19.05,True,False,True,2026-06-24T06:20:00+00:00,13198.55,0.65,13218.55,2026-06-24T06:40:00+00:00@13188.55:frac=0.5:pips=10.0,2026-06-24T10:20:00+00:00@13163.25:reason=REGIME_MAX_HOLD_SCALED:pips=35.3:frac=0.5,22.65,22.65,True,38.5,4.3,240
DIAAAAXT4HQ4FAV,True,2026-06-24T12:00:19+00:00,13163.5,20.0,100.0,BRIEFING_TP1_CLOSE,2026-06-24T12:41:26+00:00,8.1,21.2,29.3,29.3,True,False,True,2026-06-24T12:00:00+00:00,13162.85,-0.65,13182.85,2026-06-24T12:40:00+00:00@13152.85:frac=0.5:pips=10.0,2026-06-24T13:30:00+00:00@13162.85:reason=SCALE_OUT_BE:pips=0.0:frac=0.5,5.0,5.0,True,21.4,6.5,90
DIAAAAXT64ULRAM,True,2026-06-24T15:35:02+00:00,13163.5,20.0,100.0,SL_HIT,2026-06-25T03:52:01+00:00,,,-20.35,-20.35,,True,False,2026-06-24T15:35:00+00:00,13164.15,0.65,13184.15,2026-06-24T17:55:00+00:00@13154.15:frac=0.5:pips=10.0,2026-06-24T18:25:00+00:00@13164.15:reason=SCALE_OUT_BE:pips=0.0:frac=0.5,5.0,5.0,True,10.3,15.4,170
