date,n_ledger,n_bench,ledger_pips,bench_pips,delta_pips
2026-05-29,3,3,26.25,10.2,-16.05
2026-06-01,4,4,12.65,4.95,-7.7
2026-06-02,2,2,32.2,16.85,-15.35
2026-06-03,2,2,55.4,15.4,-40.0
2026-06-04,4,4,3.45,-19.15,-22.6
2026-06-05,3,3,-0.85,9.2,10.05
2026-06-09,1,1,30.65,12.45,-18.2
2026-06-10,1,1,17.35,18.05,0.7
2026-06-11,1,1,33.25,17.0,-16.25
2026-06-16,2,2,0.15,2.25,2.1
2026-06-17,2,2,24.9,23.45,-1.45
2026-06-18,2,2,49.05,53.6,4.55
2026-06-19,2,2,7.95,-8.1,-16.05
2026-06-22,1,1,21.25,13.55,-7.7
2026-06-23,3,3,53.75,26.35,-27.4
2026-06-24,3,3,28.0,32.65,4.65
TOTAL,36,36,395.4,228.7,-166.7
