timestamp,open,high,low,close
2026-03-02T00:00:00+00:00,13438.5500,13438.5500,13432.0500,13432.1500
2026-03-02T00:05:00+00:00,13432.0500,13432.4500,13429.7000,13429.9500
2026-03-02T00:10:00+00:00,13430.0500,13430.7500,13426.9500,13427.0000
2026-03-02T00:15:00+00:00,13427.4000,13429.6500,13426.8000,13429.5500
2026-03-02T00:20:00+00:00,13429.4000,13429.7500,13427.5500,13429.7000
2026-03-02T00:25:00+00:00,13429.6500,13430.3500,13420.9000,13424.7500
2026-03-02T00:30:00+00:00,13425.2000,13428.1500,13424.5500,13428.1500
2026-03-02T00:35:00+00:00,13428.1000,13428.1000,13425.5000,13427.2500
2026-03-02T00:40:00+00:00,13427.2000,13427.2500,13422.5500,13422.6500
2026-03-02T00:45:00+00:00,13422.7000,13423.3500,13417.0500,13418.5000
2026-03-02T00:50:00+00:00,13418.6000,13423.3000,13418.6000,13421.2000
2026-03-02T00:55:00+00:00,13421.4000,13421.5000,13414.6000,13415.1000
2026-03-02T01:00:00+00:00,13415.1500,13415.7000,13403.8000,13405.8000
2026-03-02T01:05:00+00:00,13405.9500,13409.6000,13405.6500,13408.3000
2026-03-02T01:10:00+00:00,13408.5000,13408.6000,13400.5500,13400.5500
2026-03-02T01:15:00+00:00,13400.8000,13404.2000,13397.7500,13399.1000
2026-03-02T01:20:00+00:00,13399.0500,13401.5000,13384.8500,13385.3500
2026-03-02T01:25:00+00:00,13385.5000,13390.7000,13383.1000,13387.3000
2026-03-02T01:30:00+00:00,13387.5000,13390.4500,13385.5500,13386.0000
2026-03-02T01:35:00+00:00,13385.9500,13390.4000,13381.0000,13381.0500
2026-03-02T01:40:00+00:00,13380.5000,13383.0000,13376.6500,13379.3000
2026-03-02T01:45:00+00:00,13379.5000,13385.8000,13377.8500,13384.6000
2026-03-02T01:50:00+00:00,13384.5000,13384.5000,13380.3000,13380.4000
2026-03-02T01:55:00+00:00,13380.3500,13383.3500,13376.3500,13381.8000
2026-03-02T02:00:00+00:00,13381.7500,13385.8500,13372.3000,13373.1500
2026-03-02T02:05:00+00:00,13373.0500,13373.4500,13368.2000,13369.7500
2026-03-02T02:10:00+00:00,13370.0500,13373.2500,13363.1000,13363.8000
2026-03-02T02:15:00+00:00,13363.6500,13366.2000,13351.4500,13355.5000
2026-03-02T02:20:00+00:00,13355.1000,13366.5000,13353.5500,13365.0000
2026-03-02T02:25:00+00:00,13365.1000,13365.7000,13359.0500,13359.9000
2026-03-02T02:30:00+00:00,13359.8500,13374.3500,13359.8000,13367.8500
2026-03-02T02:35:00+00:00,13367.7500,13374.0000,13360.4500,13366.8000
2026-03-02T02:40:00+00:00,13366.9000,13369.2000,13364.9000,13367.1500
2026-03-02T02:45:00+00:00,13367.2000,13367.2000,13353.5500,13353.5500
2026-03-02T02:50:00+00:00,13353.6000,13354.0500,13344.3500,13353.0000
2026-03-02T02:55:00+00:00,13352.8500,13362.2000,13351.3500,13362.2000
2026-03-02T03:00:00+00:00,13362.2500,13371.2500,13361.6000,13365.0000
2026-03-02T03:05:00+00:00,13365.4000,13366.8000,13355.0500,13359.8000
2026-03-02T03:10:00+00:00,13359.9000,13361.5000,13347.8000,13352.1000
2026-03-02T03:15:00+00:00,13352.3000,13353.8500,13340.4000,13343.4000
2026-03-02T03:20:00+00:00,13343.3000,13343.6000,13334.5000,13334.6000
2026-03-02T03:25:00+00:00,13334.2500,13336.9000,13326.5000,13327.6500
2026-03-02T03:30:00+00:00,13327.7500,13329.9500,13323.7000,13324.5500
2026-03-02T03:35:00+00:00,13324.6000,13324.6000,13314.2000,13319.2000
2026-03-02T03:40:00+00:00,13319.3000,13339.5500,13317.1000,13337.9500
2026-03-02T03:45:00+00:00,13337.7000,13348.9500,13336.9500,13347.3000
2026-03-02T03:50:00+00:00,13347.5000,13356.0000,13347.5000,13353.7000
2026-03-02T03:55:00+00:00,13353.5500,13355.9500,13349.4000,13350.3000
2026-03-02T04:00:00+00:00,13350.2000,13358.9000,13346.0500,13357.0500
2026-03-02T04:05:00+00:00,13357.4500,13362.8500,13354.5500,13358.0500
2026-03-02T04:10:00+00:00,13358.2000,13366.9000,13355.8500,13365.3000
2026-03-02T04:15:00+00:00,13365.2000,13378.6000,13364.5000,13373.7000
2026-03-02T04:20:00+00:00,13373.6500,13375.0000,13366.8500,13366.8500
2026-03-02T04:25:00+00:00,13366.9500,13369.0000,13364.2000,13365.9500
2026-03-02T04:30:00+00:00,13365.8500,13380.0000,13365.0500,13374.8500
2026-03-02T04:35:00+00:00,13374.6500,13379.4500,13372.2500,13372.8500
2026-03-02T04:40:00+00:00,13372.9500,13374.7500,13365.0500,13374.3500
2026-03-02T04:45:00+00:00,13374.4000,13374.4000,13368.1500,13369.6500
2026-03-02T04:50:00+00:00,13369.7500,13370.0000,13364.3500,13365.5500
2026-03-02T04:55:00+00:00,13365.5000,13373.9500,13364.9000,13372.6500
2026-03-02T05:00:00+00:00,13372.5000,13381.8000,13372.5000,13378.5500
2026-03-02T05:05:00+00:00,13378.7000,13385.6500,13374.4000,13385.4500
2026-03-02T05:10:00+00:00,13385.8000,13386.5000,13378.4000,13378.5000
2026-03-02T05:15:00+00:00,13378.4500,13391.6000,13377.7000,13389.9500
2026-03-02T05:20:00+00:00,13390.2000,13395.7500,13388.8500,13393.6500
2026-03-02T05:25:00+00:00,13393.6000,13394.8500,13392.4000,13394.5000
2026-03-02T05:30:00+00:00,13394.3500,13398.7000,13393.5500,13397.7000
2026-03-02T05:35:00+00:00,13397.6500,13400.3000,13392.0500,13399.3000
2026-03-02T05:40:00+00:00,13399.4000,13405.7500,13394.8000,13405.7500
2026-03-02T05:45:00+00:00,13405.9500,13406.9000,13394.4500,13397.5500
2026-03-02T05:50:00+00:00,13397.3000,13405.8000,13394.7500,13405.8000
2026-03-02T05:55:00+00:00,13405.9000,13409.1500,13402.2000,13406.1000
2026-03-02T06:00:00+00:00,13406.2000,13407.7000,13398.9500,13402.0500
2026-03-02T06:05:00+00:00,13402.4500,13405.9000,13398.2000,13402.5500
2026-03-02T06:10:00+00:00,13402.4500,13404.0000,13398.1500,13403.7000
2026-03-02T06:15:00+00:00,13403.7500,13406.2000,13399.6500,13405.6500
2026-03-02T06:20:00+00:00,13405.7000,13405.7000,13400.7500,13404.7000
2026-03-02T06:25:00+00:00,13404.9500,13413.8500,13402.4000,13402.6000
2026-03-02T06:30:00+00:00,13402.5000,13407.3500,13401.6000,13407.3500
2026-03-02T06:35:00+00:00,13407.4000,13414.4500,13407.4000,13413.9500
2026-03-02T06:40:00+00:00,13413.8500,13415.1500,13412.8500,13414.1500
2026-03-02T06:45:00+00:00,13414.1000,13426.4500,13412.3000,13425.1500
2026-03-02T06:50:00+00:00,13425.1000,13425.2500,13411.8000,13411.9000
2026-03-02T06:55:00+00:00,13412.0500,13415.4000,13410.0500,13411.8000
2026-03-02T07:00:00+00:00,13411.9500,13418.8000,13408.5000,13417.5500
2026-03-02T07:05:00+00:00,13417.5000,13418.9500,13405.3000,13407.5500
2026-03-02T07:10:00+00:00,13407.5000,13408.4000,13402.9500,13404.5500
2026-03-02T07:15:00+00:00,13404.6500,13408.8500,13400.7000,13402.6500
2026-03-02T07:20:00+00:00,13402.8500,13407.7500,13399.9500,13404.6000
2026-03-02T07:25:00+00:00,13404.5000,13408.7500,13403.4000,13405.4500
2026-03-02T07:30:00+00:00,13405.6000,13411.6500,13404.9000,13410.5500
2026-03-02T07:35:00+00:00,13410.9500,13414.7500,13409.1000,13412.2500
2026-03-02T07:40:00+00:00,13412.3500,13415.5000,13405.5000,13406.7000
2026-03-02T07:45:00+00:00,13406.4000,13406.5500,13392.3000,13397.5500
2026-03-02T07:50:00+00:00,13397.5000,13399.3000,13392.4500,13395.8000
2026-03-02T07:55:00+00:00,13395.7000,13399.5000,13391.6000,13395.8000
2026-03-02T08:00:00+00:00,13395.8500,13398.7000,13389.7000,13389.9500
2026-03-02T08:05:00+00:00,13390.1500,13394.2000,13385.7000,13386.7500
2026-03-02T08:10:00+00:00,13386.8500,13393.5000,13384.3000,13391.9500
2026-03-02T08:15:00+00:00,13391.9000,13394.3000,13390.7000,13393.5500
2026-03-02T08:20:00+00:00,13393.3000,13403.0500,13392.4000,13399.1500
2026-03-02T08:25:00+00:00,13398.8500,13405.5000,13398.6000,13402.7000
2026-03-02T08:30:00+00:00,13402.6000,13404.6500,13395.0000,13395.4500
2026-03-02T08:35:00+00:00,13395.5000,13397.2500,13389.3000,13390.6000
2026-03-02T08:40:00+00:00,13390.6500,13396.6000,13385.5500,13387.8000
2026-03-02T08:45:00+00:00,13388.0000,13399.8000,13387.5500,13394.7000
2026-03-02T08:50:00+00:00,13394.8000,13395.0500,13386.6500,13387.4000
2026-03-02T08:55:00+00:00,13387.5500,13388.2000,13379.4000,13382.7000
2026-03-02T09:00:00+00:00,13382.3500,13382.4500,13375.3500,13378.7000
2026-03-02T09:05:00+00:00,13378.8500,13407.0500,13378.8000,13402.9500
2026-03-02T09:10:00+00:00,13402.7000,13403.1000,13397.9000,13400.9000
2026-03-02T09:15:00+00:00,13400.3500,13401.8000,13387.6500,13398.3000
2026-03-02T09:20:00+00:00,13398.2500,13400.7500,13387.4000,13390.4500
2026-03-02T09:25:00+00:00,13390.4000,13391.8000,13386.2500,13389.3000
2026-03-02T09:30:00+00:00,13389.0000,13404.5000,13384.1500,13400.5500
2026-03-02T09:35:00+00:00,13400.7500,13409.0500,13398.8000,13404.7500
2026-03-02T09:40:00+00:00,13404.6500,13414.5000,13403.5500,13412.8000
2026-03-02T09:45:00+00:00,13412.6500,13417.8000,13409.5000,13417.7500
2026-03-02T09:50:00+00:00,13417.6500,13425.5500,13414.2000,13419.3000
2026-03-02T09:55:00+00:00,13419.4000,13421.2500,13411.3500,13412.8500
2026-03-02T10:00:00+00:00,13412.5500,13413.4000,13403.9000,13409.6500
2026-03-02T10:05:00+00:00,13409.5500,13412.3500,13404.1500,13405.6500
2026-03-02T10:10:00+00:00,13405.9000,13411.8500,13404.8000,13405.5500
2026-03-02T10:15:00+00:00,13405.5000,13405.6000,13395.9000,13396.3500
2026-03-02T10:20:00+00:00,13396.4500,13400.4000,13394.2500,13396.5500
2026-03-02T10:25:00+00:00,13396.4500,13397.9000,13387.5000,13390.7000
2026-03-02T10:30:00+00:00,13390.8000,13396.2500,13389.1500,13389.6000
2026-03-02T10:35:00+00:00,13389.5500,13389.8500,13374.5000,13375.6500
2026-03-02T10:40:00+00:00,13375.5500,13385.6500,13375.3000,13381.7000
2026-03-02T10:45:00+00:00,13381.5000,13381.6000,13373.5000,13376.3000
2026-03-02T10:50:00+00:00,13376.3500,13376.3500,13365.4500,13368.9500
2026-03-02T10:55:00+00:00,13368.7500,13372.7500,13365.6000,13371.8500
2026-03-02T11:00:00+00:00,13371.7500,13373.1500,13367.6500,13370.6500
2026-03-02T11:05:00+00:00,13370.7500,13372.4500,13366.8500,13369.5500
2026-03-02T11:10:00+00:00,13369.6500,13370.6000,13365.5500,13367.0000
2026-03-02T11:15:00+00:00,13367.1500,13368.2500,13360.1500,13360.6000
2026-03-02T11:20:00+00:00,13360.5500,13369.4000,13359.7000,13369.1000
2026-03-02T11:25:00+00:00,13369.2000,13373.9000,13366.5000,13369.7000
2026-03-02T11:30:00+00:00,13369.8000,13371.7000,13364.6000,13370.7000
2026-03-02T11:35:00+00:00,13370.8000,13375.9500,13368.8000,13373.8500
2026-03-02T11:40:00+00:00,13374.0000,13382.9500,13374.0000,13380.5000
2026-03-02T11:45:00+00:00,13380.6500,13386.8500,13380.4500,13386.8000
2026-03-02T11:50:00+00:00,13386.7500,13388.7500,13384.1000,13385.2500
2026-03-02T11:55:00+00:00,13385.3000,13394.8500,13384.6000,13390.4000
2026-03-02T12:00:00+00:00,13390.4500,13395.0500,13387.6500,13395.0500
2026-03-02T12:05:00+00:00,13395.3000,13402.0500,13394.4000,13400.5000
2026-03-02T12:10:00+00:00,13400.4500,13407.3500,13398.9500,13405.7500
2026-03-02T12:15:00+00:00,13406.0000,13407.8500,13403.9500,13407.3500
2026-03-02T12:20:00+00:00,13407.4500,13413.3500,13407.4500,13410.6000
2026-03-02T12:25:00+00:00,13410.4500,13411.5500,13405.8000,13408.4500
2026-03-02T12:30:00+00:00,13408.5000,13412.0000,13402.5500,13403.6500
2026-03-02T12:35:00+00:00,13403.2500,13405.7000,13398.4000,13401.3000
2026-03-02T12:40:00+00:00,13401.2500,13405.9500,13401.2500,13405.6500
2026-03-02T12:45:00+00:00,13405.7000,13405.8000,13401.0000,13404.4500
2026-03-02T12:50:00+00:00,13404.3500,13415.5000,13403.9500,13412.2500
2026-03-02T12:55:00+00:00,13412.1500,13418.3500,13409.7000,13415.7000
2026-03-02T13:00:00+00:00,13415.5500,13416.0000,13405.4500,13406.6000
2026-03-02T13:05:00+00:00,13406.6500,13407.2500,13405.3500,13406.2500
2026-03-02T13:10:00+00:00,13406.3000,13411.9000,13405.4500,13410.5500
2026-03-02T13:15:00+00:00,13410.2000,13410.2000,13404.2500,13405.8500
2026-03-02T13:20:00+00:00,13405.8000,13405.8000,13401.0000,13401.9500
2026-03-02T13:25:00+00:00,13402.0000,13404.7500,13399.4000,13401.1000
2026-03-02T13:30:00+00:00,13401.0000,13401.8500,13398.8000,13399.4000
2026-03-02T13:35:00+00:00,13398.7500,13400.3000,13396.4500,13397.4000
2026-03-02T13:40:00+00:00,13397.2500,13397.9000,13395.2500,13396.0000
2026-03-02T13:45:00+00:00,13396.0500,13403.8000,13395.5500,13403.6500
2026-03-02T13:50:00+00:00,13403.7000,13406.0000,13402.6000,13405.8500
2026-03-02T13:55:00+00:00,13405.3000,13407.9000,13404.4000,13405.9500
2026-03-02T14:00:00+00:00,13405.6500,13409.5500,13404.6500,13408.7000
2026-03-02T14:05:00+00:00,13408.6500,13414.7500,13408.6000,13414.5500
2026-03-02T14:10:00+00:00,13414.5000,13418.7500,13414.5000,13418.5500
2026-03-02T14:15:00+00:00,13418.7000,13419.4000,13415.1000,13418.1000
2026-03-02T14:20:00+00:00,13418.2000,13420.9500,13417.4000,13419.5500
2026-03-02T14:25:00+00:00,13419.6000,13423.0000,13419.5500,13422.8500
2026-03-02T14:30:00+00:00,13422.8000,13424.5000,13421.7000,13423.4000
2026-03-02T14:35:00+00:00,13423.3500,13426.4000,13423.3000,13424.0000
2026-03-02T14:40:00+00:00,13423.9500,13428.4500,13423.3500,13426.8000
2026-03-02T14:45:00+00:00,13426.7000,13431.8500,13425.8000,13429.5000
2026-03-02T14:50:00+00:00,13429.5000,13431.2500,13427.4000,13428.8000
2026-03-02T14:55:00+00:00,13428.8500,13430.8500,13428.2000,13428.4000
2026-03-02T15:00:00+00:00,13428.6500,13429.9000,13423.9000,13424.6500
2026-03-02T15:05:00+00:00,13424.5000,13425.0000,13395.6000,13400.0000
2026-03-02T15:10:00+00:00,13399.9500,13400.2000,13387.7000,13388.5500
2026-03-02T15:15:00+00:00,13388.4500,13402.7000,13386.2500,13399.2500
2026-03-02T15:20:00+00:00,13399.3500,13400.9500,13392.7000,13397.2500
2026-03-02T15:25:00+00:00,13397.2000,13397.2000,13390.8500,13392.4000
2026-03-02T15:30:00+00:00,13392.4500,13397.3000,13390.0000,13395.1000
2026-03-02T15:35:00+00:00,13394.9500,13402.1000,13394.4500,13401.1500
2026-03-02T15:40:00+00:00,13401.2000,13402.4500,13398.7000,13401.7000
2026-03-02T15:45:00+00:00,13401.5000,13402.2500,13395.9500,13398.2000
2026-03-02T15:50:00+00:00,13398.4500,13402.0000,13398.1500,13401.1500
2026-03-02T15:55:00+00:00,13401.1000,13404.0500,13401.1000,13401.4500
2026-03-02T16:00:00+00:00,13401.5000,13405.5500,13401.5000,13405.0000
2026-03-02T16:05:00+00:00,13405.1000,13409.8500,13405.1000,13406.6000
2026-03-02T16:10:00+00:00,13406.5000,13407.7000,13404.5500,13407.5500
2026-03-02T16:15:00+00:00,13407.8000,13410.9000,13407.1000,13407.6000
2026-03-02T16:20:00+00:00,13407.5000,13408.6000,13405.4500,13408.5500
2026-03-02T16:25:00+00:00,13408.0000,13408.1500,13406.6000,13406.7000
2026-03-02T16:30:00+00:00,13406.6500,13407.0000,13403.6500,13403.6500
2026-03-02T16:35:00+00:00,13403.6000,13405.4500,13402.8500,13403.9000
2026-03-02T16:40:00+00:00,13403.8500,13404.1000,13403.0500,13403.9500
2026-03-02T16:45:00+00:00,13403.9000,13405.5500,13401.9000,13405.1500
2026-03-02T16:50:00+00:00,13405.1000,13405.7000,13404.4500,13405.6000
2026-03-02T16:55:00+00:00,13405.7500,13407.3500,13404.1000,13407.3500
2026-03-02T17:00:00+00:00,13406.6000,13408.2500,13403.8500,13407.2000
2026-03-02T17:05:00+00:00,13406.6500,13406.8000,13401.7000,13402.9500
2026-03-02T17:10:00+00:00,13403.5500,13406.6500,13402.6500,13405.5500
2026-03-02T17:15:00+00:00,13405.4500,13405.4500,13403.2500,13403.3000
2026-03-02T17:20:00+00:00,13403.3500,13404.8500,13403.2000,13403.5500
2026-03-02T17:25:00+00:00,13403.5000,13403.7000,13402.8500,13402.8500
2026-03-02T17:30:00+00:00,13403.4000,13404.0500,13402.8000,13403.3000
2026-03-02T17:35:00+00:00,13403.2000,13404.3000,13403.2000,13404.1500
2026-03-02T17:40:00+00:00,13404.2000,13404.6000,13403.6000,13403.9000
2026-03-02T17:45:00+00:00,13403.9000,13404.0000,13403.3000,13403.3000
2026-03-02T17:50:00+00:00,13403.6500,13404.4000,13403.1000,13403.3000
2026-03-02T17:55:00+00:00,13403.3500,13403.7000,13402.5500,13402.7000
2026-03-02T18:00:00+00:00,13402.6000,13408.0000,13402.4500,13408.0000
2026-03-02T18:05:00+00:00,13408.3500,13408.9000,13407.5000,13408.5500
2026-03-02T18:10:00+00:00,13408.6000,13408.6500,13407.3500,13407.8000
2026-03-02T18:15:00+00:00,13408.2500,13411.7000,13408.1000,13411.2000
2026-03-02T18:20:00+00:00,13411.3000,13411.6500,13409.2500,13409.7000
2026-03-02T18:25:00+00:00,13410.0500,13410.8500,13409.7000,13410.8000
2026-03-02T18:30:00+00:00,13410.7500,13410.7500,13408.8000,13410.5000
2026-03-02T18:35:00+00:00,13410.4000,13410.8500,13409.7000,13409.7000
2026-03-02T18:40:00+00:00,13409.5000,13410.9000,13409.5000,13410.7000
2026-03-02T18:45:00+00:00,13410.8000,13410.9500,13409.7500,13410.7000
2026-03-02T18:50:00+00:00,13410.8000,13411.7000,13409.7500,13409.8000
2026-03-02T18:55:00+00:00,13409.6000,13409.8000,13407.5500,13408.2000
2026-03-02T19:00:00+00:00,13408.3000,13408.5500,13402.6000,13403.8500
2026-03-02T19:05:00+00:00,13403.8000,13404.6000,13402.6000,13404.5500
2026-03-02T19:10:00+00:00,13404.6000,13406.3500,13400.7500,13401.5000
2026-03-02T19:15:00+00:00,13401.4000,13402.1000,13399.7000,13402.0000
2026-03-02T19:20:00+00:00,13401.9000,13403.5500,13401.4500,13403.0500
2026-03-02T19:25:00+00:00,13403.1000,13404.0000,13401.3500,13403.6000
2026-03-02T19:30:00+00:00,13403.7000,13404.3500,13401.3000,13401.7500
2026-03-02T19:35:00+00:00,13402.0000,13402.1500,13397.9000,13398.4000
2026-03-02T19:40:00+00:00,13398.6500,13402.3500,13398.6500,13402.3500
2026-03-02T19:45:00+00:00,13402.4000,13410.1500,13402.4000,13409.9000
2026-03-02T19:50:00+00:00,13410.0500,13411.0500,13405.6500,13407.1000
2026-03-02T19:55:00+00:00,13407.0000,13413.0000,13405.2500,13411.9000
2026-03-02T20:00:00+00:00,13412.0500,13412.1000,13405.8500,13409.6000
2026-03-02T20:05:00+00:00,13409.4500,13411.1000,13406.6500,13409.5500
2026-03-02T20:10:00+00:00,13409.4500,13410.9500,13408.3000,13409.7000
2026-03-02T20:15:00+00:00,13409.6000,13416.4000,13408.4000,13415.7000
2026-03-02T20:20:00+00:00,13415.8000,13424.9500,13415.1000,13423.5000
2026-03-02T20:25:00+00:00,13423.5500,13425.2500,13418.5500,13418.7500
2026-03-02T20:30:00+00:00,13418.6500,13422.5000,13417.1000,13420.7000
2026-03-02T20:35:00+00:00,13420.7000,13421.9500,13418.9500,13419.6500
2026-03-02T20:40:00+00:00,13419.5500,13419.7500,13413.6500,13414.6000
2026-03-02T20:45:00+00:00,13414.3500,13417.7000,13413.9500,13414.6500
2026-03-02T20:50:00+00:00,13414.7000,13415.6000,13412.3000,13412.6500
2026-03-02T20:55:00+00:00,13412.4000,13412.8500,13409.0500,13409.5000
2026-03-02T21:00:00+00:00,13409.4500,13409.4500,13399.4000,13405.1000
2026-03-02T21:05:00+00:00,13405.0500,13405.2500,13401.6500,13401.6500
2026-03-02T21:10:00+00:00,13401.6000,13401.9500,13397.1500,13399.7000
2026-03-02T21:15:00+00:00,13399.6000,13400.4000,13394.2500,13394.6000
2026-03-02T21:20:00+00:00,13394.5500,13399.7500,13392.0500,13399.7500
2026-03-02T21:25:00+00:00,13399.8000,13405.2500,13399.0500,13404.1000
2026-03-02T21:30:00+00:00,13404.0500,13407.6000,13401.2500,13406.6000
2026-03-02T21:35:00+00:00,13406.5500,13408.8000,13405.9000,13407.8500
2026-03-02T21:40:00+00:00,13408.0000,13412.4500,13406.6500,13406.8500
2026-03-02T21:45:00+00:00,13406.6500,13409.1500,13405.5500,13406.5000
2026-03-02T21:50:00+00:00,13406.5500,13408.1500,13404.6500,13407.5500
2026-03-02T21:55:00+00:00,13407.6000,13408.4000,13404.1000,13405.0000
2026-03-02T22:00:00+00:00,13405.1500,13410.7000,13405.1500,13407.9500
2026-03-02T22:05:00+00:00,13408.0500,13408.4500,13403.7000,13404.3000
2026-03-02T22:10:00+00:00,13404.3500,13404.8000,13399.9500,13402.1000
2026-03-02T22:15:00+00:00,13402.2000,13405.0500,13401.7500,13402.7500
2026-03-02T22:20:00+00:00,13402.6000,13402.6000,13397.5000,13398.4500
2026-03-02T22:25:00+00:00,13398.5500,13398.6500,13395.9500,13396.3500
2026-03-02T22:30:00+00:00,13396.1500,13400.7000,13395.3000,13399.8500
2026-03-02T22:35:00+00:00,13399.9000,13403.9500,13398.9500,13403.0000
2026-03-02T22:40:00+00:00,13402.9500,13404.9500,13401.6000,13404.7500
2026-03-02T22:45:00+00:00,13404.8000,13406.0500,13402.2500,13402.6000
2026-03-02T22:50:00+00:00,13402.5500,13402.5500,13399.0000,13400.6500
2026-03-02T22:55:00+00:00,13400.7000,13401.9000,13398.7000,13399.4000
2026-03-02T23:00:00+00:00,13399.5500,13401.4000,13399.2000,13401.4000
2026-03-02T23:05:00+00:00,13401.1000,13403.0500,13399.6500,13400.1000
2026-03-02T23:10:00+00:00,13400.1500,13400.5500,13394.3000,13395.7000
2026-03-02T23:15:00+00:00,13395.5500,13397.7500,13393.6500,13397.7500
2026-03-02T23:20:00+00:00,13397.6000,13401.1500,13397.5500,13398.6000
2026-03-02T23:25:00+00:00,13398.6500,13401.0500,13397.0500,13397.7000
2026-03-02T23:30:00+00:00,13397.5500,13398.7000,13394.8000,13395.0000
2026-03-02T23:35:00+00:00,13395.0500,13395.7000,13391.9500,13392.5000
2026-03-02T23:40:00+00:00,13392.5500,13393.8500,13390.5000,13390.7000
2026-03-02T23:45:00+00:00,13390.9000,13391.4500,13384.6500,13385.8500
2026-03-02T23:50:00+00:00,13386.0000,13386.7000,13383.3500,13385.7000
2026-03-02T23:55:00+00:00,13385.7500,13386.8000,13382.1500,13383.8000
