timestamp,bid_open,bid_high,bid_low,bid_close,ask_open,ask_high,ask_low,ask_close,volume
2026-09-16T23:00:00+00:00,13379.5,13380.7,13377.9,13380.7,13381.0,13382.2,13379.4,13382.2,128.0
2026-09-16T23:05:00+00:00,13381.6,13382.1,13378.4,13380.1,13383.1,13383.6,13379.9,13381.6,205.0
2026-09-16T23:10:00+00:00,13379.9,13381.5,13379.7,13380.3,13381.4,13383.0,13381.2,13381.8,169.0
2026-09-16T23:15:00+00:00,13380.4,13382.6,13380.4,13380.4,13381.9,13384.1,13381.9,13381.9,145.0
2026-09-16T23:20:00+00:00,13380.6,13382.6,13380.5,13381.4,13382.1,13384.1,13382.0,13382.9,131.0
2026-09-16T23:25:00+00:00,13381.2,13382.8,13380.8,13381.1,13382.7,13384.3,13382.1,13382.6,157.0
2026-09-16T23:30:00+00:00,13381.2,13382.9,13381.2,13381.4,13382.7,13384.4,13382.7,13382.9,78.0
2026-09-16T23:35:00+00:00,13381.3,13382.7,13380.6,13381.6,13382.8,13384.2,13382.6,13383.1,96.0
2026-09-16T23:40:00+00:00,13381.7,13384.0,13381.3,13381.9,13383.2,13385.5,13382.8,13383.4,172.0
2026-09-16T23:45:00+00:00,13382.7,13383.6,13380.6,13383.5,13384.2,13385.1,13382.1,13385.0,212.0
2026-09-16T23:50:00+00:00,13384.1,13385.2,13381.8,13382.2,13385.6,13386.7,13383.3,13383.7,197.0
2026-09-16T23:55:00+00:00,13382.3,13384.0,13381.5,13381.5,13383.8,13385.5,13383.0,13383.0,165.0
2026-09-17T00:00:00+00:00,13381.8,13385.0,13381.0,13384.5,13383.3,13386.5,13382.5,13385.4,272.0
2026-09-17T00:05:00+00:00,13384.4,13386.7,13383.7,13385.7,13385.3,13388.1,13385.1,13386.6,315.0
2026-09-17T00:10:00+00:00,13385.8,13385.8,13383.3,13383.3,13386.7,13387.0,13384.2,13384.2,170.0
2026-09-17T00:15:00+00:00,13383.4,13383.6,13380.9,13382.8,13384.3,13384.5,13381.8,13383.7,214.0
2026-09-17T00:20:00+00:00,13382.7,13383.1,13381.1,13381.9,13383.6,13384.0,13382.0,13382.8,174.0
2026-09-17T00:25:00+00:00,13382.1,13382.9,13380.4,13380.9,13383.0,13384.2,13381.3,13381.8,163.0
2026-09-17T00:30:00+00:00,13380.8,13382.3,13380.3,13381.1,13381.7,13383.2,13381.2,13382.0,131.0
2026-09-17T00:35:00+00:00,13381.0,13381.1,13378.6,13378.8,13381.9,13382.0,13379.5,13379.7,154.0
2026-09-17T00:40:00+00:00,13378.7,13380.1,13378.0,13378.3,13379.6,13381.3,13378.9,13379.8,184.0
2026-09-17T00:45:00+00:00,13378.1,13379.1,13376.3,13376.7,13379.6,13380.2,13377.5,13377.6,134.0
2026-09-17T00:50:00+00:00,13376.8,13377.8,13372.1,13373.0,13377.7,13378.8,13373.0,13373.9,232.0
2026-09-17T00:55:00+00:00,13372.9,13373.1,13371.9,13372.4,13373.8,13374.0,13372.8,13373.3,237.0
2026-09-17T01:00:00+00:00,13372.6,13373.2,13370.7,13371.2,13373.5,13374.1,13371.6,13372.1,224.0
2026-09-17T01:05:00+00:00,13370.3,13376.1,13370.0,13375.7,13371.2,13377.4,13370.9,13376.6,234.0
2026-09-17T01:10:00+00:00,13375.6,13376.4,13372.4,13376.3,13376.5,13377.3,13373.3,13377.2,241.0
2026-09-17T01:15:00+00:00,13376.4,13378.0,13375.5,13375.6,13377.3,13378.9,13376.4,13376.5,220.0
2026-09-17T01:20:00+00:00,13375.9,13378.9,13374.8,13377.5,13376.8,13379.8,13375.7,13378.4,201.0
2026-09-17T01:25:00+00:00,13377.1,13377.1,13374.9,13375.8,13378.0,13378.2,13375.8,13376.7,160.0
2026-09-17T01:30:00+00:00,13375.9,13378.5,13375.6,13375.6,13376.8,13379.4,13376.5,13376.5,210.0
2026-09-17T01:35:00+00:00,13375.8,13375.8,13371.1,13371.3,13376.7,13376.7,13372.0,13372.2,233.0
2026-09-17T01:40:00+00:00,13371.2,13371.4,13369.6,13370.8,13372.1,13372.3,13370.5,13371.7,190.0
2026-09-17T01:45:00+00:00,13370.9,13370.9,13369.4,13369.8,13371.8,13371.9,13370.3,13370.7,177.0
2026-09-17T01:50:00+00:00,13369.7,13372.3,13369.5,13372.3,13370.6,13373.2,13370.4,13373.2,187.0
2026-09-17T01:55:00+00:00,13372.2,13372.3,13369.8,13370.9,13373.1,13373.2,13370.7,13371.8,214.0
2026-09-17T02:00:00+00:00,13371.0,13374.1,13370.9,13374.1,13371.9,13375.0,13371.8,13375.0,202.0
2026-09-17T02:05:00+00:00,13374.0,13376.2,13374.0,13375.9,13374.9,13377.6,13374.9,13377.4,233.0
2026-09-17T02:10:00+00:00,13375.8,13376.7,13373.0,13376.5,13377.3,13377.8,13373.9,13377.4,184.0
2026-09-17T02:15:00+00:00,13376.4,13377.0,13374.6,13375.7,13377.3,13377.9,13375.5,13376.6,180.0
2026-09-17T02:20:00+00:00,13375.8,13375.8,13373.5,13373.8,13376.7,13376.7,13374.4,13374.7,182.0
2026-09-17T02:25:00+00:00,13373.7,13374.9,13373.6,13373.6,13374.6,13375.8,13374.5,13374.5,178.0
2026-09-17T02:30:00+00:00,13373.7,13374.0,13371.8,13371.9,13374.6,13375.3,13372.7,13372.8,167.0
2026-09-17T02:35:00+00:00,13371.7,13374.8,13370.6,13374.6,13372.6,13375.9,13371.5,13375.5,226.0
2026-09-17T02:40:00+00:00,13374.5,13375.0,13373.6,13373.7,13375.4,13376.0,13374.6,13375.2,183.0
2026-09-17T02:45:00+00:00,13373.8,13374.0,13371.2,13371.8,13374.7,13375.2,13372.1,13372.7,182.0
2026-09-17T02:50:00+00:00,13371.7,13373.0,13369.7,13369.9,13372.6,13373.9,13370.6,13370.8,210.0
2026-09-17T02:55:00+00:00,13369.8,13370.8,13369.3,13370.7,13371.3,13371.7,13370.3,13371.6,132.0
2026-09-17T03:00:00+00:00,13370.8,13371.9,13369.5,13370.6,13371.7,13372.8,13370.4,13371.5,172.0
2026-09-17T03:05:00+00:00,13370.7,13373.1,13370.6,13372.6,13371.6,13374.3,13371.5,13373.5,166.0
2026-09-17T03:10:00+00:00,13372.7,13374.0,13372.4,13374.0,13373.6,13375.1,13373.3,13374.9,191.0
2026-09-17T03:15:00+00:00,13374.1,13374.6,13371.0,13373.5,13375.0,13375.5,13372.0,13374.4,146.0
2026-09-17T03:20:00+00:00,13373.4,13373.6,13371.1,13371.9,13374.3,13374.5,13372.0,13372.8,170.0
2026-09-17T03:25:00+00:00,13371.8,13372.0,13370.4,13370.6,13372.7,13373.1,13371.3,13371.5,120.0
2026-09-17T03:30:00+00:00,13370.4,13372.6,13370.4,13371.7,13371.3,13373.5,13371.3,13372.6,136.0
2026-09-17T03:35:00+00:00,13371.6,13374.2,13370.8,13374.2,13372.5,13375.2,13371.7,13375.1,173.0
2026-09-17T03:40:00+00:00,13374.1,13374.2,13371.9,13371.9,13375.0,13375.1,13372.8,13372.8,107.0
2026-09-17T03:45:00+00:00,13371.8,13372.0,13370.6,13371.7,13372.7,13372.9,13371.5,13372.6,99.0
2026-09-17T03:50:00+00:00,13371.6,13371.9,13370.9,13371.6,13372.5,13373.1,13371.8,13373.1,127.0
2026-09-17T03:55:00+00:00,13371.7,13374.5,13371.7,13373.6,13373.2,13375.4,13372.6,13374.5,189.0
2026-09-17T04:00:00+00:00,13373.7,13375.2,13372.4,13374.6,13374.6,13376.6,13373.3,13376.1,158.0
2026-09-17T04:05:00+00:00,13374.4,13375.8,13374.3,13375.2,13375.9,13377.1,13375.8,13376.7,128.0
2026-09-17T04:10:00+00:00,13375.1,13375.1,13373.4,13373.4,13376.6,13376.6,13374.6,13374.9,91.0
2026-09-17T04:15:00+00:00,13373.5,13375.2,13372.4,13375.0,13375.0,13376.7,13373.5,13376.5,115.0
2026-09-17T04:20:00+00:00,13375.1,13377.6,13375.1,13376.7,13376.6,13378.8,13376.6,13377.6,91.0
2026-09-17T04:25:00+00:00,13376.8,13376.8,13375.3,13375.9,13377.7,13377.7,13376.6,13377.4,104.0
2026-09-17T04:30:00+00:00,13376.0,13379.0,13375.1,13377.6,13377.5,13380.5,13376.6,13379.1,161.0
2026-09-17T04:35:00+00:00,13377.5,13380.2,13376.9,13376.9,13379.0,13381.2,13378.2,13378.4,163.0
2026-09-17T04:40:00+00:00,13377.1,13377.5,13376.1,13377.3,13378.6,13378.6,13377.0,13378.2,110.0
2026-09-17T04:45:00+00:00,13377.4,13380.4,13376.9,13379.4,13378.3,13381.4,13378.3,13380.3,121.0
2026-09-17T04:50:00+00:00,13379.3,13381.1,13378.4,13379.0,13380.2,13382.5,13379.8,13380.5,170.0
2026-09-17T04:55:00+00:00,13378.9,13380.3,13378.6,13379.4,13380.4,13381.2,13380.1,13380.9,95.0
2026-09-17T05:00:00+00:00,13379.5,13382.3,13379.2,13381.2,13381.0,13383.3,13380.7,13382.1,138.0
2026-09-17T05:05:00+00:00,13381.0,13381.1,13379.3,13379.3,13381.9,13382.0,13380.2,13380.8,126.0
2026-09-17T05:10:00+00:00,13379.2,13379.7,13378.2,13379.6,13380.7,13381.2,13379.7,13381.1,139.0
2026-09-17T05:15:00+00:00,13379.4,13379.5,13377.9,13379.1,13380.9,13381.0,13378.8,13380.0,495.0
2026-09-17T05:20:00+00:00,13379.0,13379.1,13377.2,13379.0,13379.9,13380.6,13378.1,13379.9,811.0
2026-09-17T05:25:00+00:00,13378.9,13382.0,13378.5,13381.2,13379.8,13382.9,13379.4,13382.1,892.0
2026-09-17T05:30:00+00:00,13381.3,13382.1,13379.4,13381.4,13382.2,13383.0,13380.3,13382.3,798.0
2026-09-17T05:35:00+00:00,13381.3,13383.0,13380.7,13381.7,13382.2,13384.5,13381.9,13382.6,1001.0
2026-09-17T05:40:00+00:00,13381.5,13382.6,13380.4,13381.7,13382.4,13383.6,13381.9,13382.6,978.0
2026-09-17T05:45:00+00:00,13381.8,13382.0,13380.5,13380.8,13382.7,13383.4,13381.6,13382.3,228.0
2026-09-17T05:50:00+00:00,13380.9,13382.1,13379.3,13381.0,13382.4,13383.2,13380.8,13381.9,193.0
2026-09-17T05:55:00+00:00,13381.1,13381.2,13380.0,13380.7,13382.0,13382.2,13380.9,13382.2,223.0
2026-09-17T06:00:00+00:00,13380.9,13382.2,13379.2,13381.2,13381.8,13383.1,13380.1,13382.1,284.0
2026-09-17T06:05:00+00:00,13381.1,13383.4,13380.6,13382.3,13382.0,13384.3,13381.9,13383.2,330.0
2026-09-17T06:10:00+00:00,13382.4,13385.7,13381.8,13385.7,13383.3,13386.6,13383.0,13386.6,288.0
2026-09-17T06:15:00+00:00,13385.6,13386.2,13382.9,13385.8,13386.5,13387.2,13383.8,13386.7,307.0
2026-09-17T06:20:00+00:00,13385.7,13389.2,13385.3,13388.4,13386.6,13390.7,13386.2,13389.9,259.0
2026-09-17T06:25:00+00:00,13388.5,13393.1,13388.4,13391.3,13390.0,13394.5,13389.9,13392.2,228.0
2026-09-17T06:30:00+00:00,13390.4,13392.9,13389.4,13390.4,13391.9,13393.9,13390.6,13391.9,329.0
2026-09-17T06:35:00+00:00,13390.9,13391.7,13388.4,13389.5,13391.8,13393.2,13389.9,13390.4,243.0
2026-09-17T06:40:00+00:00,13389.6,13393.2,13389.0,13393.0,13390.5,13394.1,13390.5,13393.9,172.0
2026-09-17T06:45:00+00:00,13393.2,13394.9,13391.4,13394.5,13394.1,13396.2,13392.5,13396.0,194.0
2026-09-17T06:50:00+00:00,13394.4,13400.4,13394.4,13400.3,13395.9,13401.9,13395.9,13401.8,189.0
2026-09-17T06:55:00+00:00,13400.2,13401.7,13396.9,13397.8,13401.7,13402.8,13397.8,13398.7,227.0
2026-09-17T07:00:00+00:00,13398.3,13398.6,13392.1,13392.1,13399.2,13399.5,13393.6,13393.6,308.0
2026-09-17T07:05:00+00:00,13392.2,13394.7,13390.4,13392.6,13393.7,13396.1,13391.9,13393.5,221.0
2026-09-17T07:10:00+00:00,13392.7,13394.4,13390.4,13391.3,13393.6,13395.3,13391.3,13392.2,235.0
2026-09-17T07:15:00+00:00,13391.4,13395.7,13391.3,13391.8,13392.3,13396.6,13392.2,13392.7,211.0
2026-09-17T07:20:00+00:00,13391.7,13392.3,13390.0,13391.7,13392.6,13393.2,13390.9,13392.6,228.0
2026-09-17T07:25:00+00:00,13391.6,13393.4,13390.4,13392.5,13392.5,13394.3,13391.3,13393.4,224.0
2026-09-17T07:30:00+00:00,13392.6,13393.4,13389.7,13390.4,13393.5,13394.3,13390.6,13391.3,183.0
2026-09-17T07:35:00+00:00,13390.3,13393.7,13389.5,13392.5,13391.2,13394.6,13390.4,13393.4,199.0
2026-09-17T07:40:00+00:00,13393.3,13393.4,13388.5,13390.5,13394.2,13394.3,13389.4,13391.4,151.0
2026-09-17T07:45:00+00:00,13391.3,13391.3,13388.7,13390.3,13392.2,13392.2,13389.6,13391.2,183.0
2026-09-17T07:50:00+00:00,13390.4,13390.4,13385.5,13387.5,13391.3,13391.3,13386.4,13388.4,233.0
2026-09-17T07:55:00+00:00,13387.6,13389.0,13385.6,13388.6,13388.5,13389.9,13386.5,13389.5,220.0
2026-09-17T08:00:00+00:00,13388.5,13388.6,13384.4,13385.3,13389.4,13389.5,13385.3,13386.2,275.0
2026-09-17T08:05:00+00:00,13385.4,13386.1,13384.3,13385.0,13386.3,13387.0,13385.2,13385.9,159.0
2026-09-17T08:10:00+00:00,13384.9,13385.2,13378.4,13379.7,13385.8,13386.1,13379.3,13380.6,201.0
2026-09-17T08:15:00+00:00,13379.4,13382.1,13379.1,13380.4,13380.3,13383.0,13380.0,13381.3,221.0
2026-09-17T08:20:00+00:00,13380.3,13382.2,13379.5,13380.4,13381.2,13383.1,13380.4,13381.3,243.0
2026-09-17T08:25:00+00:00,13380.5,13381.7,13379.1,13381.2,13381.4,13382.6,13380.0,13382.1,197.0
2026-09-17T08:30:00+00:00,13381.1,13383.5,13380.5,13383.5,13382.0,13384.4,13381.4,13384.4,216.0
2026-09-17T08:35:00+00:00,13383.4,13384.7,13383.1,13384.4,13384.3,13386.0,13384.0,13385.3,163.0
2026-09-17T08:40:00+00:00,13384.3,13386.6,13384.3,13385.9,13385.2,13387.7,13385.2,13386.8,168.0
2026-09-17T08:45:00+00:00,13385.6,13391.6,13384.7,13389.4,13386.5,13392.5,13385.6,13390.3,216.0
2026-09-17T08:50:00+00:00,13389.5,13389.5,13385.7,13385.8,13390.4,13390.4,13386.6,13386.7,146.0
2026-09-17T08:55:00+00:00,13385.9,13396.2,13385.8,13394.8,13386.8,13397.1,13386.7,13395.7,234.0
2026-09-17T09:00:00+00:00,13394.9,13398.0,13393.1,13393.7,13395.8,13399.1,13394.0,13394.6,238.0
2026-09-17T09:05:00+00:00,13394.0,13397.2,13393.5,13396.7,13394.9,13398.1,13394.4,13397.6,201.0
2026-09-17T09:10:00+00:00,13396.8,13399.9,13396.4,13397.6,13397.7,13400.8,13397.3,13398.5,214.0
2026-09-17T09:15:00+00:00,13397.7,13398.8,13394.8,13395.0,13398.6,13399.7,13395.7,13395.9,155.0
2026-09-17T09:20:00+00:00,13394.9,13395.3,13392.8,13395.0,13395.8,13396.2,13393.7,13395.9,185.0
2026-09-17T09:25:00+00:00,13394.9,13394.9,13391.6,13394.7,13395.8,13395.8,13392.5,13395.6,227.0
2026-09-17T09:30:00+00:00,13394.5,13395.5,13392.7,13394.6,13395.4,13396.4,13393.6,13395.5,203.0
2026-09-17T09:35:00+00:00,13394.3,13397.0,13393.5,13396.8,13395.2,13397.9,13394.4,13397.7,193.0
2026-09-17T09:40:00+00:00,13396.4,13397.2,13393.0,13393.0,13397.3,13398.1,13393.9,13393.9,194.0
2026-09-17T09:45:00+00:00,13392.8,13394.0,13392.2,13393.5,13393.7,13394.9,13393.1,13394.4,161.0
2026-09-17T09:50:00+00:00,13394.0,13396.0,13393.9,13395.5,13394.9,13397.3,13394.8,13396.4,245.0
2026-09-17T09:55:00+00:00,13395.4,13396.4,13393.2,13394.4,13396.3,13397.3,13394.1,13395.3,171.0
2026-09-17T10:00:00+00:00,13394.3,13396.6,13394.0,13394.2,13395.2,13397.5,13394.9,13395.1,193.0
2026-09-17T10:05:00+00:00,13394.1,13398.8,13393.9,13397.2,13395.0,13399.7,13394.8,13398.1,201.0
2026-09-17T10:10:00+00:00,13397.3,13402.9,13397.3,13400.7,13398.2,13404.3,13398.2,13401.6,191.0
2026-09-17T10:15:00+00:00,13400.6,13404.3,13399.7,13403.6,13401.5,13405.2,13400.6,13404.5,249.0
2026-09-17T10:20:00+00:00,13403.5,13404.9,13401.2,13403.6,13404.4,13405.8,13402.1,13404.5,223.0
2026-09-17T10:25:00+00:00,13403.5,13404.6,13400.3,13403.4,13404.4,13405.5,13401.4,13404.3,248.0
2026-09-17T10:30:00+00:00,13403.5,13404.3,13401.0,13402.1,13404.4,13405.2,13401.9,13403.0,186.0
2026-09-17T10:35:00+00:00,13401.8,13404.6,13401.6,13402.6,13402.7,13405.5,13402.5,13403.5,158.0
2026-09-17T10:40:00+00:00,13402.7,13402.8,13399.0,13400.8,13403.6,13403.7,13400.3,13401.7,165.0
2026-09-17T10:45:00+00:00,13401.0,13403.5,13400.5,13402.7,13401.9,13404.4,13401.4,13403.6,163.0
2026-09-17T10:50:00+00:00,13402.6,13405.3,13401.5,13401.9,13403.5,13406.2,13402.4,13402.8,205.0
2026-09-17T10:55:00+00:00,13402.0,13406.4,13402.0,13403.7,13402.9,13408.8,13402.9,13408.6,249.0
2026-09-17T11:00:00+00:00,13394.1,13395.5,13370.4,13372.7,13410.1,13410.6,13371.3,13373.6,740.0
2026-09-17T11:05:00+00:00,13373.7,13373.8,13359.1,13362.1,13375.2,13375.3,13360.6,13363.6,618.0
2026-09-17T11:10:00+00:00,13361.2,13369.1,13360.2,13365.3,13362.7,13370.6,13361.7,13366.8,379.0
2026-09-17T11:15:00+00:00,13364.4,13365.8,13348.6,13349.4,13365.9,13367.3,13350.1,13350.3,404.0
2026-09-17T11:20:00+00:00,13349.3,13360.0,13349.3,13357.3,13350.2,13361.5,13350.2,13358.8,506.0
2026-09-17T11:25:00+00:00,13357.4,13366.2,13356.3,13365.5,13358.9,13367.7,13357.2,13366.4,481.0
2026-09-17T11:30:00+00:00,13365.4,13368.0,13359.6,13364.6,13366.3,13368.9,13360.5,13365.5,415.0
2026-09-17T11:35:00+00:00,13364.7,13367.7,13363.1,13366.3,13365.6,13368.6,13364.0,13367.2,243.0
2026-09-17T11:40:00+00:00,13366.5,13373.6,13364.7,13370.6,13367.4,13374.5,13365.6,13371.5,344.0
2026-09-17T11:45:00+00:00,13370.5,13372.1,13364.6,13366.0,13371.4,13373.0,13365.5,13366.9,333.0
2026-09-17T11:50:00+00:00,13365.9,13368.1,13364.5,13367.7,13366.8,13369.0,13365.4,13368.6,277.0
2026-09-17T11:55:00+00:00,13367.6,13371.3,13363.7,13368.9,13368.5,13372.2,13364.6,13369.8,373.0
2026-09-17T12:00:00+00:00,13368.8,13374.1,13368.2,13371.3,13369.7,13375.0,13369.1,13372.2,490.0
2026-09-17T12:05:00+00:00,13371.2,13377.3,13371.2,13375.9,13372.1,13378.2,13372.1,13376.8,483.0
2026-09-17T12:10:00+00:00,13375.8,13385.4,13374.0,13383.4,13376.7,13386.9,13374.9,13384.3,508.0
2026-09-17T12:15:00+00:00,13383.5,13388.3,13380.3,13387.8,13384.4,13389.2,13381.2,13388.7,429.0
2026-09-17T12:20:00+00:00,13387.9,13389.4,13385.3,13388.4,13388.8,13390.3,13386.2,13389.3,453.0
2026-09-17T12:25:00+00:00,13388.3,13394.7,13388.3,13392.7,13389.2,13396.0,13389.2,13396.0,251.0
2026-09-17T12:30:00+00:00,13386.6,13395.0,13386.6,13391.6,13395.9,13396.7,13390.4,13392.5,297.0
2026-09-17T12:35:00+00:00,13390.9,13390.9,13383.7,13385.7,13391.8,13391.8,13384.6,13386.6,346.0
2026-09-17T12:40:00+00:00,13385.6,13386.8,13381.1,13383.4,13386.5,13387.7,13382.0,13384.3,255.0
2026-09-17T12:45:00+00:00,13383.3,13385.2,13382.1,13382.2,13384.2,13386.1,13383.0,13383.1,267.0
2026-09-17T12:50:00+00:00,13382.3,13383.3,13379.9,13383.3,13383.2,13384.2,13380.8,13384.2,288.0
2026-09-17T12:55:00+00:00,13383.2,13386.2,13381.8,13385.8,13384.1,13387.1,13382.7,13386.7,263.0
2026-09-17T13:00:00+00:00,13385.7,13387.4,13382.9,13383.1,13386.6,13388.3,13383.8,13384.0,325.0
2026-09-17T13:05:00+00:00,13383.0,13383.1,13376.8,13376.8,13383.9,13384.0,13377.7,13377.7,243.0
2026-09-17T13:10:00+00:00,13376.7,13378.4,13371.7,13372.9,13377.6,13379.3,13372.6,13373.8,245.0
2026-09-17T13:15:00+00:00,13373.0,13377.0,13372.8,13374.8,13373.9,13377.9,13373.7,13375.7,262.0
2026-09-17T13:20:00+00:00,13374.9,13377.0,13371.3,13374.5,13375.8,13377.9,13372.2,13375.4,286.0
2026-09-17T13:25:00+00:00,13374.6,13377.7,13373.9,13376.1,13375.5,13378.6,13374.8,13377.0,337.0
2026-09-17T13:30:00+00:00,13376.0,13376.9,13372.0,13372.9,13376.9,13377.8,13372.9,13373.8,437.0
2026-09-17T13:35:00+00:00,13373.0,13380.8,13373.0,13379.6,13373.9,13381.7,13373.9,13380.5,320.0
2026-09-17T13:40:00+00:00,13379.7,13380.2,13370.5,13371.2,13380.6,13381.1,13371.4,13372.1,319.0
2026-09-17T13:45:00+00:00,13371.1,13377.7,13370.9,13375.5,13372.0,13378.6,13371.8,13376.4,370.0
2026-09-17T13:50:00+00:00,13375.3,13376.6,13371.0,13371.1,13376.2,13377.5,13371.9,13372.0,347.0
2026-09-17T13:55:00+00:00,13372.3,13374.3,13370.7,13373.6,13373.2,13375.2,13371.6,13374.5,285.0
2026-09-17T14:00:00+00:00,13373.1,13377.4,13368.9,13376.5,13374.0,13378.3,13369.8,13377.4,352.0
2026-09-17T14:05:00+00:00,13376.6,13379.2,13374.6,13379.2,13377.5,13380.1,13375.5,13380.1,358.0
2026-09-17T14:10:00+00:00,13379.1,13379.7,13375.5,13376.6,13380.0,13380.6,13376.4,13377.5,334.0
2026-09-17T14:15:00+00:00,13376.5,13377.6,13371.0,13371.3,13377.4,13378.5,13371.9,13372.2,344.0
2026-09-17T14:20:00+00:00,13371.4,13374.6,13368.7,13372.4,13372.3,13375.5,13369.6,13373.3,277.0
2026-09-17T14:25:00+00:00,13372.5,13372.5,13363.4,13363.5,13373.4,13373.4,13364.3,13364.4,302.0
2026-09-17T14:30:00+00:00,13362.8,13365.7,13361.6,13362.0,13363.7,13366.6,13362.5,13362.9,216.0
2026-09-17T14:35:00+00:00,13362.3,13362.3,13354.3,13354.3,13363.2,13363.2,13355.2,13355.2,197.0
2026-09-17T14:40:00+00:00,13354.4,13358.4,13353.5,13353.5,13355.3,13359.3,13354.4,13354.4,197.0
2026-09-17T14:45:00+00:00,13353.6,13359.5,13352.4,13358.6,13354.5,13360.4,13353.3,13359.5,237.0
2026-09-17T14:50:00+00:00,13358.7,13360.3,13352.3,13352.5,13359.6,13361.2,13353.2,13353.4,258.0
2026-09-17T14:55:00+00:00,13353.1,13354.6,13351.2,13352.4,13354.0,13355.5,13352.1,13353.3,279.0
2026-09-17T15:00:00+00:00,13352.7,13357.6,13351.8,13354.2,13353.6,13358.5,13352.7,13355.1,423.0
2026-09-17T15:05:00+00:00,13354.3,13357.4,13352.4,13354.3,13355.2,13358.3,13353.3,13355.2,350.0
2026-09-17T15:10:00+00:00,13354.4,13354.5,13350.4,13354.1,13355.3,13355.4,13351.3,13355.0,223.0
2026-09-17T15:15:00+00:00,13354.2,13359.2,13353.7,13358.7,13355.1,13360.1,13354.6,13359.6,268.0
2026-09-17T15:20:00+00:00,13358.5,13358.7,13353.9,13354.2,13359.4,13359.6,13354.8,13355.1,252.0
2026-09-17T15:25:00+00:00,13353.9,13355.8,13349.3,13351.2,13354.8,13356.7,13350.2,13352.1,217.0
2026-09-17T15:30:00+00:00,13350.7,13350.9,13343.0,13344.9,13351.6,13351.8,13343.9,13345.8,250.0
2026-09-17T15:35:00+00:00,13345.0,13347.4,13341.7,13341.7,13345.9,13348.3,13342.6,13342.6,270.0
2026-09-17T15:40:00+00:00,13341.6,13344.0,13339.9,13340.2,13342.5,13344.9,13340.8,13341.1,232.0
2026-09-17T15:45:00+00:00,13340.1,13340.6,13335.6,13339.9,13341.0,13341.5,13336.5,13340.8,235.0
2026-09-17T15:50:00+00:00,13339.7,13345.9,13338.9,13345.7,13340.6,13346.8,13339.8,13346.6,193.0
2026-09-17T15:55:00+00:00,13345.3,13345.5,13342.6,13345.4,13346.2,13346.4,13343.5,13346.3,185.0
2026-09-17T16:00:00+00:00,13345.1,13346.0,13341.7,13341.9,13346.0,13346.9,13342.6,13342.8,195.0
2026-09-17T16:05:00+00:00,13342.0,13342.0,13337.8,13339.8,13342.9,13342.9,13338.7,13340.7,180.0
2026-09-17T16:10:00+00:00,13339.9,13344.3,13338.1,13344.3,13340.8,13345.2,13339.0,13345.2,166.0
2026-09-17T16:15:00+00:00,13344.2,13345.6,13342.3,13343.3,13345.1,13346.5,13343.2,13344.2,152.0
2026-09-17T16:20:00+00:00,13343.2,13346.9,13343.2,13345.9,13344.1,13347.8,13344.1,13346.8,133.0
2026-09-17T16:25:00+00:00,13346.5,13347.9,13345.7,13347.9,13347.4,13348.8,13346.6,13348.8,123.0
2026-09-17T16:30:00+00:00,13347.8,13348.6,13345.5,13347.7,13348.7,13349.5,13346.4,13348.6,193.0
2026-09-17T16:35:00+00:00,13347.8,13349.7,13347.3,13349.7,13348.7,13350.6,13348.2,13350.6,102.0
2026-09-17T16:40:00+00:00,13349.6,13350.8,13349.3,13350.8,13350.5,13351.7,13350.2,13351.7,134.0
2026-09-17T16:45:00+00:00,13350.7,13350.8,13347.8,13348.9,13351.6,13351.7,13348.7,13349.8,154.0
2026-09-17T16:50:00+00:00,13348.8,13348.9,13346.9,13347.0,13349.7,13349.8,13347.8,13347.9,150.0
2026-09-17T16:55:00+00:00,13347.1,13348.2,13345.0,13347.9,13348.0,13349.1,13345.9,13348.8,316.0
2026-09-17T17:00:00+00:00,13347.7,13350.9,13344.7,13350.9,13348.6,13351.8,13345.6,13351.8,234.0
2026-09-17T17:05:00+00:00,13350.8,13351.6,13349.7,13350.5,13351.7,13352.5,13350.6,13351.4,122.0
2026-09-17T17:10:00+00:00,13350.6,13350.6,13347.7,13348.9,13351.5,13351.5,13348.6,13349.8,131.0
2026-09-17T17:15:00+00:00,13349.0,13351.8,13348.5,13351.8,13349.9,13352.7,13349.4,13352.7,209.0
2026-09-17T17:20:00+00:00,13351.9,13352.7,13350.5,13351.6,13352.8,13353.6,13351.4,13352.5,102.0
2026-09-17T17:25:00+00:00,13351.5,13351.8,13349.5,13351.2,13352.4,13352.7,13350.4,13352.1,114.0
2026-09-17T17:30:00+00:00,13351.1,13352.0,13350.3,13350.3,13352.0,13352.9,13351.2,13351.2,80.0
2026-09-17T17:35:00+00:00,13350.1,13351.3,13349.5,13350.4,13351.0,13352.2,13350.4,13351.3,87.0
2026-09-17T17:40:00+00:00,13350.5,13350.8,13348.6,13349.5,13351.4,13351.7,13349.5,13350.4,110.0
2026-09-17T17:45:00+00:00,13349.8,13349.8,13346.3,13347.2,13350.7,13350.7,13347.2,13348.1,136.0
2026-09-17T17:50:00+00:00,13346.9,13347.2,13345.2,13346.2,13347.8,13348.1,13346.1,13347.1,101.0
2026-09-17T17:55:00+00:00,13346.1,13349.6,13346.1,13349.6,13347.0,13350.5,13347.0,13350.5,154.0
2026-09-17T18:00:00+00:00,13349.5,13353.4,13348.5,13353.1,13350.4,13354.3,13349.4,13354.0,137.0
2026-09-17T18:05:00+00:00,13353.2,13354.2,13351.1,13351.6,13354.1,13355.1,13352.0,13352.5,61.0
2026-09-17T18:10:00+00:00,13351.5,13354.0,13350.8,13354.0,13352.4,13354.9,13351.7,13354.9,83.0
2026-09-17T18:15:00+00:00,13353.5,13354.1,13352.2,13353.9,13354.4,13355.0,13353.1,13354.8,103.0
2026-09-17T18:20:00+00:00,13353.8,13354.2,13351.9,13351.9,13354.7,13355.1,13352.8,13352.8,106.0
2026-09-17T18:25:00+00:00,13351.8,13352.5,13351.7,13352.1,13352.7,13353.4,13352.6,13353.0,102.0
2026-09-17T18:30:00+00:00,13352.0,13353.3,13351.1,13352.0,13352.9,13354.2,13352.0,13352.9,100.0
2026-09-17T18:35:00+00:00,13351.9,13352.7,13351.2,13352.2,13352.8,13353.6,13352.1,13353.1,80.0
2026-09-17T18:40:00+00:00,13352.1,13353.2,13351.9,13353.1,13353.0,13354.1,13352.8,13354.0,62.0
2026-09-17T18:45:00+00:00,13353.0,13355.1,13352.0,13355.1,13353.9,13356.0,13352.9,13356.0,88.0
2026-09-17T18:50:00+00:00,13355.0,13355.0,13351.6,13352.7,13355.9,13355.9,13352.5,13353.6,120.0
2026-09-17T18:55:00+00:00,13352.8,13352.8,13349.8,13352.1,13353.7,13353.7,13350.7,13353.0,126.0
2026-09-17T19:00:00+00:00,13352.0,13355.3,13352.0,13353.7,13352.9,13356.2,13352.9,13354.6,132.0
2026-09-17T19:05:00+00:00,13353.8,13355.1,13353.0,13354.7,13354.7,13356.0,13353.9,13355.6,146.0
2026-09-17T19:10:00+00:00,13354.6,13355.3,13353.5,13354.5,13355.5,13356.2,13354.4,13355.4,125.0
2026-09-17T19:15:00+00:00,13354.6,13354.8,13353.3,13354.6,13355.5,13355.7,13354.2,13355.5,106.0
2026-09-17T19:20:00+00:00,13354.5,13356.4,13354.5,13355.5,13355.4,13357.3,13355.4,13356.4,124.0
2026-09-17T19:25:00+00:00,13355.6,13357.3,13355.6,13356.6,13356.5,13358.2,13356.5,13357.5,104.0
2026-09-17T19:30:00+00:00,13356.5,13357.8,13356.5,13357.6,13357.4,13358.7,13357.4,13358.5,92.0
2026-09-17T19:35:00+00:00,13357.7,13358.7,13357.3,13357.8,13358.6,13359.6,13358.2,13358.7,75.0
2026-09-17T19:40:00+00:00,13357.7,13358.7,13357.1,13357.5,13358.6,13359.6,13358.0,13358.4,89.0
2026-09-17T19:45:00+00:00,13357.6,13358.5,13357.2,13357.7,13358.5,13359.4,13358.1,13358.6,41.0
2026-09-17T19:50:00+00:00,13357.8,13359.0,13357.4,13358.8,13358.7,13359.9,13358.3,13359.7,99.0
2026-09-17T19:55:00+00:00,13358.6,13359.0,13357.6,13357.6,13359.5,13359.9,13358.5,13358.5,133.0
2026-09-17T20:00:00+00:00,13357.8,13358.8,13356.0,13356.0,13358.7,13359.7,13356.9,13356.9,104.0
2026-09-17T20:05:00+00:00,13356.1,13356.8,13355.3,13355.4,13357.0,13357.7,13356.2,13356.3,83.0
2026-09-17T20:10:00+00:00,13355.5,13355.5,13352.1,13353.3,13356.4,13356.4,13353.0,13354.2,59.0
2026-09-17T20:15:00+00:00,13353.2,13354.0,13352.9,13354.0,13354.1,13354.9,13353.8,13354.9,14.0
2026-09-17T20:20:00+00:00,13354.1,13354.4,13353.0,13353.0,13355.0,13355.3,13353.9,13353.9,28.0
2026-09-17T20:25:00+00:00,13353.1,13355.1,13353.1,13355.1,13354.0,13356.0,13354.0,13356.0,33.0
2026-09-17T20:30:00+00:00,13355.2,13356.0,13355.0,13355.1,13356.1,13356.9,13355.9,13356.0,20.0
2026-09-17T20:35:00+00:00,13355.0,13355.2,13354.9,13355.1,13355.9,13356.1,13355.8,13356.0,20.0
2026-09-17T20:40:00+00:00,13355.4,13355.4,13354.2,13355.3,13356.3,13356.3,13355.1,13356.2,32.0
2026-09-17T20:45:00+00:00,13354.8,13357.2,13354.7,13356.8,13356.3,13358.7,13355.9,13358.3,97.0
2026-09-17T20:50:00+00:00,13356.7,13358.1,13356.2,13357.5,13358.2,13359.3,13357.7,13359.0,38.0
2026-09-17T20:55:00+00:00,13356.8,13358.6,13356.1,13356.8,13360.5,13363.1,13360.5,13362.3,226.0
2026-09-17T21:00:00+00:00,13350.0,13350.0,13348.7,13348.7,13366.9,13366.9,13365.6,13365.6,2.0
2026-09-17T21:05:00+00:00,13347.9,13348.8,13343.7,13343.7,13364.8,13365.7,13360.6,13360.6,16.0
2026-09-17T21:10:00+00:00,13343.4,13343.4,13343.0,13343.4,13360.3,13360.3,13359.9,13360.3,29.0
2026-09-17T21:15:00+00:00,13344.1,13347.6,13343.7,13347.6,13359.6,13362.9,13359.6,13362.2,66.0
2026-09-17T21:20:00+00:00,13347.7,13347.7,13346.6,13346.8,13362.1,13363.8,13362.0,13363.7,22.0
2026-09-17T21:25:00+00:00,13344.8,13346.9,13344.7,13346.8,13361.7,13363.8,13361.6,13363.7,13.0
2026-09-17T21:30:00+00:00,13348.1,13355.0,13347.4,13354.9,13362.5,13371.0,13362.5,13370.7,63.0
2026-09-17T21:35:00+00:00,13354.8,13357.0,13354.8,13357.0,13370.6,13370.8,13370.1,13370.2,75.0
2026-09-17T21:40:00+00:00,13356.9,13359.0,13349.2,13354.5,13368.0,13375.9,13366.1,13371.4,38.0
2026-09-17T21:45:00+00:00,13354.8,13356.2,13354.8,13355.6,13371.7,13372.4,13371.7,13372.3,42.0
2026-09-17T21:50:00+00:00,13355.8,13355.8,13345.4,13348.2,13372.1,13372.1,13362.3,13365.1,85.0
2026-09-17T21:55:00+00:00,13348.0,13358.3,13346.4,13348.0,13364.9,13375.2,13363.3,13364.9,104.0
2026-09-17T22:00:00+00:00,13347.2,13358.5,13346.6,13353.7,13364.1,13368.9,13358.2,13358.9,195.0
2026-09-17T22:05:00+00:00,13354.1,13356.3,13352.8,13355.9,13358.4,13358.7,13355.6,13357.4,77.0
2026-09-17T22:10:00+00:00,13355.0,13358.4,13355.0,13357.3,13357.3,13359.9,13357.0,13358.8,110.0
2026-09-17T22:15:00+00:00,13357.4,13358.1,13357.3,13358.0,13358.9,13359.6,13358.8,13359.5,38.0
2026-09-17T22:20:00+00:00,13357.9,13358.2,13357.0,13357.5,13359.4,13359.7,13358.5,13359.0,52.0
2026-09-17T22:25:00+00:00,13357.4,13358.3,13357.1,13358.2,13358.9,13359.8,13358.6,13359.7,42.0
2026-09-17T22:30:00+00:00,13358.1,13358.8,13357.8,13358.6,13359.6,13360.3,13359.3,13360.1,56.0
2026-09-17T22:35:00+00:00,13358.5,13358.8,13358.1,13358.5,13360.0,13360.3,13359.6,13360.0,45.0
2026-09-17T22:40:00+00:00,13358.4,13358.8,13358.3,13358.6,13359.9,13360.3,13359.8,13360.1,40.0
2026-09-17T22:45:00+00:00,13358.5,13358.7,13357.6,13357.9,13360.0,13360.2,13359.1,13359.4,53.0
2026-09-17T22:50:00+00:00,13358.0,13358.3,13357.3,13357.3,13359.5,13359.8,13358.8,13358.8,39.0
2026-09-17T22:55:00+00:00,13357.2,13358.2,13357.2,13357.5,13358.7,13359.7,13358.7,13359.0,44.0
