date,open,high,low,close
2024-01-01,12718.40,12734.70,12715.50,12727.40
2024-01-02,12727.50,12759.60,12610.50,12622.00
2024-01-03,12622.10,12676.10,12615.60,12672.70
2024-01-04,12672.70,12729.60,12656.50,12680.70
2024-01-05,12680.70,12770.70,12610.60,12717.30
2024-01-07,12701.80,12719.20,12701.80,12716.90
2024-01-08,12716.90,12766.80,12672.90,12741.10
2024-01-09,12741.10,12764.70,12689.00,12710.20
2024-01-10,12710.40,12744.80,12685.90,12744.20
2024-01-11,12744.10,12784.90,12689.80,12778.20
2024-01-12,12778.30,12785.40,12719.20,12747.30
2024-01-14,12737.30,12750.80,12734.70,12735.00
2024-01-15,12735.20,12764.90,12712.70,12715.10
2024-01-16,12715.20,12716.40,12619.00,12637.60
2024-01-17,12637.60,12695.80,12596.30,12677.00
2024-01-18,12676.90,12711.80,12647.80,12710.90
2024-01-19,12710.90,12714.30,12660.80,12702.00
2024-01-21,12678.90,12708.30,12678.90,12699.20
2024-01-22,12699.10,12732.50,12686.50,12705.70
2024-01-23,12705.50,12746.70,12648.80,12690.70
2024-01-24,12690.80,12774.50,12685.20,12717.30
2024-01-25,12717.50,12742.40,12681.30,12705.70
2024-01-26,12705.80,12758.20,12675.10,12702.50
2024-01-28,12695.90,12703.70,12689.70,12696.20
2024-01-29,12696.20,12718.40,12661.70,12711.80
2024-01-30,12711.90,12720.70,12639.90,12694.30
2024-01-31,12694.30,12750.50,12657.60,12679.40
2024-02-01,12679.20,12755.40,12624.90,12745.70
2024-02-02,12745.60,12772.10,12613.60,12628.40
2024-02-04,12620.10,12636.60,12610.60,12621.10
2024-02-05,12620.80,12629.20,12518.10,12533.30
2024-02-06,12533.40,12605.40,12533.00,12603.30
2024-02-07,12603.40,12641.60,12596.30,12626.10
2024-02-08,12625.80,12638.30,12571.40,12620.10
2024-02-09,12620.00,12642.90,12598.70,12624.70
2024-02-11,12620.60,12637.00,12620.60,12636.50
2024-02-12,12636.30,12654.40,12605.80,12626.20
2024-02-13,12626.20,12687.50,12572.70,12589.80
2024-02-14,12589.70,12610.90,12535.20,12567.10
2024-02-15,12567.00,12604.90,12541.00,12597.70
2024-02-16,12597.90,12624.10,12550.40,12597.80
2024-02-18,12598.70,12610.90,12597.40,12610.40
2024-02-19,12610.60,12629.50,12583.00,12587.40
2024-02-20,12587.30,12668.20,12579.00,12624.40
2024-02-21,12624.40,12641.60,12602.30,12637.70
2024-02-22,12637.90,12709.30,12611.20,12661.50
2024-02-23,12661.60,12701.00,12647.90,12668.30
2024-02-25,12672.70,12678.30,12668.50,12670.00
2024-02-26,12669.60,12699.30,12656.30,12683.40
2024-02-27,12683.80,12696.50,12660.10,12679.60
2024-02-28,12679.80,12683.80,12621.10,12661.10
2024-02-29,12661.10,12681.30,12611.90,12626.60
2024-03-01,12626.60,12663.60,12599.50,12653.00
2024-03-03,12646.50,12662.10,12646.50,12660.10
2024-03-04,12660.10,12706.20,12655.50,12689.00
2024-03-05,12689.40,12734.70,12671.10,12703.90
2024-03-06,12704.20,12761.30,12689.90,12735.70
2024-03-07,12735.70,12813.20,12722.80,12813.00
2024-03-08,12813.00,12893.40,12800.80,12854.80
2024-03-10,12854.40,12860.70,12847.60,12855.80
2024-03-11,12855.80,12861.80,12794.90,12816.10
2024-03-12,12816.10,12823.10,12745.90,12794.00
2024-03-13,12793.90,12811.10,12774.10,12799.50
2024-03-14,12799.60,12822.70,12730.30,12736.00
2024-03-15,12736.00,12758.50,12724.80,12731.30
2024-03-17,12727.00,12737.40,12726.40,12730.90
2024-03-18,12731.00,12746.50,12717.60,12719.90
2024-03-19,12719.90,12732.60,12667.40,12716.90
2024-03-20,12716.80,12798.10,12684.10,12794.00
2024-03-21,12794.10,12803.00,12650.30,12673.00
2024-03-22,12673.00,12675.10,12574.80,12598.40
2024-03-24,12594.80,12601.80,12590.10,12594.30
2024-03-25,12594.40,12652.00,12594.40,12642.00
2024-03-26,12642.10,12667.60,12617.70,12621.30
2024-03-27,12621.00,12640.80,12605.20,12625.60
2024-03-28,12625.70,12654.40,12585.50,12625.30
2024-03-29,12624.80,12644.80,12609.20,12615.80
2024-03-31,12607.70,12641.50,12607.70,12624.90
2024-04-01,12637.20,12641.60,12539.30,12545.80
2024-04-02,12545.70,12580.60,12539.10,12575.70
2024-04-03,12575.40,12655.90,12562.10,12650.90
2024-04-04,12650.90,12683.30,12634.90,12638.70
2024-04-05,12638.70,12648.30,12574.10,12636.10
2024-04-07,12624.40,12633.90,12620.60,12623.50
2024-04-08,12623.30,12663.60,12613.00,12657.20
2024-04-09,12657.00,12709.00,12648.50,12676.70
2024-04-10,12676.70,12707.80,12520.00,12536.20
2024-04-11,12536.30,12578.40,12510.50,12554.40
2024-04-12,12554.10,12558.50,12426.30,12448.20
2024-04-14,12441.00,12462.90,12436.20,12459.30
2024-04-15,12459.40,12498.30,12435.50,12445.80
2024-04-16,12445.90,12471.80,12405.50,12430.20
2024-04-17,12430.10,12481.50,12416.80,12452.50
2024-04-18,12452.90,12484.30,12431.80,12434.50
2024-04-19,12434.40,12468.20,12366.60,12369.50
2024-04-21,12369.40,12378.30,12365.50,12375.00
2024-04-22,12375.60,12391.90,12299.10,12349.40
2024-04-23,12349.40,12458.20,12331.50,12454.10
2024-04-24,12454.10,12469.70,12422.30,12458.90
2024-04-25,12458.80,12527.00,12454.00,12507.00
2024-04-26,12506.80,12540.90,12448.90,12490.80
2024-04-28,12463.20,12509.60,12462.30,12509.30
2024-04-29,12509.30,12569.30,12507.20,12559.30
2024-04-30,12559.20,12560.90,12487.60,12488.40
2024-05-01,12488.80,12549.90,12465.90,12535.90
2024-05-02,12535.90,12544.40,12471.70,12539.20
2024-05-03,12539.50,12634.00,12529.20,12544.60
2024-05-05,12532.40,12552.80,12532.40,12540.40
2024-05-06,12540.40,12594.10,12538.10,12559.00
2024-05-07,12559.00,12570.40,12498.30,12501.50
2024-05-08,12501.10,12504.50,12467.50,12492.80
2024-05-09,12492.90,12529.60,12445.70,12524.60
2024-05-10,12524.50,12541.00,12502.30,12523.90
2024-05-12,12515.50,12527.30,12512.40,12521.60
2024-05-13,12521.80,12568.30,12517.20,12559.80
2024-05-14,12559.70,12592.70,12509.20,12583.60
2024-05-15,12583.50,12694.00,12583.10,12688.40
2024-05-16,12688.30,12700.50,12643.20,12671.10
2024-05-17,12671.10,12711.40,12644.70,12699.90
2024-05-19,12695.30,12707.70,12687.80,12705.50
2024-05-20,12705.50,12725.20,12688.90,12709.50
2024-05-21,12709.60,12726.60,12686.30,12709.70
2024-05-22,12709.80,12761.00,12699.80,12720.20
2024-05-23,12720.10,12746.30,12685.20,12692.90
2024-05-24,12692.70,12750.70,12675.30,12735.80
2024-05-26,12729.90,12742.90,12729.90,12733.80
2024-05-27,12733.60,12777.40,12733.60,12771.80
2024-05-28,12771.80,12800.50,12753.70,12757.60
2024-05-29,12757.50,12771.50,12695.70,12697.20
2024-05-30,12697.30,12746.90,12680.60,12728.50
2024-05-31,12728.60,12766.00,12699.90,12740.40
2024-06-02,12733.60,12745.30,12733.60,12743.90
2024-06-03,12743.90,12811.90,12694.10,12809.50
2024-06-04,12809.60,12817.10,12742.50,12771.90
2024-06-05,12772.20,12795.10,12755.00,12793.20
2024-06-06,12793.20,12808.80,12762.20,12792.30
2024-06-07,12792.20,12815.90,12714.20,12719.80
2024-06-09,12728.80,12731.00,12712.80,12727.90
2024-06-10,12727.80,12737.00,12687.60,12725.60
2024-06-11,12725.60,12751.30,12705.70,12739.30
2024-06-12,12739.10,12860.40,12732.50,12795.80
2024-06-13,12795.90,12807.30,12738.00,12753.40
2024-06-14,12753.30,12763.60,12656.80,12682.80
2024-06-16,12683.50,12687.10,12678.00,12683.20
2024-06-17,12683.10,12713.90,12658.80,12713.40
2024-06-18,12713.30,12720.70,12668.70,12706.60
2024-06-19,12706.50,12739.70,12699.80,12719.80
2024-06-20,12719.80,12720.20,12653.10,12659.60
2024-06-21,12659.40,12674.20,12621.80,12642.40
2024-06-23,12634.30,12644.80,12634.30,12637.50
2024-06-24,12637.70,12697.70,12632.30,12681.70
2024-06-25,12681.70,12702.20,12670.00,12683.50
2024-06-26,12683.70,12693.20,12615.30,12620.60
2024-06-27,12620.70,12670.50,12612.50,12643.70
2024-06-28,12644.00,12663.20,12619.40,12642.70
2024-06-30,12649.20,12657.10,12638.60,12648.20
2024-07-01,12648.20,12710.10,12632.80,12644.90
2024-07-02,12645.00,12691.30,12615.20,12687.30
2024-07-03,12687.70,12776.90,12678.10,12747.10
2024-07-04,12747.10,12767.30,12740.80,12755.00
2024-07-05,12755.00,12816.90,12754.90,12811.40
2024-07-07,12796.10,12815.40,12785.50,12805.70
2024-07-08,12805.70,12845.40,12799.60,12815.00
2024-07-09,12815.00,12824.80,12777.30,12787.90
2024-07-10,12788.00,12854.20,12783.90,12853.70
2024-07-11,12853.70,12949.10,12849.00,12923.40
2024-07-12,12923.10,12990.50,12901.90,12984.50
2024-07-14,12962.90,12983.10,12962.50,12967.00
2024-07-15,12967.00,12994.70,12961.60,12969.20
2024-07-16,12968.80,12979.50,12938.00,12977.30
2024-07-17,12977.40,13044.30,12965.80,13008.20
2024-07-18,13008.30,13012.70,12940.10,12948.80
2024-07-19,12948.80,12948.80,12900.60,12910.00
2024-07-21,12907.30,12939.30,12907.30,12932.40
2024-07-22,12932.30,12941.90,12905.20,12930.60
2024-07-23,12930.70,12934.50,12887.50,12900.80
2024-07-24,12900.70,12937.20,12877.10,12897.50
2024-07-25,12897.60,12913.20,12847.80,12854.80
2024-07-26,12855.10,12877.70,12849.50,12864.20
2024-07-28,12855.80,12871.70,12855.80,12866.40
2024-07-29,12866.30,12887.80,12806.40,12859.40
2024-07-30,12859.30,12864.20,12819.60,12837.50
2024-07-31,12837.50,12864.10,12820.70,12852.40
2024-08-01,12852.50,12860.40,12726.60,12727.60
2024-08-02,12727.30,12840.00,12707.10,12803.30
2024-08-04,12803.10,12811.80,12781.20,12787.30
2024-08-05,12787.30,12816.50,12709.80,12787.30
2024-08-06,12787.40,12802.70,12672.40,12684.10
2024-08-07,12683.60,12735.50,12677.90,12682.40
2024-08-08,12682.70,12752.20,12664.80,12745.20
2024-08-09,12745.20,12773.70,12725.80,12757.80
2024-08-11,12754.40,12761.90,12748.30,12748.70
2024-08-12,12748.70,12793.60,12746.90,12770.30
2024-08-13,12770.40,12872.80,12763.20,12865.20
2024-08-14,12865.30,12868.10,12816.80,12823.90
2024-08-15,12824.20,12871.40,12798.40,12858.50
2024-08-16,12858.60,12945.60,12857.10,12941.70
2024-08-18,12932.50,12950.70,12931.30,12946.00
2024-08-19,12946.20,12997.00,12939.60,12989.00
2024-08-20,12989.00,13052.00,12973.80,13033.60
2024-08-21,13033.10,13119.30,13010.40,13092.10
2024-08-22,13092.10,13129.90,13076.30,13096.20
2024-08-23,13096.10,13229.90,13091.60,13208.60
2024-08-25,13217.90,13220.10,13202.60,13213.70
2024-08-26,13214.00,13221.90,13179.40,13191.20
2024-08-27,13191.30,13265.70,13179.60,13254.90
2024-08-28,13255.00,13260.50,13167.30,13192.70
2024-08-29,13192.70,13226.70,13145.00,13164.70
2024-08-30,13165.20,13199.60,13109.10,13123.10
2024-09-01,13127.00,13132.90,13125.10,13129.40
2024-09-02,13129.40,13154.90,13119.80,13140.00
2024-09-03,13140.30,13147.00,13087.30,13112.60
2024-09-04,13112.70,13175.00,13100.70,13143.50
2024-09-05,13143.50,13185.20,13136.90,13175.60
2024-09-06,13175.70,13238.30,13109.70,13126.00
2024-09-08,13118.00,13138.10,13111.50,13131.20
2024-09-09,13131.20,13142.80,13067.30,13070.50
2024-09-10,13070.40,13107.40,13049.20,13079.50
2024-09-11,13079.40,13111.10,13001.60,13037.80
2024-09-12,13037.80,13132.50,13031.70,13132.30
2024-09-13,13132.10,13157.60,13114.40,13119.10
2024-09-15,13116.90,13136.60,13116.60,13134.90
2024-09-16,13134.90,13218.00,13134.90,13210.10
2024-09-17,13210.10,13229.50,13145.90,13166.90
2024-09-18,13166.90,13297.80,13156.10,13202.70
2024-09-19,13202.90,13314.00,13153.00,13280.90
2024-09-20,13281.10,13340.20,13267.80,13316.50
2024-09-22,13303.90,13322.40,13303.90,13311.70
2024-09-23,13311.70,13359.10,13248.10,13348.40
2024-09-24,13348.60,13427.20,13331.60,13426.70
2024-09-25,13427.00,13429.60,13312.10,13313.20
2024-09-26,13313.30,13434.10,13312.10,13410.50
2024-09-27,13410.30,13427.20,13359.50,13371.40
2024-09-29,13367.00,13383.80,13367.00,13382.40
2024-09-30,13382.30,13422.70,13349.90,13377.10
2024-10-01,13377.10,13389.40,13236.90,13274.00
2024-10-02,13274.20,13305.10,13245.50,13262.60
2024-10-03,13262.50,13264.80,13091.80,13128.30
2024-10-04,13128.10,13174.70,13069.40,13111.00
2024-10-06,13078.80,13124.60,13078.80,13122.40
2024-10-07,13122.50,13134.00,13058.90,13083.90
2024-10-08,13084.00,13113.00,13063.90,13092.90
2024-10-09,13092.80,13102.80,13055.10,13066.10
2024-10-10,13066.10,13093.70,13020.00,13061.00
2024-10-11,13061.10,13082.80,13041.40,13068.20
2024-10-13,13060.90,13065.80,13045.90,13047.90
2024-10-14,13047.90,13071.70,13029.90,13066.80
2024-10-15,13066.90,13102.40,13035.10,13064.40
2024-10-16,13064.20,13077.00,12976.60,12990.80
2024-10-17,12990.70,13022.80,12973.60,13014.30
2024-10-18,13014.10,13070.60,13010.60,13046.70
2024-10-20,13042.10,13057.90,13035.10,13051.60
2024-10-21,13051.60,13052.90,12976.80,12982.20
2024-10-22,12982.20,13014.90,12944.30,12980.40
2024-10-23,12980.30,12994.50,12907.00,12915.30
2024-10-24,12915.40,12987.60,12911.20,12971.60
2024-10-25,12971.70,12998.10,12955.40,12958.50
2024-10-27,12972.00,12972.00,12952.40,12952.90
2024-10-28,12952.90,13001.10,12939.20,12972.00
2024-10-29,12971.90,13016.60,12957.70,13012.80
2024-10-30,13013.10,13043.20,12936.60,12949.10
2024-10-31,12949.10,12999.60,12843.40,12894.80
2024-11-01,12894.70,12980.10,12884.10,12917.80
2024-11-03,12965.70,12968.70,12949.60,12952.10
2024-11-04,12952.10,12998.50,12933.90,12953.80
2024-11-05,12954.00,13047.50,12947.60,13041.90
2024-11-06,13042.00,13043.20,12833.70,12882.30
2024-11-07,12882.20,13008.90,12875.40,12986.40
2024-11-08,12982.90,12983.90,12883.10,12914.70
2024-11-10,12908.20,12917.30,12904.20,12915.00
2024-11-11,12914.90,12925.60,12855.70,12873.30
2024-11-12,12873.30,12873.40,12718.80,12736.10
2024-11-13,12736.20,12769.10,12686.20,12706.80
2024-11-14,12706.80,12720.00,12629.30,12666.90
2024-11-15,12666.90,12696.90,12596.70,12613.30
2024-11-17,12611.70,12620.70,12607.60,12618.90
2024-11-18,12619.00,12686.20,12612.90,12678.30
2024-11-19,12678.30,12694.10,12612.80,12694.00
2024-11-20,12693.90,12714.20,12630.50,12655.10
2024-11-21,12655.10,12659.80,12575.80,12584.50
2024-11-22,12584.60,12594.10,12486.90,12521.50
2024-11-24,12591.40,12596.90,12563.50,12592.60
2024-11-25,12592.70,12613.10,12529.30,12531.90
2024-11-26,12531.70,12616.10,12506.50,12573.20
2024-11-27,12573.60,12694.20,12566.40,12676.80
2024-11-28,12677.20,12695.60,12644.70,12695.20
2024-11-29,12695.00,12749.50,12671.50,12725.70
2024-12-01,12722.30,12735.60,12695.60,12700.90
2024-12-02,12701.00,12722.30,12616.70,12658.10
2024-12-03,12658.10,12699.30,12636.20,12673.70
2024-12-04,12673.70,12721.20,12629.50,12700.40
2024-12-05,12700.40,12770.70,12692.30,12759.80
2024-12-06,12760.00,12811.00,12720.60,12736.90
2024-12-08,12728.20,12750.80,12728.20,12747.80
2024-12-09,12747.60,12798.60,12716.70,12748.10
2024-12-10,12748.20,12779.20,12723.70,12779.10
2024-12-11,12779.10,12781.30,12712.80,12764.90
2024-12-12,12766.10,12787.60,12666.20,12676.40
2024-12-13,12676.20,12679.00,12607.90,12614.30
2024-12-15,12610.70,12626.90,12608.20,12626.00
2024-12-16,12625.90,12698.60,12625.90,12689.70
2024-12-17,12689.60,12728.40,12665.70,12709.80
2024-12-18,12709.90,12725.80,12561.80,12566.70
2024-12-19,12566.80,12666.60,12494.70,12496.70
2024-12-20,12496.60,12614.00,12474.80,12563.60
2024-12-22,12560.30,12574.20,12557.40,12570.10
2024-12-23,12570.10,12587.70,12509.40,12532.10
2024-12-24,12532.20,12574.50,12514.50,12518.40
2024-12-25,12518.50,12555.90,12518.40,12542.80
2024-12-26,12542.60,12548.00,12500.50,12527.30
2024-12-27,12527.30,12592.20,12504.60,12571.40
2024-12-29,12570.60,12587.60,12561.50,12577.50
2024-12-30,12577.50,12607.10,12505.70,12547.70
2024-12-31,12547.80,12569.00,12505.20,12510.70
2025-01-01,12513.40,12519.40,12505.90,12519.30
2025-01-02,12519.00,12540.20,12352.10,12379.30
2025-01-03,12379.20,12433.80,12377.90,12416.80
2025-01-05,12411.00,12433.50,12411.00,12424.10
2025-01-06,12424.20,12550.70,12417.20,12509.50
2025-01-07,12509.80,12575.60,12472.30,12475.40
2025-01-08,12475.60,12493.90,12320.50,12358.20
2025-01-09,12358.20,12364.90,12237.90,12298.00
2025-01-10,12298.00,12321.40,12191.20,12204.40
2025-01-12,12197.40,12210.00,12197.40,12203.40
2025-01-13,12203.40,12249.80,12099.20,12231.50
2025-01-14,12231.50,12245.70,12138.10,12210.40
2025-01-15,12210.30,12305.90,12159.20,12241.90
2025-01-16,12241.80,12259.90,12174.30,12233.70
2025-01-17,12233.70,12244.00,12158.30,12158.30
2025-01-19,12170.60,12176.10,12160.30,12174.70
2025-01-20,12174.80,12344.20,12165.10,12331.20
2025-01-21,12331.90,12359.80,12228.80,12337.70
2025-01-22,12337.60,12375.60,12306.50,12313.40
2025-01-23,12313.40,12375.10,12293.00,12353.80
2025-01-24,12353.70,12501.60,12348.00,12475.70
2025-01-26,12466.80,12472.50,12455.70,12457.40
2025-01-27,12457.40,12522.90,12425.50,12450.60
2025-01-28,12450.60,12465.00,12414.10,12440.60
2025-01-29,12440.60,12463.10,12392.90,12454.20
2025-01-30,12454.10,12476.50,12407.40,12421.60
2025-01-31,12421.80,12471.50,12385.60,12391.90
2025-02-02,12285.50,12323.20,12282.50,12289.50
2025-02-03,12289.60,12454.70,12248.80,12433.30
2025-02-04,12433.10,12492.90,12378.50,12474.80
2025-02-05,12475.00,12549.60,12463.00,12500.80
2025-02-06,12500.70,12509.00,12359.80,12433.90
2025-02-07,12433.80,12493.20,12375.80,12396.50
2025-02-09,12369.40,12394.20,12362.30,12388.90
2025-02-10,12389.00,12421.90,12353.90,12359.50
2025-02-11,12359.60,12454.40,12332.10,12451.00
2025-02-12,12451.00,12483.10,12373.40,12450.20
2025-02-13,12450.70,12569.20,12442.00,12564.40
2025-02-14,12564.80,12629.90,12549.30,12583.20
2025-02-16,12583.70,12588.00,12577.80,12583.80
2025-02-17,12583.90,12634.60,12578.90,12620.40
2025-02-18,12620.70,12639.80,12581.70,12624.30
2025-02-19,12624.20,12635.90,12563.10,12583.00
2025-02-20,12582.90,12673.80,12580.00,12668.70
2025-02-21,12669.10,12678.40,12624.60,12627.40
2025-02-23,12626.00,12657.60,12626.00,12648.40
2025-02-24,12648.30,12690.20,12611.70,12616.50
2025-02-25,12616.60,12677.60,12605.40,12671.40
2025-02-26,12671.20,12715.30,12635.00,12680.30
2025-02-27,12680.10,12688.50,12595.50,12595.90
2025-02-28,12596.10,12621.40,12558.90,12574.40
2025-03-02,12580.00,12608.20,12577.90,12602.10
2025-03-03,12602.10,12723.50,12581.90,12701.10
2025-03-04,12701.20,12799.30,12678.30,12795.00
2025-03-05,12795.00,12900.40,12767.10,12889.50
2025-03-06,12889.30,12923.40,12865.50,12882.80
2025-03-07,12882.50,12944.30,12875.70,12916.70
2025-03-09,12910.80,12943.20,12899.90,12937.80
2025-03-10,12937.60,12946.20,12861.20,12885.20
2025-03-11,12885.30,12965.70,12873.00,12935.40
2025-03-12,12935.40,12988.70,12913.20,12966.50
2025-03-13,12966.60,12973.20,12920.50,12945.00
2025-03-14,12944.90,12953.70,12910.60,12927.40
2025-03-16,12913.70,12935.30,12913.70,12929.30
2025-03-17,12929.30,12998.40,12927.80,12983.10
2025-03-18,12982.90,13009.60,12951.20,12995.90
2025-03-19,12995.80,13014.40,12954.80,13008.90
2025-03-20,13008.70,13012.80,12935.70,12963.70
2025-03-21,12964.00,12967.90,12887.30,12911.70
2025-03-23,12896.20,12934.00,12887.40,12933.30
2025-03-24,12933.30,12974.00,12895.30,12916.80
2025-03-25,12916.60,12966.60,12901.70,12933.00
2025-03-26,12933.00,12945.90,12870.40,12888.80
2025-03-27,12889.10,12991.90,12889.00,12948.20
2025-03-28,12948.10,12968.00,12921.30,12937.80
2025-03-30,12931.90,12941.00,12921.80,12930.90
2025-03-31,12937.00,12972.50,12886.00,12919.00
2025-04-01,12919.20,12940.40,12879.00,12921.20
2025-04-02,12921.30,13052.00,12900.20,13045.30
2025-04-03,13045.30,13207.30,13025.50,13088.90
2025-04-04,13088.80,13113.20,12852.70,12891.50
2025-04-06,12834.40,12932.70,12823.60,12908.30
2025-04-07,12908.30,12933.70,12707.90,12732.60
2025-04-08,12732.70,12814.30,12724.10,12786.20
2025-04-09,12786.30,12863.80,12742.70,12824.80
2025-04-10,12824.70,12997.50,12821.70,12991.30
2025-04-11,12991.10,13144.80,12984.70,13085.00
2025-04-13,13082.70,13093.30,13062.70,13083.50
2025-04-14,13083.60,13200.80,13083.30,13171.90
2025-04-15,13172.00,13251.80,13163.80,13230.20
2025-04-16,13230.40,13291.70,13211.70,13232.30
2025-04-17,13232.50,13273.00,13202.10,13267.50
2025-04-18,13267.40,13298.30,13256.70,13289.20
2025-04-20,13269.80,13319.80,13269.80,13314.00
2025-04-21,13314.10,13421.60,13314.10,13379.30
2025-04-22,13379.50,13423.50,13233.10,13271.90
2025-04-23,13271.60,13338.70,13244.00,13264.60
2025-04-24,13264.60,13348.60,13258.50,13327.10
2025-04-25,13326.90,13332.10,13273.50,13306.50
2025-04-27,13300.60,13310.80,13288.10,13289.50
2025-04-28,13289.70,13443.80,13279.70,13434.60
2025-04-29,13434.60,13442.10,13380.10,13411.80
2025-04-30,13411.90,13414.10,13308.90,13320.70
2025-05-01,13320.60,13345.20,13260.10,13285.50
2025-05-02,13285.70,13330.50,13259.60,13259.60
2025-05-04,13261.20,13276.40,13259.30,13269.30
2025-05-05,13269.30,13336.20,13261.20,13290.30
2025-05-06,13290.30,13402.40,13259.90,13351.40
2025-05-07,13351.60,13377.00,13279.70,13289.90
2025-05-08,13290.30,13355.90,13232.70,13238.90
2025-05-09,13239.00,13322.30,13211.70,13296.40
2025-05-11,13257.80,13294.90,13257.80,13284.40
2025-05-12,13284.50,13299.00,13139.40,13177.40
2025-05-13,13177.40,13315.90,13172.90,13303.30
2025-05-14,13303.30,13360.00,13253.00,13263.10
2025-05-15,13263.10,13319.40,13259.00,13302.80
2025-05-16,13302.70,13332.30,13250.30,13275.60
2025-05-18,13267.60,13304.60,13267.60,13304.60
2025-05-19,13304.90,13403.50,13289.80,13358.50
2025-05-20,13358.60,13397.70,13334.50,13396.70
2025-05-21,13397.00,13468.70,13388.30,13420.10
2025-05-22,13420.40,13440.50,13390.50,13419.20
2025-05-23,13419.30,13541.90,13418.10,13534.40
2025-05-25,13521.80,13541.80,13521.80,13537.30
2025-05-26,13537.40,13592.90,13535.70,13564.90
2025-05-27,13564.80,13586.50,13499.90,13513.40
2025-05-28,13513.70,13521.80,13414.80,13428.20
2025-05-29,13428.10,13507.10,13418.40,13498.70
2025-05-30,13498.40,13510.40,13447.80,13453.20
2025-06-01,13462.50,13473.10,13451.40,13467.90
2025-06-02,13467.80,13559.50,13467.20,13556.70
2025-06-03,13556.40,13557.10,13491.40,13530.00
2025-06-04,13529.90,13579.70,13500.80,13550.20
2025-06-05,13550.20,13616.10,13540.40,13578.60
2025-06-06,13578.60,13584.40,13507.20,13519.40
2025-06-08,13520.90,13539.50,13520.90,13536.80
2025-06-09,13536.90,13581.00,13524.20,13554.20
2025-06-10,13554.10,13563.90,13456.00,13507.10
2025-06-11,13507.30,13572.40,13463.90,13567.30
2025-06-12,13567.20,13630.20,13522.60,13628.20
2025-06-13,13628.00,13632.00,13516.30,13567.10
2025-06-15,13557.70,13560.70,13537.30,13548.40
2025-06-16,13548.70,13622.00,13534.20,13568.10
2025-06-17,13568.20,13579.20,13409.40,13428.40
2025-06-18,13428.50,13476.30,13400.40,13413.80
2025-06-19,13413.70,13479.70,13382.40,13476.00
2025-06-20,13476.10,13511.00,13440.50,13442.00
2025-06-22,13406.70,13441.20,13396.40,13434.80
2025-06-23,13434.90,13554.60,13370.10,13545.10
2025-06-24,13545.10,13648.00,13535.00,13614.70
2025-06-25,13614.60,13691.50,13590.30,13689.10
2025-06-26,13689.50,13770.30,13676.60,13725.00
2025-06-27,13725.40,13752.20,13682.70,13713.60
2025-06-29,13701.10,13728.00,13698.40,13718.40
2025-06-30,13718.20,13740.50,13674.00,13730.30
2025-07-01,13730.50,13788.50,13703.00,13745.40
2025-07-02,13745.30,13752.30,13562.20,13649.00
2025-07-03,13648.80,13675.70,13585.30,13665.40
2025-07-04,13665.40,13681.10,13634.50,13638.20
2025-07-06,13639.20,13654.80,13639.20,13650.70
2025-07-07,13650.80,13657.40,13574.90,13623.50
2025-07-08,13623.40,13646.20,13525.60,13584.30
2025-07-09,13584.40,13619.30,13563.90,13597.80
2025-07-10,13597.70,13619.20,13532.90,13579.90
2025-07-11,13579.90,13581.50,13480.70,13484.80
2025-07-13,13485.90,13495.80,13479.50,13495.20
2025-07-14,13495.20,13504.10,13420.80,13427.80
2025-07-15,13427.30,13467.20,13377.00,13392.90
2025-07-16,13393.00,13485.60,13364.60,13409.90
2025-07-17,13409.80,13434.40,13373.90,13431.00
2025-07-18,13431.20,13475.10,13405.60,13406.10
2025-07-20,13414.90,13429.00,13404.20,13414.90
2025-07-21,13414.80,13510.50,13401.90,13488.90
2025-07-22,13489.20,13534.50,13461.50,13521.10
2025-07-23,13520.90,13586.90,13515.10,13578.60
2025-07-24,13578.60,13588.30,13502.30,13508.30
2025-07-25,13508.20,13511.90,13415.80,13433.70
2025-07-27,13423.80,13447.00,13422.80,13437.60
2025-07-28,13437.60,13452.20,13350.50,13359.20
2025-07-29,13359.20,13363.70,13307.30,13353.00
2025-07-30,13353.60,13385.40,13225.70,13255.60
2025-07-31,13255.60,13281.90,13185.30,13207.60
2025-08-01,13207.60,13310.30,13141.00,13278.40
2025-08-03,13270.00,13291.90,13268.50,13290.90
2025-08-04,13290.80,13330.70,13253.30,13297.20
2025-08-05,13297.20,13315.70,13259.30,13298.00
2025-08-06,13297.90,13368.00,13281.40,13357.10
2025-08-07,13357.10,13452.20,13345.60,13450.90
2025-08-08,13451.40,13458.70,13417.70,13444.70
2025-08-10,13439.60,13450.20,13424.40,13443.00
2025-08-11,13443.00,13476.40,13399.00,13433.40
2025-08-12,13433.20,13523.60,13420.00,13504.00
2025-08-13,13504.00,13585.10,13492.30,13584.90
2025-08-14,13584.80,13594.50,13520.50,13529.60
2025-08-15,13529.50,13574.70,13526.60,13553.00
2025-08-17,13547.80,13563.60,13547.80,13555.80
2025-08-18,13555.70,13564.60,13498.20,13507.60
2025-08-19,13507.70,13531.00,13477.20,13484.70
2025-08-20,13484.60,13509.30,13447.40,13465.90
2025-08-21,13465.80,13482.40,13405.50,13417.60
2025-08-22,13417.60,13544.00,13390.50,13520.10
2025-08-24,13511.10,13524.40,13507.50,13508.00
2025-08-25,13508.00,13527.00,13446.00,13454.20
2025-08-26,13454.10,13493.00,13434.50,13476.60
2025-08-27,13476.70,13505.70,13416.50,13503.50
2025-08-28,13503.60,13530.50,13482.90,13508.00
2025-08-29,13508.00,13517.00,13446.10,13497.70
2025-08-31,13494.20,13507.40,13494.20,13503.10
2025-09-01,13503.20,13549.60,13502.10,13546.10
2025-09-02,13546.00,13547.90,13340.00,13381.80
2025-09-03,13381.40,13458.10,13333.10,13440.50
2025-09-04,13440.70,13459.00,13416.20,13443.50
2025-09-05,13443.70,13554.30,13441.50,13503.80
2025-09-07,13501.70,13504.00,13481.90,13492.20
2025-09-08,13492.20,13557.70,13483.10,13552.50
2025-09-09,13552.60,13590.20,13515.10,13520.20
2025-09-10,13520.30,13563.80,13512.60,13532.80
2025-09-11,13532.70,13582.70,13491.90,13573.70
2025-09-12,13573.60,13575.40,13523.70,13556.70
2025-09-14,13539.30,13564.50,13539.30,13552.40
2025-09-15,13552.90,13619.60,13548.50,13600.80
2025-09-16,13600.70,13671.70,13597.70,13652.40
2025-09-17,13652.70,13726.10,13615.50,13629.00
2025-09-18,13629.30,13660.50,13533.60,13554.60
2025-09-19,13554.60,13559.40,13462.60,13466.60
2025-09-21,13459.70,13472.50,13459.40,13462.40
2025-09-22,13462.30,13520.30,13452.80,13513.80
2025-09-23,13513.80,13536.20,13486.80,13523.90
2025-09-24,13524.00,13525.70,13426.30,13449.10
2025-09-25,13449.30,13466.90,13323.50,13335.00
2025-09-26,13334.90,13412.70,13329.30,13399.00
2025-09-28,13388.00,13410.60,13375.90,13406.90
2025-09-29,13406.80,13456.50,13406.20,13434.70
2025-09-30,13434.60,13466.90,13413.10,13442.40
2025-10-01,13442.30,13527.30,13434.60,13478.20
2025-10-02,13478.00,13510.10,13400.70,13446.10
2025-10-03,13446.00,13487.00,13428.80,13474.40
2025-10-05,13444.00,13448.20,13422.30,13431.60
2025-10-06,13431.90,13489.80,13416.20,13483.80
2025-10-07,13484.20,13484.20,13392.10,13419.90
2025-10-08,13420.30,13438.30,13370.70,13400.00
2025-10-09,13399.90,13418.60,13279.50,13302.70
2025-10-10,13302.40,13370.80,13261.20,13353.30
2025-10-12,13343.80,13353.20,13326.40,13335.30
2025-10-13,13335.30,13366.10,13314.80,13331.80
2025-10-14,13331.70,13352.00,13248.40,13321.70
2025-10-15,13321.50,13407.70,13319.90,13402.80
2025-10-16,13402.80,13454.40,13399.50,13443.60
2025-10-17,13443.90,13471.40,13390.70,13418.90
2025-10-19,13426.60,13430.60,13416.70,13424.70
2025-10-20,13424.70,13442.70,13399.70,13403.80
2025-10-21,13403.80,13415.90,13360.70,13364.80
2025-10-22,13365.00,13386.60,13305.40,13350.30
2025-10-23,13350.20,13356.90,13307.50,13326.50
2025-10-24,13326.60,13371.60,13287.00,13304.30
2025-10-26,13321.70,13328.10,13317.00,13323.60
2025-10-27,13323.70,13353.50,13310.30,13349.90
2025-10-28,13349.70,13369.40,13247.20,13271.70
2025-10-29,13271.80,13273.80,13139.80,13203.00
2025-10-30,13203.00,13218.50,13116.10,13159.10
2025-10-31,13159.00,13164.60,13096.50,13147.40
2025-11-02,13128.90,13141.80,13127.20,13133.20
2025-11-03,13133.30,13162.10,13108.00,13134.20
2025-11-04,13134.20,13139.00,13009.80,13021.00
2025-11-05,13020.90,13053.90,13010.00,13051.80
2025-11-06,13051.60,13142.30,13050.30,13139.40
2025-11-07,13139.90,13174.80,13094.50,13157.10
2025-11-09,13135.30,13159.70,13135.30,13141.20
2025-11-10,13140.90,13190.90,13136.40,13171.80
2025-11-11,13171.60,13184.30,13116.00,13151.90
2025-11-12,13151.90,13155.10,13084.30,13127.40
2025-11-13,13127.50,13215.70,13100.30,13152.50
2025-11-14,13152.50,13200.50,13107.80,13167.30
2025-11-16,13141.80,13171.80,13141.80,13158.30
2025-11-17,13158.50,13192.90,13135.80,13155.10
2025-11-18,13154.90,13176.70,13133.70,13146.80
2025-11-19,13146.80,13154.90,13043.20,13059.60
2025-11-20,13059.70,13123.50,13037.70,13082.80
2025-11-21,13082.70,13109.30,13038.50,13093.10
2025-11-23,13095.80,13099.50,13092.70,13095.60
2025-11-24,13095.80,13117.90,13080.20,13105.40
2025-11-25,13105.40,13214.00,13095.40,13157.80
2025-11-26,13157.80,13248.70,13123.90,13244.30
2025-11-27,13244.30,13268.40,13209.90,13240.10
2025-11-28,13239.90,13254.50,13200.70,13227.90
2025-11-30,13224.80,13248.50,13216.30,13238.80
2025-12-01,13239.30,13275.70,13205.40,13208.70
2025-12-02,13208.80,13221.50,13179.40,13219.60
2025-12-03,13219.70,13353.80,13217.20,13347.40
2025-12-04,13347.30,13385.20,13320.20,13321.80
2025-12-05,13321.90,13362.30,13315.80,13322.50
2025-12-07,13315.60,13331.60,13315.60,13325.70
2025-12-08,13325.90,13346.00,13305.40,13326.70
2025-12-09,13326.60,13355.90,13287.00,13302.60
2025-12-10,13302.60,13391.10,13295.90,13388.10
2025-12-11,13388.30,13438.00,13354.40,13393.10
2025-12-12,13392.90,13399.50,13342.10,13364.80
2025-12-14,13369.50,13374.00,13359.50,13367.00
2025-12-15,13367.30,13401.50,13354.60,13378.60
2025-12-16,13378.70,13456.00,13355.40,13425.20
2025-12-17,13425.10,13426.70,13311.40,13373.30
2025-12-18,13373.40,13446.30,13340.80,13383.00
2025-12-19,13383.20,13393.80,13356.80,13374.80
2025-12-21,13361.10,13383.60,13361.10,13377.70
2025-12-22,13378.10,13477.20,13377.40,13467.60
2025-12-23,13468.00,13523.40,13467.80,13512.70
2025-12-24,13512.70,13534.00,13486.80,13491.30
2025-12-25,13490.40,13527.30,13489.60,13507.60
2025-12-26,13507.40,13527.00,13477.10,13489.60
2025-12-28,13480.60,13501.00,13479.90,13496.60
2025-12-29,13496.90,13515.50,13469.00,13508.50
2025-12-30,13508.30,13530.60,13449.50,13466.10
2025-12-31,13466.30,13483.30,13401.60,13472.40
