deal_id,pair,direction,strategy,entry,sl_pips,tp1_pips,timestamp_open,timestamp_close,pnl_pips,total_pnl_pips,runner_pnl_pips,partial_bank_pips,partial_fill_estimated,entry_price_source,close_reason,close_type,outcome,mfe_pips,mae_pips,duration_minutes,session_name,day_type_at_fire,fire_path,scaled_out,host,era
DIAAAAXC89ZK4BE,GBPUSD,BUY,GBPUSD_BB_BOUNCE_L,13581.55,12.0,100.0,2026-05-04T06:55:02Z,2026-05-04T07:28:42Z,-10.75,,,,,,SL hit,SL,SL,0.0,8.1,33,,,,,161,A
DIAAAAXC9MPUFA3,GBPUSD,BUY,GBPUSD_BB_BOUNCE_L,13561.05,12.0,100.0,2026-05-04T09:30:02Z,2026-05-04T10:03:46Z,-1.55,,,,,,External/manual close detected (IG open positions),MANUAL,MANUAL,3.0,1.0,33,,,,,161,A
DIAAAAXDBE96WA4,GBPUSD,BUY,GBPUSD_BB_BOUNCE_L,13556.65,12.0,100.0,2026-05-04T14:20:00Z,2026-05-04T14:48:47Z,-12.1,,,,,,BRIEFING_TP_SL_OPEN,TP1,TP1,12.3,0.0,28,,,,,161,A
DIAAAAXDBM4NYBA,GBPUSD,BUY,GBPUSD_BB_BOUNCE_L,13557.35,12.0,100.0,2026-05-04T15:10:01Z,2026-05-04T15:20:30Z,-3.35,,,,,,External/manual close detected (IG open positions),MANUAL,MANUAL,,,10,,,,,161,A
DIAAAAXDFUV7EBA,GBPUSD,BUY,GBPUSD_BB_BOUNCE_L,13540.45,12.0,100.0,2026-05-05T09:25:00Z,2026-05-05T09:41:36Z,2.45,,,,,,Breakeven stop hit (IG server-side),Breakeven stop hit (IG server-side),Breakeven stop hit (IG server-side),4.45,3.6,16,,,,,161,A
DIAAAAXDJVRBBAN,GBPUSD,BUY,GBPUSD_BB_BOUNCE_L,13538.65,12.0,100.0,2026-05-05T11:25:02Z,2026-05-05T12:30:47Z,7.05,,,,,,External/manual close detected (IG open positions),MANUAL,MANUAL,10.8,6.25,65,,,,,161,A
DIAAAAXDWUVXXAD,GBPUSD,BUY,GBPUSD_BB_BOUNCE_L,13585.75,12.0,100.0,2026-05-06T06:40:03Z,2026-05-06T08:13:18Z,7.35,,,,,,External/manual close detected (IG open positions),MANUAL,MANUAL,16.0,2.35,93,,,,,161,A
DIAAAAXD939KTAD,GBPUSD,BUY,GBPUSD_BB_BOUNCE_L,13608.75,12.0,100.0,2026-05-06T13:50:02Z,2026-05-06T13:55:03Z,0.4,,,,,,PRE_NEWS_CLOSE,MANUAL,MANUAL,,,5,,,,,161,A
DIAAAAXEABY4DAB,GBPUSD,BUY,GBPUSD_BB_BOUNCE_L,13604.55,12.0,100.0,2026-05-06T14:25:01Z,2026-05-06T14:50:45Z,12.75,,,,,,External/manual close detected (IG open positions),MANUAL,MANUAL,13.5,5.1,25,,,,,161,A
DIAAAAXEJBY9TAG,GBPUSD,BUY,GBPUSD_BB_BOUNCE_L,13592.85,12.0,100.0,2026-05-07T06:15:04Z,2026-05-07T07:08:44Z,23.0,,,,,,BRIEFING_TP1_CLOSE,TP1,TP1,14.6,2.4,53,,,,,161,A
DIAAAAXES9DGQBG,GBPUSD,BUY,GBPUSD_BB_BOUNCE_L,13619.55,12.0,100.0,2026-05-07T14:00:02Z,2026-05-07T15:29:29Z,-12.0,,,,,,BRIEFING_TP_SL_OPEN,TP1,TP1,12.8,5.8,89,,,,,161,A
DIAAAAXEUAG9TAU,GBPUSD,BUY,GBPUSD_BB_BOUNCE_L,13618.15,12.0,100.0,2026-05-07T15:35:02Z,2026-05-07T15:59:42Z,-12.0,,,,,,BRIEFING_TP_SL_OPEN,TP1,TP1,0.6,7.9,24,,,,,161,A
DIAAAAXEUQGF9AR,GBPUSD,BUY,GBPUSD_BB_BOUNCE_L,13602.85,12.0,100.0,2026-05-07T16:25:02Z,2026-05-07T16:50:30Z,-12.0,,,,,,BRIEFING_TP_SL_OPEN,TP1,TP1,2.3,9.55,25,,,,,161,A
DIAAAAXE35B8BBE,GBPUSD,BUY,GBPUSD_BB_BOUNCE_L,13584.25,12.0,100.0,2026-05-08T08:10:03Z,2026-05-08T11:00:59Z,18.55,,,,,,External/manual close detected (IG open positions),MANUAL,MANUAL,39.0,0.0,170,,,,,161,A
DIAAAAXE5A3RTBE,GBPUSD,BUY,GBPUSD_BB_BOUNCE_L,13604.75,12.0,100.0,2026-05-08T11:10:01Z,2026-05-08T12:08:22Z,4.65,,,,,,External/manual close detected (IG open positions),MANUAL,MANUAL,9.15,1.4,58,,,,,161,A
DIAAAAXFEWB3GA5,GBPUSD,BUY,GBPUSD_BB_BOUNCE_L,13600.55,12.0,100.0,2026-05-11T10:50:02Z,2026-05-11T10:57:32Z,-12.1,,,,,,BRIEFING_TP_SL_OPEN,TP1,TP1,,,7,,,,,161,A
DIAAAAXFEXXHSAY,GBPUSD,BUY,GBPUSD_BB_BOUNCE_L,13593.65,12.0,100.0,2026-05-11T11:05:04Z,2026-05-11T12:44:01Z,14.15,,,,,,External/manual close detected (IG open positions),MANUAL,MANUAL,21.4,0.0,98,,,,,161,A
DIAAAAXFPSXR2AS,GBPUSD,BUY,GBPUSD_BB_BOUNCE_L,13561.35,12.0,100.0,2026-05-12T06:35:03Z,2026-05-12T06:52:16Z,-12.7,,,,,,BRIEFING_TP_SL_OPEN,TP1,TP1,0.0,8.1,17,,,,,161,A
DIAAAAXFRQV9AAZ,GBPUSD,BUY,GBPUSD_BB_BOUNCE_L,13534.85,12.0,100.0,2026-05-12T11:10:20Z,2026-05-12T11:13:59Z,-9.95,,,,,,SL hit,SL,SL,,,3,,,,,161,A
DIAAAAXF3FQ6QA9,GBPUSD,BUY,GBPUSD_BB_BOUNCE_L,13526.55,12.0,100.0,2026-05-12T12:30:05Z,2026-05-12T12:32:01Z,-12.0,,,,,,BRIEFING_TP_SL_OPEN,TP1,TP1,,,1,,,,,161,A
DIAAAAXGCUL5TBA,GBPUSD,BUY,GBPUSD_BB_BOUNCE_L,13526.35,12.0,100.0,2026-05-13T08:15:05Z,2026-05-13T09:02:42Z,-9.35,,,,,,SL hit,SL,SL,8.0,5.8,47,,,,,161,A
DIAAAAXGC7UQSAC,GBPUSD,BUY,GBPUSD_BB_BOUNCE_L,13522.95,12.0,100.0,2026-05-13T09:10:03Z,2026-05-13T09:26:22Z,-12.0,,,,,,BRIEFING_TP_SL_OPEN,TP1,TP1,0.0,11.2,16,,,,,161,A
DIAAAAXGDPEV9AH,GBPUSD,BUY,GBPUSD_BB_BOUNCE_L,13511.65,12.0,100.0,2026-05-13T10:25:04Z,2026-05-13T11:09:59Z,-9.25,,,,,,SL hit,SL,SL,9.3,8.1,44,,,,,161,A
DIAAAAXGE8Z2SAB,GBPUSD,BUY,GBPUSD_BB_BOUNCE_L,13503.65,12.0,100.0,2026-05-13T11:15:27Z,2026-05-13T12:25:02Z,-8.2,,,,,,PRE_NEWS_CLOSE,MANUAL,MANUAL,7.2,6.8,69,,,,,161,A
DIAAAAXGQ5VSMBA,GBPUSD,BUY,GBPUSD_BB_BOUNCE_L,13496.65,12.0,100.0,2026-05-13T12:35:03Z,2026-05-13T12:55:07Z,-12.35,,,,,,SL hit,SL,SL,0.0,8.4,20,,,,,161,A
DIAAAAXHWXXFNAS,GBPUSD,BUY,GBPUSD_BB_BOUNCE_L,13394.35,12.0,100.0,2026-05-18T14:20:02Z,2026-05-18T15:02:34Z,-12.1,,,,,,BRIEFING_TP_SL_OPEN,TP1,TP1,,,42,,,,,161,A
DIAAAAXJTF52HA5,GBPUSD,BUY,GBPUSD_BB_BOUNCE_L,13387.45,12.0,100.0,2026-05-20T06:10:04Z,2026-05-20T06:32:19Z,1.9,,,,,,MANAGER_PROFIT_PROTECT,TRAIL,MANAGER_PROFIT_PROTECT,,,22,,,,,161,A
DIAAAAXJ7H8THAZ,GBPUSD,BUY,GBPUSD_BB_BOUNCE_L,13398.45,12.0,100.0,2026-05-20T13:10:01Z,2026-05-20T14:09:31Z,-12.0,,,,,,BRIEFING_SL_HIT_OPEN,SL,SL,,,59,,,,,161,A
DIAAAAXKGPDS5A8,GBPUSD,BUY,GBPUSD_BB_BOUNCE_L,13434.35,12.0,100.0,2026-05-21T08:50:01Z,2026-05-21T09:28:48Z,9.15,,,,,,External/manual close detected (IG open positions),MANUAL,MANUAL,,,38,,,,,161,A
DIAAAAXKYUHLNBF,GBPUSD,BUY,GBPUSD_BB_BOUNCE_L,13423.45,12.0,100.0,2026-05-22T06:10:01Z,2026-05-22T07:55:01Z,-1.6,,,,,,PRE_NEWS_CLOSE,MANUAL,MANUAL,,,105,,,,,161,A
DIAAAAXK2GW7KBF,GBPUSD,BUY,GBPUSD_BB_BOUNCE_L,13421.55,12.0,100.0,2026-05-22T09:25:05Z,,,,,,,,,,,,,,,,,,161,A
DIAAAAXLJ84VRAN,GBPUSD,BUY,GBPUSD_BB_BOUNCE_L,13474.05,20.0,100.0,2026-05-26T07:15:02Z,2026-05-26T11:41:33Z,0.85,10.85,0.85,10.0,False,,Breakeven stop hit (IG server-side),Breakeven stop hit (IG server-side),Breakeven stop hit (IG server-side),,,266,,,,True,161,B
DIAAAAXLXNJK7AX,GBPUSD,BUY,GBPUSD_BB_BOUNCE_L,13444.65,20.0,100.0,2026-05-26T15:15:03Z,2026-05-26T20:02:52Z,6.45,6.45,,,False,,External/manual close detected (IG open positions),MANUAL,MANUAL,,,287,,,,,161,B
DIAAAAXL39JU2AC,GBPUSD,BUY,GBPUSD_BB_BOUNCE_L,13448.75,20.0,100.0,2026-05-27T06:10:01Z,2026-05-27T14:54:32Z,-20.0,-20.0,,,False,,BRIEFING_TP_SL_OPEN,TP1,TP1,,,524,,,,,161,B
DIAAAAXMFLZ5RAY,GBPUSD,BUY,GBPUSD_BB_BOUNCE_L,13427.65,20.0,100.0,2026-05-27T15:10:01Z,,,,,,,,,,,,,,,,,,161,B
DIAAAAXMRLREZAC,GBPUSD,BUY,GBPUSD_BB_BOUNCE_L,13425.95,20.0,100.0,2026-05-29T07:45:01Z,2026-05-29T09:07:14Z,-12.45,-12.45,,,False,,External/manual close detected (IG open positions),MANUAL,MANUAL,,,82,,,,,161,B
DIAAAAXMRSBRRA2,GBPUSD,BUY,GBPUSD_BB_BOUNCE_L,13415.65,20.0,100.0,2026-05-29T09:15:02Z,2026-05-30T05:08:32Z,53.9,53.9,,,False,,IG_RECONCILE,IG_RECONCILE,IG_RECONCILE,,,1193,,,,,161,B
DIAAAAXMRZBYJAX,GBPUSD,BUY,GBPUSD_BB_BOUNCE_L,13412.55,20.0,100.0,2026-05-29T10:55:06Z,2026-05-29T12:52:21Z,19.1,29.1,19.1,10.0,False,,BRIEFING_TP1_CLOSE,TP1,TP1,,,117,,,,True,161,B
DIAAAAXMSMLZLA6,GBPUSD,BUY,GBPUSD_BB_BOUNCE_L,13440.25,20.0,100.0,2026-05-29T14:45:02Z,2026-05-29T14:51:19Z,16.0,16.0,,,False,,BRIEFING_TP1_CLOSE,TP1,TP1,,,6,,,,,161,B
DIAAAAXMXFXYDAN,GBPUSD,BUY,GBPUSD_BB_BOUNCE_L,13463.55,20.0,100.0,2026-06-01T07:55:02Z,2026-06-01T09:22:07Z,0.55,10.55,0.55,10.0,False,,Breakeven stop hit (IG server-side),Breakeven stop hit (IG server-side),Breakeven stop hit (IG server-side),,,87,,,,True,161,B
DIAAAAXMXRHQFAC,GBPUSD,BUY,GBPUSD_BB_BOUNCE_L,13461.25,20.0,100.0,2026-06-01T09:55:13Z,2026-06-01T13:12:41Z,-16.05,-16.05,,,False,,External/manual close detected (IG open positions),MANUAL,MANUAL,,,197,,,,,161,B
DIAAAAXMZF279A4,GBPUSD,BUY,GBPUSD_BB_BOUNCE_L,13434.45,20.0,100.0,2026-06-01T13:40:03Z,2026-06-01T13:45:14Z,-10.5,-10.5,,,False,,"STRUCTURE_EXIT:structure_flip_down: last_close=13426.75000 < prior_5_low=13427.35000, pnl=-10.0p","STRUCTURE_EXIT:structure_flip_down: last_close=13426.75000 < prior_5_low=13427.35000, pnl=-10.0p","STRUCTURE_EXIT:structure_flip_down: last_close=13426.75000 < prior_5_low=13427.35000, pnl=-10.0p",,,5,,,,,161,B
DIAAAAXM6HERZAN,GBPUSD,BUY,GBPUSD_BB_BOUNCE_L,13466.45,20.0,100.0,2026-06-02T09:15:03Z,2026-06-02T13:42:45Z,6.95,6.95,,,False,,External/manual close detected (IG open positions),MANUAL,MANUAL,,,267,,,,,161,B
DIAAAAXNGYQNPAB,GBPUSD,BUY,GBPUSD_BB_BOUNCE_L,13471.15,20.0,100.0,2026-06-02T14:00:04Z,2026-06-02T16:45:41Z,0.35,10.25,0.35,9.9,False,,Breakeven stop hit (IG server-side),Breakeven stop hit (IG server-side),Breakeven stop hit (IG server-side),,,165,,,,True,161,B
DIAAAAXNMV7DSAR,GBPUSD,BUY,GBPUSD_BB_BOUNCE_L,13452.15,20.0,100.0,2026-06-03T06:05:03Z,2026-06-03T06:12:38Z,-10.5,-10.5,,,False,,"STRUCTURE_EXIT:structure_flip_down: last_close=13446.65000 < prior_5_low=13449.35000, pnl=-10.0p","STRUCTURE_EXIT:structure_flip_down: last_close=13446.65000 < prior_5_low=13449.35000, pnl=-10.0p","STRUCTURE_EXIT:structure_flip_down: last_close=13446.65000 < prior_5_low=13449.35000, pnl=-10.0p",,,7,,,,,161,B
DIAAAAXNM3PUKAT,GBPUSD,BUY,GBPUSD_BB_BOUNCE_L,13441.45,20.0,100.0,2026-06-03T06:30:05Z,2026-06-03T12:38:39Z,-10.5,-0.4,-10.5,10.1,False,,"STRUCTURE_EXIT:structure_flip_down: last_close=13435.65000 < prior_5_low=13441.45000, pnl=-10.0p","STRUCTURE_EXIT:structure_flip_down: last_close=13435.65000 < prior_5_low=13441.45000, pnl=-10.0p","STRUCTURE_EXIT:structure_flip_down: last_close=13435.65000 < prior_5_low=13441.45000, pnl=-10.0p",,,368,,,,True,161,B
DIAAAAXNYP33XAN,GBPUSD,BUY,GBPUSD_BB_BOUNCE_L,13437.65,20.0,100.0,2026-06-03T12:45:05Z,2026-06-03T13:20:01Z,-12.1,-12.1,,,False,,"STRUCTURE_EXIT:structure_flip_down: last_close=13426.55000 < prior_5_low=13429.95000, pnl=-11.3p","STRUCTURE_EXIT:structure_flip_down: last_close=13426.55000 < prior_5_low=13429.95000, pnl=-11.3p","STRUCTURE_EXIT:structure_flip_down: last_close=13426.55000 < prior_5_low=13429.95000, pnl=-11.3p",,,34,,,,,161,B
DIAAAAXNY46USAZ,GBPUSD,BUY,GBPUSD_BB_BOUNCE_L,13431.85,20.0,100.0,2026-06-03T14:55:02Z,2026-06-03T16:10:23Z,-10.6,-10.6,,,False,,"STRUCTURE_EXIT:structure_flip_down: last_close=13423.15000 < prior_5_low=13429.35000, pnl=-10.1p","STRUCTURE_EXIT:structure_flip_down: last_close=13423.15000 < prior_5_low=13429.35000, pnl=-10.1p","STRUCTURE_EXIT:structure_flip_down: last_close=13423.15000 < prior_5_low=13429.35000, pnl=-10.1p",,,75,,,,,161,B
DIAAAAXN6SJ5EAD,GBPUSD,BUY,GBPUSD_BB_BOUNCE_L,13453.85,20.0,100.0,2026-06-04T13:20:01Z,2026-06-04T14:30:01Z,-11.6,-11.6,,,False,,"STRUCTURE_EXIT:structure_flip_down: last_close=13442.85000 < prior_5_low=13444.55000, pnl=-11.1p","STRUCTURE_EXIT:structure_flip_down: last_close=13442.85000 < prior_5_low=13444.55000, pnl=-11.1p","STRUCTURE_EXIT:structure_flip_down: last_close=13442.85000 < prior_5_low=13444.55000, pnl=-11.1p",,,70,,,,,161,B
DIAAAAXN64TGTAY,GBPUSD,BUY,GBPUSD_BB_BOUNCE_L,13444.15,20.0,100.0,2026-06-04T15:00:03Z,2026-06-04T15:25:37Z,-10.6,-10.6,,,False,,"STRUCTURE_EXIT:structure_flip_down: last_close=13435.05000 < prior_5_low=13435.15000, pnl=-10.1p","STRUCTURE_EXIT:structure_flip_down: last_close=13435.05000 < prior_5_low=13435.15000, pnl=-10.1p","STRUCTURE_EXIT:structure_flip_down: last_close=13435.05000 < prior_5_low=13435.15000, pnl=-10.1p",,,25,,,,,161,B
DIAAAAXPAVGMFAW,GBPUSD,BUY,GBPUSD_BB_BOUNCE_L,13428.05,20.0,100.0,2026-06-05T06:30:04Z,2026-06-05T08:37:31Z,27.7,38.0,27.7,10.3,False,,BRIEFING_TP1_CLOSE,TP1,TP1,,,127,,,,True,161,B
DIAAAAXPBPTYBAT,GBPUSD,BUY,GBPUSD_BB_BOUNCE_L,13410.05,20.0,100.0,2026-06-05T13:05:04Z,2026-06-05T14:11:53Z,-20.0,-20.0,,,False,,BRIEFING_TP_SL_OPEN,TP1,TP1,,,66,,,,,161,B
DIAAAAXP88HQNA3,GBPUSD,BUY,GBPUSD_BB_BOUNCE_L,13385.05,20.0,100.0,2026-06-10T09:25:02Z,2026-06-10T10:40:21Z,7.55,17.45,7.55,9.9,False,,External/manual close detected (IG open positions),MANUAL,MANUAL,,,75,,,,True,161,B
DIAAAAXQAFCJFBB,GBPUSD,BUY,GBPUSD_BB_BOUNCE_L,13389.95,20.0,100.0,2026-06-10T11:15:20Z,2026-06-10T11:40:02Z,-15.2,-15.2,,,False,,"STRUCTURE_EXIT:structure_flip_down: last_close=13376.35000 < prior_5_low=13380.65000, pnl=-15.2p","STRUCTURE_EXIT:structure_flip_down: last_close=13376.35000 < prior_5_low=13380.65000, pnl=-15.2p","STRUCTURE_EXIT:structure_flip_down: last_close=13376.35000 < prior_5_low=13380.65000, pnl=-15.2p",,,24,,,,,161,B
DIAAAAXQFQRW5AY,GBPUSD,BUY,GBPUSD_BB_BOUNCE_L,13377.75,20.0,100.0,2026-06-10T11:45:19Z,2026-06-10T12:30:44Z,19.35,29.75,19.35,10.4,False,,External/manual close detected (IG open positions),MANUAL,MANUAL,,,45,,,,True,161,B
DIAAAAXQQVGT7AG,GBPUSD,BUY,GBPUSD_BB_BOUNCE_L,13380.45,20.0,100.0,2026-06-11T06:15:05Z,2026-06-11T07:15:09Z,1.95,1.95,,,False,,Breakeven stop hit (IG server-side),Breakeven stop hit (IG server-side),Breakeven stop hit (IG server-side),,,60,,,,,161,B
DIAAAAXQRCNF7AP,GBPUSD,BUY,GBPUSD_BB_BOUNCE_L,13363.95,20.0,100.0,2026-06-11T09:00:04Z,2026-06-11T10:14:25Z,-10.05,-10.05,,,False,,External/manual close detected (IG open positions),MANUAL,MANUAL,,,74,,,,,161,B
DIAAAAXRV7X6MAE,GBPUSD,BUY,GBPUSD_BB_BOUNCE_L,13415.4,20.0,100.0,2026-06-16T12:00:03Z,2026-06-17T00:05:21Z,16.7,16.7,,,False,ig_fill,IG_RECONCILE,IG_RECONCILE,IG_RECONCILE,,,725,,,,,161,B
DIAAAAXRXMMNSAE,GBPUSD,BUY,GBPUSD_BB_BOUNCE_L,13410.4,20.0,100.0,2026-06-16T14:40:02Z,2026-06-16T14:56:28Z,16.3,24.3,16.3,8.0,False,ig_fill,BRIEFING_TP1_CLOSE,TP1,TP1,,,16,,,,True,161,B
DIAAAAXR5CNSZA6,GBPUSD,BUY,GBPUSD_BB_BOUNCE_L,13403.6,20.0,100.0,2026-06-17T11:40:01Z,2026-06-17T13:09:01Z,10.85,10.85,,,False,ig_fill,External/manual close detected (IG open positions),MANUAL,MANUAL,,,89,,,,,161,B
DIAAAAXR9TC2XBD,GBPUSD,BUY,GBPUSD_BB_BOUNCE_L,13311.3,20.0,100.0,2026-06-18T06:05:03Z,2026-06-18T06:36:54Z,6.35,14.75,6.35,8.4,False,ig_fill,TRAIL_STOP,TRAIL,TRAIL_STOP,,,31,,,,True,161,B
DIAAAAXSGC42RA3,GBPUSD,BUY,GBPUSD_BB_BOUNCE_L,13227.1,20.0,100.0,2026-06-19T13:30:02Z,2026-06-19T13:43:04Z,-10.5,-10.5,,,False,ig_fill,"STRUCTURE_EXIT:structure_flip_down: last_close=13219.25000 < prior_5_low=13220.75000, pnl=-10.1p","STRUCTURE_EXIT:structure_flip_down: last_close=13219.25000 < prior_5_low=13220.75000, pnl=-10.1p","STRUCTURE_EXIT:structure_flip_down: last_close=13219.25000 < prior_5_low=13220.75000, pnl=-10.1p",,,13,,,,,161,B
DIAAAAXSGDV7EAQ,GBPUSD,BUY,GBPUSD_BB_BOUNCE_L,13223.7,20.0,100.0,2026-06-19T13:55:01Z,2026-06-19T14:50:33Z,3.35,11.45,3.35,8.1,False,ig_fill,TRAIL_STOP,TRAIL,TRAIL_STOP,,,55,,,,True,161,B
DIAAAAXSSD5ZMBD,GBPUSD,BUY,GBPUSD_BB_BOUNCE_L,13202.1,20.0,100.0,2026-06-22T08:25:01Z,2026-06-22T08:36:52Z,-0.25,6.15,-0.25,6.4,False,ig_fill,BE_STOP_POST_SCALEOUT,BE_STOP_POST_SCALEOUT,BE_STOP_POST_SCALEOUT,,,11,,,,True,161,B
DIAAAAXSTYBJKAK,GBPUSD,BUY,GBPUSD_BB_BOUNCE_L,13245.7,20.0,100.0,2026-06-22T13:50:02Z,2026-06-22T14:09:39Z,8.65,16.75,8.65,8.1,False,ig_fill,TRAIL_STOP,TRAIL,TRAIL_STOP,,,19,,,,True,161,B
DIAAAAXS4C6C9AL,GBPUSD,BUY,GBPUSD_BB_BOUNCE_L,13233.9,20.0,100.0,2026-06-23T06:55:01Z,2026-06-23T07:30:18Z,10.15,18.45,10.15,8.3,False,ig_fill,TRAIL_STOP,TRAIL,TRAIL_STOP,15.65,2.85,35,,,,True,161,B
DIAAAAXS4UVV7A6,GBPUSD,BUY,GBPUSD_BB_BOUNCE_L,13227.9,20.0,100.0,2026-06-23T08:00:01Z,2026-06-23T08:30:21Z,-10.2,-10.2,,,False,ig_fill,"STRUCTURE_EXIT:structure_flip_down: last_close=13221.85000 < prior_5_low=13222.75000, pnl=-10.6p","STRUCTURE_EXIT:structure_flip_down: last_close=13221.85000 < prior_5_low=13222.75000, pnl=-10.6p","STRUCTURE_EXIT:structure_flip_down: last_close=13221.85000 < prior_5_low=13222.75000, pnl=-10.6p",7.65,9.25,30,,,,,161,B
DIAAAAXTRUS2ZAH,GBPUSD,BUY,GBPUSD_BB_BOUNCE_L,13185.9,20.0,100.0,2026-06-24T07:20:02Z,2026-06-24T07:48:58Z,6.75,14.95,6.75,8.2,False,ig_fill,TRAIL_STOP,TRAIL,TRAIL_STOP,12.15,0.25,28,,,,True,161,B
DIAAAAXTR995ZA8,GBPUSD,BUY,GBPUSD_BB_BOUNCE_L,13181.1,20.0,100.0,2026-06-24T08:20:02Z,2026-06-24T08:36:55Z,7.45,15.55,7.45,8.1,False,ig_fill,TRAIL_STOP,TRAIL,TRAIL_STOP,13.25,0.0,16,,,,True,161,B
DIAAAAXT6DTU3AY,GBPUSD,BUY,GBPUSD_BB_BOUNCE_L,13148.5,20.0,100.0,2026-06-24T15:00:03Z,2026-06-24T15:22:11Z,17.4,25.5,17.4,8.1,False,ig_fill,BRIEFING_TP1_CLOSE,TP1,TP1,15.15,0.0,22,,,,True,161,B
DIAAAAXUET4VSA6,GBPUSD,BUY,GBPUSD_BB_BOUNCE_L,13178.5,20.0,100.0,2026-06-25T06:15:01Z,2026-06-25T06:35:01Z,-10.6,-10.6,,,False,ig_fill,"STRUCTURE_EXIT:structure_flip_down: last_close=13168.45000 < prior_5_low=13173.15000, pnl=-10.2p","STRUCTURE_EXIT:structure_flip_down: last_close=13168.45000 < prior_5_low=13173.15000, pnl=-10.2p","STRUCTURE_EXIT:structure_flip_down: last_close=13168.45000 < prior_5_low=13173.15000, pnl=-10.2p",0.05,11.05,20,,,,,161,C
DIAAAAXUGA58TAT,GBPUSD,BUY,GBPUSD_BB_BOUNCE_L,13190.0,20.0,100.0,2026-06-25T09:55:04Z,2026-06-25T10:05:01Z,-10.7,-10.7,,,False,ig_fill,"STRUCTURE_EXIT:structure_flip_down: last_close=13179.75000 < prior_5_low=13183.05000, pnl=-10.3p","STRUCTURE_EXIT:structure_flip_down: last_close=13179.75000 < prior_5_low=13183.05000, pnl=-10.3p","STRUCTURE_EXIT:structure_flip_down: last_close=13179.75000 < prior_5_low=13183.05000, pnl=-10.3p",0.0,10.85,9,,,,,161,C
DIAAAAXUZV9A7AM,GBPUSD,BUY,GBPUSD_BB_BOUNCE_L,13217.0,20.0,100.0,2026-06-26T12:00:03Z,2026-06-26T14:04:19Z,6.95,15.15,6.95,8.2,False,ig_fill,TRAIL_STOP,TRAIL,TRAIL_STOP,8.85,16.55,124,,,,True,161,C
DIAAAAXVEXS3SAK,GBPUSD,BUY,GBPUSD_BB_BOUNCE_L,13211.7,20.0,100.0,2026-06-29T08:35:04Z,2026-06-29T10:57:43Z,11.75,19.85,11.75,8.1,False,ig_fill,External/manual close detected (IG open positions),MANUAL,MANUAL,15.15,8.55,142,,,,True,161,C
DIAAAAXVRBXXWAC,GBPUSD,BUY,GBPUSD_BB_BOUNCE_L,13227.1,20.0,100.0,2026-06-30T06:05:01Z,2026-06-30T07:00:38Z,11.35,19.35,11.35,8.0,False,ig_fill,TRAIL_STOP,TRAIL,TRAIL_STOP,17.35,0.0,55,,,,True,161,C
DIAAAAXVR7N9AAV,GBPUSD,BUY,GBPUSD_BB_BOUNCE_L,13230.7,20.0,100.0,2026-06-30T08:25:02Z,2026-06-30T11:10:05Z,0.35,8.65,0.35,8.3,False,ig_fill,BE_STOP_POST_SCALEOUT,BE_STOP_POST_SCALEOUT,BE_STOP_POST_SCALEOUT,9.45,8.65,165,,,,True,161,C
DIAAAAXVWPS9PAH,GBPUSD,BUY,GBPUSD_BB_BOUNCE_L,13225.8,20.0,100.0,2026-06-30T11:30:02Z,2026-06-30T14:25:41Z,13.65,21.15,13.65,7.5,False,ig_fill,TRAIL_STOP,TRAIL,TRAIL_STOP,20.25,13.55,175,,,,True,161,C
DIAAAAXV9W59QBD,GBPUSD,BUY,GBPUSD_BB_BOUNCE_L,13241.7,20.0,100.0,2026-07-01T06:50:01Z,2026-07-01T09:40:37Z,9.55,17.55,9.55,8.0,False,ig_fill,TRAIL_STOP,TRAIL,TRAIL_STOP,15.55,12.65,170,,,,True,161,C
DIAAAAXXF4A4JA7,GBPUSD,BUY,GBPUSD_BB_BOUNCE_L,13363.4,20.0,100.0,2026-07-03T08:45:01Z,2026-07-03T13:11:03Z,-13.95,-13.95,,,False,ig_fill,External/manual close detected (IG open positions),MANUAL,MANUAL,0.85,15.25,266,,,,,161,C
DIAAAAXXG59ACA6,GBPUSD,BUY,GBPUSD_BB_BOUNCE_L,13351.0,20.0,100.0,2026-07-03T13:15:01Z,2026-07-03T17:37:57Z,4.15,4.15,,,False,ig_fill,External/manual close detected (IG open positions),MANUAL,MANUAL,8.15,5.45,262,,,,,161,C
DIAAAAXX6WUJTA7,GBPUSD,BUY,GBPUSD_BB_BOUNCE_L,13382.2,20.0,100.0,2026-07-07T13:35:02Z,2026-07-07T14:04:23Z,-17.75,-17.75,,,False,ig_fill,SL hit,SL,SL,3.85,12.25,29,,,,,161,C
DIAAAAXYFNJB2AF,GBPUSD,BUY,GBPUSD_BB_BOUNCE_L,13353.1,20.0,100.0,2026-07-08T08:35:02Z,2026-07-08T09:07:56Z,-20.0,-20.0,,,False,ig_fill,BRIEFING_TP_SL_OPEN,TP1,TP1,0.0,16.15,32,,,,,161,C
DIAAAAXYTYGQAA4,GBPUSD,BUY,GBPUSD_BB_BOUNCE_L,13364.9,20.0,100.0,2026-07-08T15:25:03Z,2026-07-08T17:08:23Z,29.8,38.0,29.8,8.2,False,ig_fill,BRIEFING_TP1_CLOSE,TP1,TP1,23.55,8.05,103,,,,True,161,C
DIAAAAX2PQNZHA6,GBPUSD,BUY,GBPUSD_BB_BOUNCE_L,13409.2,20.0,100.0,2026-07-15T07:30:01Z,2026-07-15T09:33:46Z,-19.85,-19.85,,,False,ig_fill,SL hit,SL,SL,0.0,18.05,123,,,,,161,D
DIAAAAX2QLQNCAN,GBPUSD,BUY,GBPUSD_BB_BOUNCE_L,13392.7,20.0,100.0,2026-07-15T09:45:01Z,2026-07-15T11:56:34Z,14.25,22.25,14.25,8.0,False,ig_fill,BE_STOP_POST_SCALEOUT,BE_STOP_POST_SCALEOUT,BE_STOP_POST_SCALEOUT,19.65,11.85,131,,,,True,161,D
DIAAAAX3B7NN5A2,GBPUSD,BUY,GBPUSD_BB_BOUNCE_L,13526.0,20.0,18.79,2026-07-16T08:35:01Z,2026-07-16T09:33:09Z,-20.05,-20.05,,,False,ig_fill,SL hit,SL,SL,0.0,15.25,58,London,,,,161,D
DIAAAAX3CQULNAL,GBPUSD,BUY,GBPUSD_BB_BOUNCE_L,13511.5,20.0,18.52,2026-07-16T09:45:02Z,2026-07-16T14:53:00Z,-21.75,-21.75,,,False,ig_fill,SL hit,SL,SL,6.15,17.35,307,London,,,,161,D
DIAAAAX3L5B7PBC,GBPUSD,BUY,GBPUSD_BB_BOUNCE_L,13489.4,20.0,34.43,2026-07-16T15:15:03Z,2026-07-16T16:21:48Z,-19.55,-19.55,,,False,ig_fill,SL hit,SL,SL,0.05,16.55,66,NY,,,,161,D
DIAAAAX3NFKY2AG,GBPUSD,BUY,GBPUSD_BB_BOUNCE_L,13470.6,20.0,22.7,2026-07-16T16:35:01Z,2026-07-16T21:00:06Z,5.05,13.35,5.05,8.3,False,ig_fill,External/manual close detected (IG open positions),MANUAL,MANUAL,10.8,11.15,265,NY,,,True,161,D
DIAAAAX3V4G5SAB,GBPUSD,BUY,GBPUSD_BB_BOUNCE_L,13452.6,20.0,100.0,2026-07-17T08:25:02Z,2026-07-17T10:31:43Z,-19.55,-19.55,,,False,ig_fill,SL hit,SL,SL,0.25,18.65,126,London,,,,161,D
DIAAAAX3W6VP6AZ,GBPUSD,BUY,GBPUSD_BB_BOUNCE_L,13433.5,20.0,100.0,2026-07-17T11:10:01Z,2026-07-17T11:43:24Z,5.55,13.55,5.55,8.0,False,ig_fill,BE_STOP_POST_SCALEOUT,BE_STOP_POST_SCALEOUT,BE_STOP_POST_SCALEOUT,13.05,0.0,33,London,,,True,161,D
DIAAAAX3YQ6F7AB,GBPUSD,BUY,GBPUSD_BB_BOUNCE_L,13445.1,20.0,100.0,2026-07-17T16:10:01Z,2026-07-17T20:21:36Z,8.85,16.95,8.85,8.1,False,ig_fill,TRAIL_STOP,TRAIL,TRAIL_STOP,15.15,0.0,251,NY,,,True,161,D
DIAAAAX38Z5D7AE,GBPUSD,BUY,GBPUSD_BB_BOUNCE_L,13464.4,20.0,100.0,2026-07-20T06:20:03Z,2026-07-20T08:21:17Z,5.35,13.35,5.35,8.0,False,ig_fill,FLOOR_STOP_POST_SCALEOUT,FLOOR_STOP_POST_SCALEOUT,FLOOR_STOP_POST_SCALEOUT,17.15,7.05,121,Asia,,,True,161,D
DIAAAAX392GP3BD,GBPUSD,BUY,GBPUSD_BB_BOUNCE_L,13462.2,20.0,100.0,2026-07-20T09:25:02Z,2026-07-20T11:55:44Z,0.15,8.15,0.15,8.0,False,ig_fill,BE_STOP_POST_SCALEOUT,BE_STOP_POST_SCALEOUT,BE_STOP_POST_SCALEOUT,15.85,4.05,150,London,,,True,161,D
DIAAAAX4B2T63AR,GBPUSD,BUY,GBPUSD_BB_BOUNCE_L,13453.5,20.0,100.0,2026-07-20T14:20:02Z,2026-07-20T15:00:14Z,-24.65,-24.65,,,False,ig_fill,External/manual close detected (IG open positions),MANUAL,MANUAL,0.25,19.05,40,NY,,,,161,D
DIAAAAX4CT6LEA8,GBPUSD,BUY,GBPUSD_BB_BOUNCE_L,13421.4,20.0,100.0,2026-07-20T15:30:01Z,2026-07-20T18:34:37Z,13.25,21.25,13.25,8.0,False,ig_fill,FLOOR_STOP_POST_SCALEOUT,FLOOR_STOP_POST_SCALEOUT,FLOOR_STOP_POST_SCALEOUT,18.45,8.15,184,NY,,,True,161,D
DIAAAAX4MDM35A5,GBPUSD,BUY,GBPUSD_BB_BOUNCE_L,13428.9,20.0,100.0,2026-07-21T10:10:00Z,2026-07-21T11:11:17Z,-19.25,-19.25,,,False,ig_fill,SL hit,SL,SL,4.75,16.95,61,London,,,,161,D
DIAAAAX4S3U4XAP,GBPUSD,BUY,GBPUSD_BB_BOUNCE_L,13415.1,20.0,100.0,2026-07-21T11:40:01Z,2026-07-21T12:16:09Z,-19.85,-19.85,,,False,ig_fill,SL hit,SL,SL,0.0,18.15,36,London,,,,161,D
DIAAAAX4XQGYEAG,GBPUSD,BUY,GBPUSD_BB_BOUNCE_L,13390.7,20.0,100.0,2026-07-21T12:35:01Z,2026-07-21T13:35:40Z,-18.85,-18.85,,,False,ig_fill,SL hit,SL,SL,4.95,19.25,60,London,,,,161,D
DIAAAAX4XX2ADAK,GBPUSD,BUY,GBPUSD_BB_BOUNCE_L,13378.1,20.0,100.0,2026-07-21T13:50:01Z,2026-07-21T14:20:30Z,13.45,21.45,13.45,8.0,False,ig_fill,BE_STOP_POST_SCALEOUT,BE_STOP_POST_SCALEOUT,BE_STOP_POST_SCALEOUT,21.45,0.0,30,NY,,,True,161,D
DIAAAAX4ZNNVDA5,GBPUSD,BUY,GBPUSD_BB_BOUNCE_L,13373.2,20.0,100.0,2026-07-21T16:25:01Z,2026-07-21T18:03:25Z,8.35,16.45,8.35,8.1,False,ig_fill,FLOOR_STOP_POST_SCALEOUT,FLOOR_STOP_POST_SCALEOUT,FLOOR_STOP_POST_SCALEOUT,14.35,1.45,98,NY,,,True,161,D
DIAAAAX48SV5ZAQ,GBPUSD,BUY,GBPUSD_BB_BOUNCE_L,13374.6,20.0,100.0,2026-07-22T06:45:01Z,2026-07-22T07:35:54Z,12.65,20.75,12.65,8.1,False,ig_fill,BE_STOP_POST_SCALEOUT,BE_STOP_POST_SCALEOUT,BE_STOP_POST_SCALEOUT,20.75,2.05,50,Asia,,,True,161,D
DIAAAAX49WS58AU,GBPUSD,BUY,GBPUSD_BB_BOUNCE_L,13373.8,20.0,100.0,2026-07-22T09:35:02Z,2026-07-22T14:57:01Z,-0.15,7.85,-0.15,8.0,False,ig_fill,BE_STOP_POST_SCALEOUT,BE_STOP_POST_SCALEOUT,BE_STOP_POST_SCALEOUT,16.95,18.45,321,London,,,True,161,D
DIAAAAX5MCAFSAR,GBPUSD,BUY,GBPUSD_BB_BOUNCE_L,13376.5,20.0,100.0,2026-07-22T15:05:01Z,2026-07-23T09:30:28Z,-8.3,-8.3,,,,ig_fill,REGIME_MAX_HOLD,REGIME_MAX_HOLD,REGIME_MAX_HOLD,3.75,11.25,1105,NY,,,,161,D
DIAAAAX6R5ZMZA7,GBPUSD,BUY,GBPUSD_BB_BOUNCE_L,13348.9,20.0,100.0,2026-07-27T07:15:01Z,2026-07-27T10:11:18Z,-19.65,-19.65,,,False,ig_fill,SL hit,SL,SL,0.85,19.05,176,London,,,,161,D
DIAAAAX6TLP8TBD,GBPUSD,BUY,GBPUSD_BB_BOUNCE_L,13331.6,20.0,100.0,2026-07-27T10:45:01Z,2026-07-27T11:07:16Z,-20.1,-20.1,,,False,ig_fill,BRIEFING_TP_SL_OPEN,TP1,TP1,0.0,15.05,22,London,,,,161,D
DIAAAAX6UR6NTA3,GBPUSD,BUY,GBPUSD_BB_BOUNCE_L,13314.7,20.0,100.0,2026-07-27T13:00:03Z,2026-07-27T17:00:05Z,-12.1,-12.1,,,False,ig_fill,REGIME_MAX_HOLD,REGIME_MAX_HOLD,REGIME_MAX_HOLD,6.35,15.65,240,NY,,,,161,D
DIAAAAX67JXZDAV,GBPUSD,BUY,GBPUSD_BB_BOUNCE_L,13296.3,12.0,100.0,2026-07-28T14:30:01Z,2026-07-28T15:24:37Z,5.45,15.45,5.45,10.0,False,ig_fill,FLOOR_STOP_POST_SCALEOUT,FLOOR_STOP_POST_SCALEOUT,FLOOR_STOP_POST_SCALEOUT,9.35,10.85,54,NY,,,True,161,D
DIAAAAX7ZHT78AS,GBPUSD,BUY,GBPUSD_BB_BOUNCE_L,13447.6,20.0,100.0,2026-07-31T08:20:01Z,2026-07-31T09:04:31Z,14.25,22.25,14.25,8.0,False,ig_fill,FLOOR_STOP_POST_SCALEOUT,FLOOR_STOP_POST_SCALEOUT,FLOOR_STOP_POST_SCALEOUT,16.35,11.75,44,London,,,True,161,D
DIAAAAX72KZSQAV,GBPUSD,BUY,GBPUSD_BB_BOUNCE_L,13431.7,20.0,100.0,2026-07-31T13:25:02Z,2026-07-31T13:36:44Z,-20.0,-20.0,,,False,ig_fill,GBPUSD_BB_BOUNCE_L_TIER_SL_OPEN,SL,SL,1.35,11.35,11,NY,,,,161,D
DIAAAAX8WW4H7AQ,GBPUSD,BUY,GBPUSD_BB_BOUNCE_L,13442.2,20.0,100.0,2026-08-04T13:15:01Z,2026-08-04T13:30:02Z,0.25,8.55,0.25,8.3,False,ig_fill,BE_STOP_POST_SCALEOUT,BE_STOP_POST_SCALEOUT,BE_STOP_POST_SCALEOUT,8.75,3.85,15,NY,,,True,161,D
DIAAAAX8XW8DAAX,GBPUSD,BUY,GBPUSD_BB_BOUNCE_L,13444.7,20.0,100.0,2026-08-04T15:25:01Z,2026-08-04T16:05:42Z,5.25,12.25,5.25,7.0,False,ig_fill,FLOOR_STOP_POST_SCALEOUT,FLOOR_STOP_POST_SCALEOUT,FLOOR_STOP_POST_SCALEOUT,11.05,2.85,40,NY,,,True,161,D
DIAAAAX86S9ENA7,GBPUSD,BUY,GBPUSD_BB_BOUNCE_L,13454.9,20.0,100.0,2026-08-05T06:25:01Z,2026-08-05T07:04:44Z,8.45,16.45,8.45,8.0,False,ig_fill,FLOOR_STOP_POST_SCALEOUT,FLOOR_STOP_POST_SCALEOUT,FLOOR_STOP_POST_SCALEOUT,12.65,4.15,39,Asia,,,True,161,D
DIAAAAX87NYTNAP,GBPUSD,BUY,GBPUSD_BB_BOUNCE_L,13457.6,20.0,100.0,2026-08-05T09:00:01Z,2026-08-05T12:11:02Z,18.95,26.95,18.95,8.0,False,ig_fill,FLOOR_STOP_POST_SCALEOUT,FLOOR_STOP_POST_SCALEOUT,FLOOR_STOP_POST_SCALEOUT,24.85,0.85,191,London,,,True,161,D
DIAAAAX9SCQ4SA7,GBPUSD,BUY,GBPUSD_BB_BOUNCE_L,13448.7,20.0,100.0,2026-08-07T08:45:01Z,2026-08-07T09:34:09Z,-7.3,-7.3,,,False,ig_fill,LABEL_K_OPERATOR,LABEL_K_OPERATOR,LABEL_K_OPERATOR,0.55,8.15,49,London,,,,161,D
DIAAAAX9U9GQYAP,GBPUSD,BUY,GBPUSD_BB_BOUNCE_L,13495.9,20.0,100.0,2026-08-07T18:10:02Z,2026-08-07T19:45:43Z,4.25,4.25,,,False,ig_fill,External close (not initiated by this host),External close (not initiated by this host),External close (not initiated by this host),8.15,3.65,95,NY,,,,161,D
DIAAAAX94EG7TAB,GBPUSD,BUY,GBPUSD_BB_BOUNCE_L,13496.7,20.0,100.0,2026-08-10T10:10:01Z,2026-08-10T13:20:45Z,10.0,10.0,,,False,ig_fill,EXIT_PROFILE_SQUEEZE,EXIT_PROFILE_SQUEEZE,EXIT_PROFILE_SQUEEZE,10.35,5.95,190,London,,,,161,D
DIAAAAYAAKZMPBF,GBPUSD,BUY,GBPUSD_BB_BOUNCE_L,13510.0,20.0,100.0,2026-08-11T04:55:02Z,2026-08-11T18:49:43Z,-7.15,-7.15,,,False,ig_fill,External close (not initiated by this host),External close (not initiated by this host),External close (not initiated by this host),5.95,17.95,834,Asia,,,,161,D
DIAAAAYAK2LKFAU,GBPUSD,BUY,GBPUSD_BB_BOUNCE_L,13504.8,20.0,100.0,2026-08-12T04:25:01Z,2026-08-12T09:25:27Z,19.05,29.55,19.05,10.5,False,ig_fill,FLOOR_STOP_POST_SCALEOUT,FLOOR_STOP_POST_SCALEOUT,FLOOR_STOP_POST_SCALEOUT,24.95,2.65,300,Asia,,,True,161,D
DIAAAAYAT3F5HAX,GBPUSD,BUY,GBPUSD_BB_BOUNCE_L,13483.2,20.0,100.0,2026-08-13T09:20:01Z,2026-08-13T10:45:59Z,11.45,19.45,11.45,8.0,False,ig_fill,FLOOR_STOP_POST_SCALEOUT,FLOOR_STOP_POST_SCALEOUT,FLOOR_STOP_POST_SCALEOUT,18.25,0.0,85,London,BIG_NEWS,,True,161,D
DIAAAAYAU2RGMAL,GBPUSD,BUY,GBPUSD_BB_BOUNCE_L,13498.7,20.0,100.0,2026-08-13T15:40:03Z,2026-08-13T15:44:19Z,-3.5,-3.5,,,False,ig_fill,LABEL_K_OPERATOR,LABEL_K_OPERATOR,LABEL_K_OPERATOR,,,4,NY,BIG_NEWS,,,161,D
DIAAAAYAZKNQPAH,GBPUSD,BUY,GBPUSD_BB_BOUNCE_L,13549.0,20.0,100.0,2026-08-14T15:30:02Z,2026-08-14T17:18:56Z,-20.3,-20.3,,,False,ig_fill,GBPUSD_BB_BOUNCE_L_TIER_SL_OPEN,SL,SL,7.95,18.35,108,NY,POST_NEWS,,,161,D
DIAAAAYAZQ3GRAF,GBPUSD,BUY,GBPUSD_BB_BOUNCE_L,13530.9,20.0,100.0,2026-08-14T17:30:01Z,2026-08-14T19:39:38Z,3.75,3.75,,,False,ig_fill,Breakeven stop hit (IG server-side),Breakeven stop hit (IG server-side),Breakeven stop hit (IG server-side),6.05,2.45,129,NY,POST_NEWS,,,161,D
DIAAAAYA6A6ZEAC,GBPUSD,BUY,GBPUSD_BB_BOUNCE_L,13554.2,20.0,100.0,2026-08-17T09:00:02Z,2026-08-17T10:31:14Z,5.55,13.85,5.55,8.3,False,ig_fill,FLOOR_STOP_POST_SCALEOUT,FLOOR_STOP_POST_SCALEOUT,FLOOR_STOP_POST_SCALEOUT,10.95,0.45,91,London,NORMAL,,True,161,D
DIAAAAYA6KPXLBF,GBPUSD,BUY,GBPUSD_BB_BOUNCE_L,13560.7,20.0,100.0,2026-08-17T11:10:01Z,2026-08-17T12:10:02Z,-2.7,-2.7,,,False,ig_fill,BB_RANGE_TARGET,BB_RANGE_TARGET,BB_RANGE_TARGET,1.25,8.95,60,London,NORMAL,,,161,D
DIAAAAYA732SRAH,GBPUSD,BUY,GBPUSD_BB_BOUNCE_L,13560.0,20.0,100.0,2026-08-17T14:00:03Z,2026-08-17T14:20:02Z,6.5,6.5,,,False,ig_fill,BB_RANGE_TARGET,BB_RANGE_TARGET,BB_RANGE_TARGET,8.65,0.0,19,NY,NORMAL,,,161,D
DIAAAAYA8AC76AD,GBPUSD,BUY,GBPUSD_BB_BOUNCE_L,13553.7,20.0,100.0,2026-08-17T15:00:02Z,2026-08-17T16:05:02Z,4.2,4.2,,,False,ig_fill,BB_RANGE_TARGET,BB_RANGE_TARGET,BB_RANGE_TARGET,8.65,2.95,65,NY,NORMAL,,,161,D
DIAAAAYA8V5J8AA,GBPUSD,BUY,GBPUSD_BB_BOUNCE_L,13555.1,20.0,100.0,2026-08-17T17:30:01Z,2026-08-17T20:55:03Z,-15.0,-15.0,,,False,ig_fill,NY_CLOSE,NY_CLOSE,NY_CLOSE,0.0,18.95,205,NY,NORMAL,,,161,D
DIAAAAYBCVMKHAH,GBPUSD,BUY,GBPUSD_BB_BOUNCE_L,13529.8,20.0,100.0,2026-08-18T10:30:04Z,2026-08-18T12:25:03Z,-1.7,-1.7,,,False,ig_fill,BB_RANGE_TARGET,BB_RANGE_TARGET,BB_RANGE_TARGET,2.05,9.95,114,London,PRE_NEWS,,,161,D
DIAAAAYBDWFNHAS,GBPUSD,BUY,GBPUSD_BB_BOUNCE_L,13536.2,20.0,100.0,2026-08-18T17:20:02Z,2026-08-18T19:45:02Z,0.4,0.4,,,False,ig_fill,BB_RANGE_TARGET,BB_RANGE_TARGET,BB_RANGE_TARGET,3.65,4.25,145,NY,PRE_NEWS,,,161,D
DIAAAAYBQNF9SA8,GBPUSD,BUY,GBPUSD_BB_BOUNCE_L,13555.2,20.0,100.0,2026-08-19T11:50:03Z,2026-08-19T12:34:05Z,16.3,24.3,16.3,8.0,False,ig_fill,BRIEFING_TP1_CLOSE,TP1,TP1,9.15,3.35,44,London,BIG_NEWS,,True,161,D
DIAAAAYBT7EZDA6,GBPUSD,BUY,GBPUSD_BB_BOUNCE_L,13614.1,20.0,100.0,2026-08-19T15:15:01Z,2026-08-19T15:25:03Z,-11.1,-11.1,,,False,ig_fill,AUTO_K_PREMISE,AUTO_K_PREMISE,AUTO_K_PREMISE,0.0,11.65,10,NY,BIG_NEWS,,,161,D
DIAAAAYBUB62QAC,GBPUSD,BUY,GBPUSD_BB_BOUNCE_L,13607.8,20.0,100.0,2026-08-19T15:30:03Z,2026-08-19T20:55:01Z,-1.6,-1.6,,,False,ig_fill,NY_CLOSE,NY_CLOSE,NY_CLOSE,7.65,18.45,324,NY,BIG_NEWS,,,161,D
DIAAAAYBV9LV8AG,GBPUSD,BUY,GBPUSD_BB_BOUNCE_L,13609.8,20.0,100.0,2026-08-20T05:05:02Z,2026-08-20T06:50:03Z,1.9,1.9,,,False,ig_fill,BB_RANGE_TARGET,BB_RANGE_TARGET,BB_RANGE_TARGET,4.95,9.85,105,Asia,,,,161,D
DIAAAAYBYMJ2WAK,GBPUSD,BUY,GBPUSD_BB_BOUNCE_L,13638.7,20.0,100.0,2026-08-20T11:25:03Z,2026-08-20T11:50:01Z,-7.4,-7.4,,,False,ig_fill,AUTO_K_PREMISE,AUTO_K_PREMISE,AUTO_K_PREMISE,4.45,9.15,24,London,POST_NEWS,,,161,D
DIAAAAYBYSDYNAE,GBPUSD,BUY,GBPUSD_BB_BOUNCE_L,13633.8,20.0,100.0,2026-08-20T12:15:03Z,2026-08-20T12:35:02Z,-7.2,-7.2,,,False,ig_fill,AUTO_K_PREMISE,AUTO_K_PREMISE,AUTO_K_PREMISE,6.65,7.75,19,London,POST_NEWS,,,161,D
DIAAAAYBY9F92AF,GBPUSD,BUY,GBPUSD_BB_BOUNCE_L,13634.4,20.0,100.0,2026-08-20T14:25:02Z,2026-08-20T15:04:55Z,6.65,14.65,6.65,8.0,False,ig_fill,FLOOR_STOP_POST_SCALEOUT,FLOOR_STOP_POST_SCALEOUT,FLOOR_STOP_POST_SCALEOUT,2.65,4.95,39,NY,POST_NEWS,,True,161,D
DIAAAAYBZNRKSA5,GBPUSD,BUY,GBPUSD_BB_BOUNCE_L,13628.3,20.0,100.0,2026-08-20T16:45:01Z,2026-08-20T20:50:22Z,3.75,3.75,,,False,ig_fill,Breakeven stop hit (IG server-side),Breakeven stop hit (IG server-side),Breakeven stop hit (IG server-side),5.45,7.75,245,NY,POST_NEWS,,,161,D
DIAAAAYB96BCWAV,GBPUSD,BUY,GBPUSD_BB_BOUNCE_L,13645.1,20.0,100.0,2026-08-24T04:15:02Z,2026-08-24T06:55:02Z,-1.2,-1.2,,,False,ig_fill,BB_RANGE_TARGET,BB_RANGE_TARGET,BB_RANGE_TARGET,2.95,7.75,160,Asia,,,,161,E
DIAAAAYCCY2RPAD,GBPUSD,BUY,GBPUSD_BB_BOUNCE_L,13629.6,20.0,100.0,2026-08-24T11:10:03Z,2026-08-24T11:40:01Z,3.6,3.6,,,False,ig_fill,BB_RANGE_TARGET,BB_RANGE_TARGET,BB_RANGE_TARGET,10.75,3.85,29,London,NORMAL,,,161,E
DIAAAAYCDH258A4,GBPUSD,BUY,GBPUSD_BB_BOUNCE_L,13640.2,20.0,100.0,2026-08-24T14:15:01Z,2026-08-24T15:30:02Z,1.6,1.6,,,False,ig_fill,BB_RANGE_TARGET,BB_RANGE_TARGET,BB_RANGE_TARGET,4.05,7.65,75,NY,NORMAL,,,161,E
DIAAAAYCDULAWA4,GBPUSD,BUY,GBPUSD_BB_BOUNCE_L,13634.6,20.0,100.0,2026-08-24T16:05:02Z,2026-08-24T20:55:02Z,-5.8,-5.8,,,False,ig_fill,NY_CLOSE,NY_CLOSE,NY_CLOSE,3.55,9.95,290,NY,NORMAL,,,161,E
DIAAAAYCJCUARA9,GBPUSD,BUY,GBPUSD_BB_BOUNCE_L,13630.4,20.0,100.0,2026-08-25T12:45:02Z,2026-08-25T13:05:04Z,5.5,5.5,,,False,ig_fill,BB_RANGE_TARGET,BB_RANGE_TARGET,BB_RANGE_TARGET,7.35,0.0,20,London,NORMAL,,,161,E
DIAAAAYCJQBGSAF,GBPUSD,BUY,GBPUSD_BB_BOUNCE_L,13637.5,20.0,100.0,2026-08-25T14:40:02Z,2026-08-25T16:00:02Z,1.9,1.9,,,False,ig_fill,BB_RANGE_TARGET,BB_RANGE_TARGET,BB_RANGE_TARGET,6.7,7.65,80,NY,NORMAL,,,161,E
DIAAAAYCQQK8XBF,GBPUSD,BUY,GBPUSD_BB_BOUNCE_L,13592.5,20.0,100.0,2026-08-26T18:50:02Z,2026-08-26T18:57:26Z,-1.75,-1.75,,,False,ig_fill,External close (not initiated by this host),External close (not initiated by this host),External close (not initiated by this host),,,7,NY,NORMAL,,,161,E
DIAAAAYCRQXTMA4,GBPUSD,BUY,GBPUSD_BB_BOUNCE_L,13590.1,20.0,100.0,2026-08-27T04:05:02Z,2026-08-27T07:20:02Z,2.2,2.2,,,False,ig_fill,BB_FLIP,BB_FLIP,BB_FLIP,6.35,4.85,195,Asia,,,,161,E
DIAAAAYCT9NK5A4,GBPUSD,BUY,GBPUSD_BB_BOUNCE_L,13584.7,20.0,100.0,2026-08-27T08:45:03Z,2026-08-27T13:40:01Z,11.9,11.9,,,False,ig_fill,BB_FLIP,BB_FLIP,BB_FLIP,17.85,13.85,294,London,PRE_NEWS,,,161,E
DIAAAAYC7HJQ9AA,GBPUSD,BUY,GBPUSD_BB_BOUNCE_L,13585.7,20.0,100.0,2026-08-27T15:10:04Z,2026-08-27T16:08:04Z,9.5,9.5,,,False,ig_fill,LABEL_K_OPERATOR,LABEL_K_OPERATOR,LABEL_K_OPERATOR,13.95,0.45,58,NY,PRE_NEWS,,,161,E
DIAAAAYDB8FFMAN,GBPUSD,BUY,GBPUSD_BB_BOUNCE_L,13587.9,20.0,100.0,2026-08-28T07:35:01Z,2026-08-28T09:55:03Z,-6.1,-6.1,,,False,ig_fill,AUTO_K_PREMISE,AUTO_K_PREMISE,AUTO_K_PREMISE,3.85,6.85,140,London,BIG_NEWS,,,161,E
DIAAAAYDH32QJBF,GBPUSD,BUY,GBPUSD_BB_BOUNCE_L,13540.9,20.0,100.0,2026-08-31T07:10:02Z,2026-08-31T08:00:02Z,5.4,5.4,,,False,ig_fill,QM_BAND_CLOSE_INSIDE,QM_BAND_CLOSE_INSIDE,QM_BAND_CLOSE_INSIDE,7.35,3.15,50,London,POST_NEWS,,,161,E
DIAAAAYDJCEX3BC,GBPUSD,BUY,GBPUSD_BB_BOUNCE_L,13543.7,20.0,100.0,2026-08-31T09:05:01Z,2026-08-31T10:05:02Z,1.1,1.1,,,False,ig_fill,QM_BAND_CLOSE_INSIDE,QM_BAND_CLOSE_INSIDE,QM_BAND_CLOSE_INSIDE,2.95,4.15,60,London,POST_NEWS,,,161,E
DIAAAAYDJLR6NAM,GBPUSD,BUY,GBPUSD_BB_BOUNCE_L,13540.0,20.0,100.0,2026-08-31T10:55:01Z,2026-08-31T11:35:01Z,1.6,1.6,,,False,ig_fill,QM_BAND_CLOSE_INSIDE,QM_BAND_CLOSE_INSIDE,QM_BAND_CLOSE_INSIDE,6.25,3.25,40,London,POST_NEWS,,,161,E
DIAAAAYDJWZYFA9,GBPUSD,BUY,GBPUSD_BB_BOUNCE_L,13540.7,20.0,100.0,2026-08-31T13:05:01Z,2026-08-31T13:15:01Z,1.1,1.1,,,False,ig_fill,QM_BAND_CLOSE_INSIDE,QM_BAND_CLOSE_INSIDE,QM_BAND_CLOSE_INSIDE,3.95,0.0,10,NY,POST_NEWS,,,161,E
DIAAAAYDNPULKBD,GBPUSD,BUY,GBPUSD_BB_BOUNCE_L,13539.8,20.0,100.0,2026-09-01T06:35:01Z,2026-09-01T07:35:03Z,-7.4,-7.4,,,False,ig_fill,AUTO_K_PREMISE,AUTO_K_PREMISE,AUTO_K_PREMISE,3.55,7.15,60,Asia,,,,161,E
DIAAAAYDNYH3CA8,GBPUSD,BUY,GBPUSD_BB_BOUNCE_L,13534.5,20.0,100.0,2026-09-01T08:20:01Z,2026-09-01T08:24:48Z,-2.6,-2.6,,,False,ig_fill,LABEL_K_OPERATOR,LABEL_K_OPERATOR,LABEL_K_OPERATOR,,,4,London,NORMAL,,,161,E
DIAAAAYDPEVJ6BC,GBPUSD,BUY,GBPUSD_BB_BOUNCE_L,13534.7,20.0,100.0,2026-09-01T11:00:01Z,2026-09-01T13:05:02Z,-9.0,-9.0,,,False,ig_fill,AUTO_K_PREMISE,AUTO_K_PREMISE,AUTO_K_PREMISE,5.35,8.85,125,London,NORMAL,,,161,E
DIAAAAYDQFE6FAZ,GBPUSD,BUY,GBPUSD_BB_BOUNCE_L,13534.7,20.0,100.0,2026-09-01T15:10:01Z,2026-09-01T15:25:03Z,-8.3,-8.3,,,False,ig_fill,AUTO_K_PREMISE,AUTO_K_PREMISE,AUTO_K_PREMISE,0.0,7.45,15,NY,NORMAL,,,161,E
DIAAAAYDX8HQ6B2,GBPUSD,BUY,GBPUSD_BB_BOUNCE_L,13505.0,20.0,100.0,2026-09-02T09:05:08Z,2026-09-02T09:52:30Z,-13.05,-13.05,,,False,ig_fill,External close (not initiated by this host),External close (not initiated by this host),External close (not initiated by this host),0.0,12.15,47,London,NORMAL,,,161,E
DIAAAAYD2DH8RB5,GBPUSD,BUY,GBPUSD_BB_BOUNCE_L,13497.9,20.0,100.0,2026-09-02T15:50:01Z,2026-09-02T17:32:41Z,-12.55,-12.55,,,False,ig_fill,External close (not initiated by this host),External close (not initiated by this host),External close (not initiated by this host),6.15,12.95,102,NY,NORMAL,,,161,E
DIAAAAYD6SJQHAW,GBPUSD,BUY,GBPUSD_BB_BOUNCE_L,13492.0,20.0,100.0,2026-09-03T05:15:02Z,2026-09-03T09:25:29Z,2.45,2.45,,,False,ig_fill,Breakeven stop hit (IG server-side),Breakeven stop hit (IG server-side),Breakeven stop hit (IG server-side),15.75,8.95,250,Asia,,,,161,E
DIAAAAYD939VMBX,GBPUSD,BUY,GBPUSD_BB_BOUNCE_L,13494.5,20.0,100.0,2026-09-03T09:45:02Z,2026-09-03T12:35:35Z,5.45,8.75,5.45,3.3,False,ig_fill,FLOOR_STOP_POST_SCALEOUT,FLOOR_STOP_POST_SCALEOUT,FLOOR_STOP_POST_SCALEOUT,18.9,10.35,170,London,PRE_NEWS,,True,161,E
DIAAAAYEBGBZ6BF,GBPUSD,BUY,GBPUSD_BB_BOUNCE_L,13507.5,20.0,100.0,2026-09-03T14:50:02Z,2026-09-03T14:56:28Z,8.45,16.45,8.45,8.0,False,ig_fill,FLOOR_STOP_POST_SCALEOUT,FLOOR_STOP_POST_SCALEOUT,FLOOR_STOP_POST_SCALEOUT,,,6,NY,PRE_NEWS,,True,161,E
DIAAAAYECWPEYAW,GBPUSD,BUY,GBPUSD_BB_BOUNCE_L,13541.6,20.0,100.0,2026-09-03T18:05:01Z,2026-09-03T20:55:00Z,-16.0,-16.0,,,False,ig_fill,NY_CLOSE,NY_CLOSE,NY_CLOSE,2.45,19.05,169,NY,PRE_NEWS,,,161,E
DIAAAAYEJUEN6BH,GBPUSD,BUY,GBPUSD_BB_BOUNCE_L,13537.5,20.0,100.0,2026-09-04T08:05:12Z,2026-09-04T09:22:43Z,-8.35,-8.35,,,False,ig_fill,External close (not initiated by this host),External close (not initiated by this host),External close (not initiated by this host),5.85,10.25,77,London,BIG_NEWS,,,161,E
DIAAAAYERUESRA6,GBPUSD,BUY,GBPUSD_BB_BOUNCE_L,13531.6,20.0,100.0,2026-09-07T12:10:01Z,2026-09-07T12:45:02Z,6.7,6.7,,,False,ig_fill,QM_BAND_CLOSE_INSIDE,QM_BAND_CLOSE_INSIDE,QM_BAND_CLOSE_INSIDE,7.55,2.45,35,London,POST_NEWS,,,161,E
DIAAAAYEWJEFEBG,GBPUSD,BUY,GBPUSD_BB_BOUNCE_L,13534.3,20.0,100.0,2026-09-08T08:05:01Z,2026-09-08T09:45:05Z,-6.2,-6.2,,,False,ig_fill,QM_BAND_CLOSE_INSIDE,QM_BAND_CLOSE_INSIDE,QM_BAND_CLOSE_INSIDE,0.25,11.55,100,London,NORMAL,,,161,E
DIAAAAYE8CA6RAJ,GBPUSD,BUY,GBPUSD_BB_BOUNCE_L,13546.8,20.0,100.0,2026-09-08T14:20:07Z,2026-09-08T17:55:01Z,-7.2,-7.2,,,False,ig_fill,QM_BAND_CLOSE_INSIDE,QM_BAND_CLOSE_INSIDE,QM_BAND_CLOSE_INSIDE,10.15,15.65,214,NY,NORMAL,,,161,E
DIAAAAYFEXEFNAJ,GBPUSD,BUY,GBPUSD_BB_BOUNCE_L,13549.8,20.0,100.0,2026-09-09T08:15:09Z,2026-09-09T11:40:02Z,10.7,10.7,,,False,ig_fill,BB_FLIP,BB_FLIP,BB_FLIP,16.25,19.35,204,London,NORMAL,,,161,E
DIAAAAYFG894HBW,GBPUSD,BUY,GBPUSD_BB_BOUNCE_L,13546.3,20.0,100.0,2026-09-09T15:30:04Z,2026-09-09T20:55:02Z,0.1,0.1,,,False,ig_fill,NY_CLOSE,NY_CLOSE,NY_CLOSE,14.65,5.05,324,NY,NORMAL,,,161,E
DIAAAAYFP4T4MBL,GBPUSD,BUY,GBPUSD_BB_BOUNCE_L,13553.1,20.0,100.0,2026-09-10T07:15:11Z,2026-09-10T11:08:11Z,-20.0,-20.0,,,False,ig_fill,GBPUSD_BB_BOUNCE_L_TIER_SL_OPEN,SL,SL,4.95,16.55,233,London,PRE_NEWS,,,161,E
DIAAAAYFZ4CW4BF,GBPUSD,BUY,GBPUSD_BB_BOUNCE_L,13514.6,20.0,100.0,2026-09-11T08:25:01Z,2026-09-11T12:30:10Z,-4.9,-4.9,,,False,ig_fill,External close (not initiated by this host),External close (not initiated by this host),External close (not initiated by this host),4.35,16.35,245,London,BIG_NEWS,,,161,E
DIAAAAYF4GVG3BZ,GBPUSD,BUY,GBPUSD_BB_BOUNCE_L,13521.4,20.0,100.0,2026-09-11T16:00:01Z,2026-09-11T20:55:00Z,6.3,6.3,,,False,ig_fill,NY_CLOSE,NY_CLOSE,NY_CLOSE,7.55,4.35,294,NY,BIG_NEWS,,,161,E
DIAAAAYGKXGD5BM,GBPUSD,BUY,GBPUSD_BB_BOUNCE_L,13485.1,20.0,100.0,2026-09-15T13:40:02Z,2026-09-15T14:05:02Z,3.9,3.9,,,False,ig_fill,BB_FLIP,BB_FLIP,BB_FLIP,11.05,0.0,25,NY,PRE_NEWS,,,161,E
DIAAAAYHCG6LWBM,GBPUSD,BUY,GBPUSD_BB_BOUNCE_L,13369.6,20.0,100.0,2026-09-18T07:45:04Z,2026-09-18T10:50:33Z,-20.3,-20.3,,,False,ig_fill,GBPUSD_BB_BOUNCE_L_TIER_SL_OPEN,SL,SL,3.65,18.95,185,London,POST_NEWS,,,161,E
DIAAAAYHQCMEKAJ,GBPUSD,BUY,GBPUSD_BB_BOUNCE_L,13356.3,20.0,100.0,2026-09-22T14:25:08Z,2026-09-22T15:13:08Z,-19.75,-19.75,,,False,ig_fill,SL hit,SL,SL,3.95,18.95,48,NY,,,,161,E
DIAAAAYJAEDLTBC,GBPUSD,BUY,GBPUSD_BB_BOUNCE_L,13238.7,20.0,100.0,2026-09-24T06:05:07Z,2026-09-24T06:20:08Z,8.1,8.1,,,False,ig_fill,BB_FLIP,BB_FLIP,BB_FLIP,11.95,0.0,15,Asia,,,,161,E
DIAAAAYJAYV9GBR,GBPUSD,BUY,GBPUSD_BB_BOUNCE_L,13237.5,20.0,100.0,2026-09-24T09:00:05Z,2026-09-24T10:21:59Z,-19.65,-19.65,,,False,ig_fill,SL hit,SL,SL,4.05,15.05,81,London,,,,161,E
DIAAAAYJBC7C9AW,GBPUSD,BUY,GBPUSD_BB_BOUNCE_L,13220.4,20.0,100.0,2026-09-24T12:10:14Z,2026-09-24T13:00:03Z,10.8,18.5,10.8,7.7,False,ig_fill,QM_BAND_CLOSE_INSIDE,QM_BAND_CLOSE_INSIDE,QM_BAND_CLOSE_INSIDE,12.35,5.35,49,London,,,True,161,E
DIAAAAYJJ62KXBE,GBPUSD,BUY,GBPUSD_BB_BOUNCE_L,13217.7,20.0,100.0,2026-09-24T14:40:09Z,2026-09-24T17:27:29Z,1.65,1.65,,,False,ig_fill,Breakeven stop hit (IG server-side),Breakeven stop hit (IG server-side),Breakeven stop hit (IG server-side),23.05,8.15,167,NY,,,,161,E
DIAAAAYJKV27QBV,GBPUSD,BUY,GBPUSD_BB_BOUNCE_L,13213.3,20.0,100.0,2026-09-24T18:10:05Z,2026-09-24T19:55:06Z,5.7,7.9,5.7,2.2,False,ig_fill,QM_BAND_CLOSE_INSIDE,QM_BAND_CLOSE_INSIDE,QM_BAND_CLOSE_INSIDE,9.35,2.05,105,NY,,,True,161,E
