strategy,pairs,fires,scaled,unscaled,wins,losses,breakevens,net_pips,first_fire,last_fire
GBPUSD_BB_BOUNCE_L,GBPUSD,33,15,18,16,17,0,-42.5,2026-07-01,2026-07-31
GBPUSD_BB_BOUNCE_S,GBPUSD,31,23,8,22,9,0,193.4,2026-07-01,2026-07-31
GBPUSD_TREND_V3_L,GBPUSD,31,11,20,21,10,0,148.6,2026-07-02,2026-07-30
BRIEFING_EXECUTION,"EURUSD,GBPUSD",13,0,13,6,7,0,-15.7,2026-07-23,2026-07-31
GBPUSD_EMA_PULLBACK_S,GBPUSD,11,7,4,6,5,0,28.7,2026-07-01,2026-07-22
GBPUSD_EMA_PULLBACK_L,GBPUSD,10,5,5,5,5,0,81.3,2026-07-02,2026-07-20
GBPUSD_STRUCTURE_BREAK_L,GBPUSD,9,5,4,5,4,0,29.1,2026-07-01,2026-07-30
GBPUSD_TREND_V3_S,GBPUSD,9,3,6,5,4,0,28.7,2026-07-08,2026-07-31
GBPUSD_STRUCTURE_BREAK_S,GBPUSD,6,2,4,3,3,0,39.5,2026-07-01,2026-07-21
GBPUSD_CONFIRMATION_FALLBACK_S,GBPUSD,6,3,3,5,1,0,26.5,2026-07-01,2026-07-31
GBPUSD_CONFIRMATION_FALLBACK_L,GBPUSD,6,3,3,4,2,0,41.5,2026-07-09,2026-07-21
FIFTY_PIP_BREAKOUT_USDCAD_V4,USDCAD,4,0,4,1,3,0,-20.3,2026-07-23,2026-07-24
MACD_EXTREME_GBPUSD_LONG,GBPUSD,3,0,3,1,2,0,-20.2,2026-07-23,2026-07-23
NEWS_STRATEGY_CONT,GBPUSD,2,1,1,1,1,0,12.0,2026-07-02,2026-07-02
P2_USDJPY_B,USDJPY,2,0,2,0,2,0,-14.1,2026-07-23,2026-07-23
BRIEFING_V5,"EURUSD,GBPUSD",2,1,1,1,1,0,48.3,2026-07-29,2026-07-31
GBPUSD_BB_REV_PAT_S,GBPUSD,1,1,0,1,0,0,8.1,2026-07-03,2026-07-03
NEWS_STRATEGY_REVERSAL,GBPUSD,1,1,0,1,0,0,17.6,2026-07-22,2026-07-22
RSI_FADE_GBPUSD_SHORT,GBPUSD,1,0,1,1,0,0,20.1,2026-07-23,2026-07-23
P2_EURUSD_A,EURUSD,1,0,1,1,0,0,0.5,2026-07-23,2026-07-23
