deal_id,direction,entry_price,sl_pips_applied,tp1_pips,timestamp_open,timestamp_close,pnl_pips,total_pnl_pips,effective_pnl_pips,runner_pnl_pips,partial_bank_pips,partial_fill_estimated,close_reason_canonical,close_reason_raw,close_type,outcome,mfe_pips,mae_pips,duration_minutes,session_name,day_type_at_fire,fire_path,scaled_out,entry_price_source,era
DIAAAAXC849FHBB,SELL,13593.05,12.0,100.0,2026-05-04T06:10:05Z,2026-05-04T11:10:05Z,48.4,,48.40,,,,REGIME_MAX_HOLD,REGIME_MAX_HOLD,REGIME_MAX_HOLD,REGIME_MAX_HOLD,69.5,5.0,300,,,,,,A_baseline_12p_SL
DIAAAAXDBG5Q4A7,SELL,13564.45,12.0,100.0,2026-05-04T14:35:32Z,2026-05-04T15:20:47Z,21.5,,21.50,,,,BRIEFING_TP1_CLOSE,BRIEFING_TP1_CLOSE,TP1,TP1,14.2,3.9,45,,,,,,A_baseline_12p_SL
DIAAAAXDFFBTFAQ,SELL,13525.25,12.0,100.0,2026-05-05T06:16:53Z,2026-05-05T06:34:36Z,-5.95,,-5.95,,,,EXTERNAL_MANUAL,External/manual close detected (IG open positions),MANUAL,MANUAL,10.9,0.0,17,,,,,,A_baseline_12p_SL
DIAAAAXDFGN2SAM,SELL,13530.95,12.0,100.0,2026-05-05T06:45:01Z,2026-05-05T07:36:42Z,-12.6,,-12.60,,,,BRIEFING_TP_SL_OPEN,BRIEFING_TP_SL_OPEN,TP1,TP1,0.5,10.5,51,,,,,,A_baseline_12p_SL
DIAAAAXDFR3QDBE,SELL,13544.05,12.0,100.0,2026-05-05T08:35:00Z,2026-05-05T11:26:04Z,3.15,,3.15,,,,BE_HIT_IG,Breakeven stop hit (IG server-side),Breakeven stop hit (IG server-side),Breakeven stop hit (IG server-side),13.5,6.7,171,,,,,,A_baseline_12p_SL
DIAAAAXDR5WSGAR,SELL,13544.25,12.0,100.0,2026-05-05T12:35:02Z,2026-05-05T13:11:03Z,-12.1,,-12.10,,,,BRIEFING_TP_SL_OPEN,BRIEFING_TP_SL_OPEN,TP1,TP1,4.8,10.2,36,,,,,,A_baseline_12p_SL
DIAAAAXDR9GYLAA,SELL,13553.85,12.0,100.0,2026-05-05T13:25:02Z,2026-05-05T13:55:01Z,-0.6,,-0.60,,,,PRE_NEWS_CLOSE,PRE_NEWS_CLOSE,MANUAL,MANUAL,5.5,4.0,29,,,,,,A_baseline_12p_SL
DIAAAAXDSHSN9A5,SELL,13556.05,12.0,100.0,2026-05-05T14:35:00Z,2026-05-05T15:03:22Z,-12.3,,-12.30,,,,BRIEFING_TP_SL_OPEN,BRIEFING_TP_SL_OPEN,TP1,TP1,2.3,9.5,28,,,,,,A_baseline_12p_SL
DIAAAAXDWX4EEAT,SELL,13585.15,12.0,100.0,2026-05-06T07:15:02Z,2026-05-06T07:52:41Z,-12.0,,-12.00,,,,BRIEFING_TP_SL_OPEN,BRIEFING_TP_SL_OPEN,TP1,TP1,1.75,9.85,37,,,,,,A_baseline_12p_SL
DIAAAAXDW2S2KBF,SELL,13592.25,12.0,100.0,2026-05-06T07:55:00Z,2026-05-06T08:30:44Z,-12.2,,-12.20,,,,BRIEFING_TP_SL_OPEN,BRIEFING_TP_SL_OPEN,TP1,TP1,0.65,10.0,35,,,,,,A_baseline_12p_SL
DIAAAAXEKDA63BE,SELL,13621.25,12.0,100.0,2026-05-07T09:05:02Z,2026-05-07T13:05:04Z,-0.6,,-0.60,,,,REGIME_MAX_HOLD,REGIME_MAX_HOLD,REGIME_MAX_HOLD,REGIME_MAX_HOLD,12.2,9.1,240,,,,,,A_baseline_12p_SL
DIAAAAXETRZHTA4,SELL,13627.55,12.0,100.0,2026-05-07T15:05:04Z,2026-05-07T15:14:53Z,2.15,,2.15,,,,BE_HIT_IG,Breakeven stop hit (IG server-side),Breakeven stop hit (IG server-side),Breakeven stop hit (IG server-side),,,9,,,,,,A_baseline_12p_SL
DIAAAAXETYQ88AA,SELL,13625.05,12.0,100.0,2026-05-07T15:15:01Z,2026-05-07T17:26:45Z,40.9,,40.90,,,,BRIEFING_TP1_CLOSE,BRIEFING_TP1_CLOSE,TP1,TP1,40.3,2.5,131,,,,,,A_baseline_12p_SL
DIAAAAXE3GSGEAD,SELL,13579.85,12.0,100.0,2026-05-08T06:10:03Z,2026-05-08T08:19:44Z,-12.1,,-12.10,,,,BRIEFING_TP_SL_OPEN,BRIEFING_TP_SL_OPEN,TP1,TP1,2.5,10.6,129,,,,,,A_baseline_12p_SL
DIAAAAXE6XLKPBC,SELL,13623.85,12.0,100.0,2026-05-08T16:15:03Z,2026-05-08T20:45:51Z,-11.45,,-11.45,,,,SL_HIT,SL hit,SL,SL,7.6,10.4,270,,,,,,A_baseline_12p_SL
DIAAAAXFDEK3QA5,SELL,13584.55,12.0,100.0,2026-05-11T06:20:03Z,2026-05-11T06:56:10Z,-12.1,,-12.10,,,,BRIEFING_TP_SL_OPEN,BRIEFING_TP_SL_OPEN,TP1,TP1,4.2,9.1,36,,,,,,A_baseline_12p_SL
DIAAAAXFDKZX2A4,SELL,13599.65,12.0,100.0,2026-05-11T07:15:04Z,2026-05-11T08:06:09Z,-4.45,,-4.45,,,,EXTERNAL_MANUAL,External/manual close detected (IG open positions),MANUAL,MANUAL,2.7,3.6,51,,,,,,A_baseline_12p_SL
DIAAAAXFD5Q62A5,SELL,13609.65,12.0,100.0,2026-05-11T08:40:04Z,2026-05-11T11:08:00Z,1.75,,1.75,,,,BE_HIT_IG,Breakeven stop hit (IG server-side),Breakeven stop hit (IG server-side),Breakeven stop hit (IG server-side),23.6,3.1,147,,,,,,A_baseline_12p_SL
DIAAAAXFF929SAY,SELL,13620.05,12.0,100.0,2026-05-11T13:25:02Z,2026-05-11T13:55:03Z,-7.2,,-7.20,,,,PRE_NEWS_CLOSE,PRE_NEWS_CLOSE,MANUAL,MANUAL,0.0,10.1,30,,,,,,A_baseline_12p_SL
DIAAAAXFQ9AP8A9,SELL,13545.35,12.0,100.0,2026-05-12T10:40:04Z,2026-05-12T11:03:15Z,20.1,,20.10,,,,BRIEFING_TP1_CLOSE,BRIEFING_TP1_CLOSE,TP1,TP1,12.7,2.0,23,,,,,,A_baseline_12p_SL
DIAAAAXGSF2P7AT,SELL,13520.95,12.0,100.0,2026-05-13T15:55:03Z,2026-05-13T22:44:07Z,1.05,,1.05,,,,BE_HIT_IG,Breakeven stop hit (IG server-side),Breakeven stop hit (IG server-side),Breakeven stop hit (IG server-side),9.9,11.0,409,,,,,,A_baseline_12p_SL
DIAAAAXHWTNSDBD,SELL,13391.35,12.0,100.0,2026-05-18T14:00:04Z,2026-05-18T15:35:59Z,-11.75,,-11.75,,,,SL_HIT,SL hit,SL,SL,,,95,,,,,,A_baseline_12p_SL
DIAAAAXH6Q7LRBG,SELL,13410.45,12.0,100.0,2026-05-19T06:05:03Z,2026-05-19T07:47:07Z,2.7,,2.70,,,,MANAGER_PROFIT_PROTECT,MANAGER_PROFIT_PROTECT,TRAIL,MANAGER_PROFIT_PROTECT,,,102,,,,,,A_baseline_12p_SL
DIAAAAXJJPPHNAF,SELL,13410.95,12.0,100.0,2026-05-19T12:35:03Z,2026-05-19T13:19:58Z,21.1,,21.10,,,,BRIEFING_TP1_CLOSE,BRIEFING_TP1_CLOSE,TP1,TP1,,,44,,,,,,A_baseline_12p_SL
DIAAAAXJK45NUAG,SELL,13395.65,12.0,100.0,2026-05-19T15:55:04Z,2026-05-19T15:55:05Z,-0.2,,-0.20,,,,MANAGER_PROFIT_PROTECT,MANAGER_PROFIT_PROTECT,TRAIL,MANAGER_PROFIT_PROTECT,,,0,,,,,,A_baseline_12p_SL
DIAAAAXJLHBCYAE,SELL,13398.75,12.0,100.0,2026-05-19T16:50:03Z,2026-05-19T17:14:01Z,-12.2,,-12.20,,,,BRIEFING_TP_SL_OPEN,BRIEFING_TP_SL_OPEN,TP1,TP1,,,23,,,,,,A_baseline_12p_SL
DIAAAAXJTK8HKBF,SELL,13399.85,12.0,100.0,2026-05-20T06:30:02Z,2026-05-20T07:22:08Z,2.7,,2.70,,,,MANAGER_PROFIT_PROTECT,MANAGER_PROFIT_PROTECT,TRAIL,MANAGER_PROFIT_PROTECT,,,52,,,,,,A_baseline_12p_SL
DIAAAAXJ7Q4XTAT,SELL,13393.85,12.0,100.0,2026-05-20T13:55:01Z,2026-05-20T14:14:38Z,6.2,,6.20,,,,MANAGER_PROFIT_PROTECT,MANAGER_PROFIT_PROTECT,TRAIL,MANAGER_PROFIT_PROTECT,,,19,,,,,,A_baseline_12p_SL
DIAAAAXKFYFV3AJ,SELL,13435.65,12.0,100.0,2026-05-21T07:15:02Z,2026-05-21T07:25:01Z,8.8,,8.80,,,,PRE_NEWS_CLOSE,PRE_NEWS_CLOSE,MANUAL,MANUAL,,,9,,,,,,A_baseline_12p_SL
DIAAAAXKZYLDKAF,SELL,13426.55,12.0,100.0,2026-05-22T08:10:01Z,2026-05-22T08:20:36Z,-12.0,,-12.00,,,,BRIEFING_TP_SL_OPEN,BRIEFING_TP_SL_OPEN,TP1,TP1,,,10,,,,,,A_baseline_12p_SL
DIAAAAXK3APAHAV,SELL,13427.95,12.0,100.0,2026-05-22T12:25:02Z,,,,,,,,UNKNOWN,,,,,,,,,,,,A_baseline_12p_SL
DIAAAAXK3B5A9AQ,SELL,13430.75,12.0,100.0,2026-05-22T12:55:01Z,2026-05-22T13:07:14Z,-12.0,,-12.00,,,,BRIEFING_TP_SL_OPEN,BRIEFING_TP_SL_OPEN,TP1,TP1,,,12,,,,,,A_baseline_12p_SL
DIAAAAXK4UPKHAF,SELL,13440.55,12.0,100.0,2026-05-22T16:35:04Z,,,,,,,,UNKNOWN,,,,,,,,,,,,A_baseline_12p_SL
DIAAAAXMRHKJ8AY,SELL,13436.65,20.0,100.0,2026-05-29T07:05:04Z,2026-05-29T08:45:17Z,19.8,29.8,29.80,19.8,10.0,False,BRIEFING_TP1_CLOSE,BRIEFING_TP1_CLOSE,TP1,TP1,,,100,,,,True,,B_20p_SL_no_regime_arm
DIAAAAXMR2E6ZA2,SELL,13416.45,20.0,100.0,2026-05-29T11:15:03Z,2026-05-29T13:15:20Z,-20.7,-20.7,-20.70,,,False,BRIEFING_TP_SL_OPEN,BRIEFING_TP_SL_OPEN,TP1,TP1,,,120,,,,,,B_20p_SL_no_regime_arm
DIAAAAXMSRVJBAM,SELL,13478.25,20.0,100.0,2026-05-29T15:20:01Z,2026-05-29T16:28:36Z,6.95,17.15,17.15,6.95,10.2,False,EXTERNAL_MANUAL,External/manual close detected (IG open positions),MANUAL,MANUAL,,,68,,,,True,,B_20p_SL_no_regime_arm
DIAAAAXMW5KDFAV,SELL,13466.45,20.0,100.0,2026-06-01T06:15:03Z,2026-06-01T06:56:13Z,-10.6,-10.6,-10.60,,,False,STRUCTURE_EXIT,"STRUCTURE_EXIT:structure_flip_up: last_close=13472.35000 > prior_5_high=13471.65000, pnl=-10.1p","STRUCTURE_EXIT:structure_flip_up: last_close=13472.35000 > prior_5_high=13471.65000, pnl=-10.1p","STRUCTURE_EXIT:structure_flip_up: last_close=13472.35000 > prior_5_high=13471.65000, pnl=-10.1p",,,41,,,,,,B_20p_SL_no_regime_arm
DIAAAAXMXBJG3A7,SELL,13469.85,20.0,100.0,2026-06-01T07:05:01Z,2026-06-01T08:15:43Z,0.05,10.15,10.15,0.05,10.1,False,BE_HIT_IG,Breakeven stop hit (IG server-side),Breakeven stop hit (IG server-side),Breakeven stop hit (IG server-side),,,70,,,,True,,B_20p_SL_no_regime_arm
DIAAAAXMY8HJSAR,SELL,13463.15,20.0,100.0,2026-06-01T12:15:03Z,2026-06-01T13:11:46Z,17.0,27.9,27.90,17.0,10.9,False,BRIEFING_TP1_CLOSE,BRIEFING_TP1_CLOSE,TP1,TP1,,,56,,,,True,,B_20p_SL_no_regime_arm
DIAAAAXMZ9XBEAZ,SELL,13446.25,20.0,100.0,2026-06-01T15:40:01Z,2026-06-01T16:55:00Z,-14.8,-14.8,-14.80,,,False,STRUCTURE_EXIT,"STRUCTURE_EXIT:structure_flip_up: last_close=13460.65000 > prior_5_high=13454.55000, pnl=-14.4p","STRUCTURE_EXIT:structure_flip_up: last_close=13460.65000 > prior_5_high=13454.55000, pnl=-14.4p","STRUCTURE_EXIT:structure_flip_up: last_close=13460.65000 > prior_5_high=13454.55000, pnl=-14.4p",,,74,,,,,,B_20p_SL_no_regime_arm
DIAAAAXM55ZFYAB,SELL,13475.05,20.0,100.0,2026-06-02T06:45:02Z,2026-06-02T13:55:06Z,6.65,16.65,16.65,6.65,10.0,False,EXTERNAL_MANUAL,External/manual close detected (IG open positions),MANUAL,MANUAL,,,430,,,,True,,B_20p_SL_no_regime_arm
DIAAAAXNG5474BA,SELL,13476.35,20.0,100.0,2026-06-02T14:50:02Z,2026-06-02T20:05:07Z,5.35,15.55,15.55,5.35,10.2,False,EXTERNAL_MANUAL,External/manual close detected (IG open positions),MANUAL,MANUAL,,,315,,,,True,,B_20p_SL_no_regime_arm
DIAAAAXNM9YTXA9,SELL,13459.55,20.0,100.0,2026-06-03T07:50:03Z,2026-06-03T12:38:00Z,25.1,35.2,35.20,25.1,10.1,False,BRIEFING_TP1_CLOSE,BRIEFING_TP1_CLOSE,TP1,TP1,,,287,,,,True,,B_20p_SL_no_regime_arm
DIAAAAXNY6KNAA4,SELL,13429.25,20.0,100.0,2026-06-03T15:05:03Z,2026-06-04T00:05:22Z,10.1,20.2,20.20,10.1,10.1,False,IG_RECONCILE,IG_RECONCILE,IG_RECONCILE,IG_RECONCILE,,,540,,,,True,,B_20p_SL_no_regime_arm
DIAAAAXN5VR44AW,SELL,13426.75,20.0,100.0,2026-06-04T06:50:02Z,2026-06-04T08:03:36Z,-1.25,8.75,8.75,-1.25,10.0,False,EXTERNAL_MANUAL,External/manual close detected (IG open positions),MANUAL,MANUAL,,,73,,,,True,,B_20p_SL_no_regime_arm
DIAAAAXN553HHAS,SELL,13427.85,20.0,100.0,2026-06-04T08:40:02Z,2026-06-04T09:40:02Z,-14.7,-14.7,-14.70,,,False,STRUCTURE_EXIT,"STRUCTURE_EXIT:structure_flip_up: last_close=13442.05000 > prior_5_high=13438.55000, pnl=-14.3p","STRUCTURE_EXIT:structure_flip_up: last_close=13442.05000 > prior_5_high=13438.55000, pnl=-14.3p","STRUCTURE_EXIT:structure_flip_up: last_close=13442.05000 > prior_5_high=13438.55000, pnl=-14.3p",,,60,,,,,,B_20p_SL_no_regime_arm
DIAAAAXN6APTYA2,SELL,13439.35,20.0,100.0,2026-06-04T09:45:16Z,2026-06-04T11:01:52Z,-10.6,-10.6,-10.60,,,False,STRUCTURE_EXIT,"STRUCTURE_EXIT:structure_flip_up: last_close=13443.65000 > prior_5_high=13442.85000, pnl=-10.1p","STRUCTURE_EXIT:structure_flip_up: last_close=13443.65000 > prior_5_high=13442.85000, pnl=-10.1p","STRUCTURE_EXIT:structure_flip_up: last_close=13443.65000 > prior_5_high=13442.85000, pnl=-10.1p",,,76,,,,,,B_20p_SL_no_regime_arm
DIAAAAXN6J25KAV,SELL,13455.05,20.0,100.0,2026-06-04T11:35:02Z,2026-06-05T00:05:56Z,10.0,20.0,20.00,10.0,10.0,False,IG_RECONCILE,IG_RECONCILE,IG_RECONCILE,IG_RECONCILE,,,750,,,,True,,B_20p_SL_no_regime_arm
DIAAAAXPA28XEA9,SELL,13443.35,20.0,100.0,2026-06-05T07:45:04Z,2026-06-05T08:15:01Z,-11.4,-11.4,-11.40,,,False,STRUCTURE_EXIT,"STRUCTURE_EXIT:structure_flip_up: last_close=13453.95000 > prior_5_high=13448.15000, pnl=-11.1p","STRUCTURE_EXIT:structure_flip_up: last_close=13453.95000 > prior_5_high=13448.15000, pnl=-11.1p","STRUCTURE_EXIT:structure_flip_up: last_close=13453.95000 > prior_5_high=13448.15000, pnl=-11.1p",,,29,,,,,,B_20p_SL_no_regime_arm
DIAAAAXPA9NAYAZ,SELL,13461.45,20.0,100.0,2026-06-05T09:20:05Z,2026-06-05T10:19:34Z,-11.2,-11.2,-11.20,,,False,STRUCTURE_EXIT,"STRUCTURE_EXIT:structure_flip_up: last_close=13468.35000 > prior_5_high=13466.75000, pnl=-10.0p","STRUCTURE_EXIT:structure_flip_up: last_close=13468.35000 > prior_5_high=13466.75000, pnl=-10.0p","STRUCTURE_EXIT:structure_flip_up: last_close=13468.35000 > prior_5_high=13466.75000, pnl=-10.0p",,,59,,,,,,B_20p_SL_no_regime_arm
DIAAAAXPBDNU3A2,SELL,13477.15,20.0,100.0,2026-06-05T10:40:14Z,2026-06-05T12:30:04Z,11.25,21.75,21.75,11.25,10.5,False,EXTERNAL_MANUAL,External/manual close detected (IG open positions),MANUAL,MANUAL,,,109,,,,True,,B_20p_SL_no_regime_arm
DIAAAAXP28DZ2BB,SELL,13398.55,20.0,100.0,2026-06-09T13:55:02Z,2026-06-09T15:40:17Z,20.65,30.65,30.65,20.65,10.0,False,EXTERNAL_MANUAL,External/manual close detected (IG open positions),MANUAL,MANUAL,,,105,,,,True,,B_20p_SL_no_regime_arm
DIAAAAXQKRGH7A2,SELL,13414.95,20.0,100.0,2026-06-10T13:55:04Z,2026-06-10T14:24:20Z,7.65,17.35,17.35,7.65,9.7,False,EXTERNAL_MANUAL,External/manual close detected (IG open positions),MANUAL,MANUAL,,,29,,,,True,,B_20p_SL_no_regime_arm
DIAAAAXQQ5QXEAX,SELL,13387.55,20.0,100.0,2026-06-11T07:35:03Z,2026-06-11T09:13:38Z,23.25,33.25,33.25,23.25,10.0,False,EXTERNAL_MANUAL,External/manual close detected (IG open positions),MANUAL,MANUAL,,,98,,,,True,,B_20p_SL_no_regime_arm
DIAAAAXRXQB3QAB,SELL,13423.5,20.0,100.0,2026-06-16T15:05:01Z,2026-06-16T15:55:01Z,-10.9,-10.9,-10.90,,,False,STRUCTURE_EXIT,"STRUCTURE_EXIT:structure_flip_up: last_close=13433.85000 > prior_5_high=13426.75000, pnl=-10.7p","STRUCTURE_EXIT:structure_flip_up: last_close=13433.85000 > prior_5_high=13426.75000, pnl=-10.7p","STRUCTURE_EXIT:structure_flip_up: last_close=13433.85000 > prior_5_high=13426.75000, pnl=-10.7p",,,50,,,,,ig_fill,B_20p_SL_no_regime_arm
DIAAAAXRYQ37JAP,SELL,13433.2,20.0,100.0,2026-06-16T16:05:02Z,2026-06-16T21:00:09Z,3.05,11.05,11.05,3.05,8.0,False,BE_HIT_IG,Breakeven stop hit (IG server-side),Breakeven stop hit (IG server-side),Breakeven stop hit (IG server-side),,,295,,,,True,ig_fill,B_20p_SL_no_regime_arm
DIAAAAXR4XMVAAP,SELL,13417.5,20.0,100.0,2026-06-17T08:05:10Z,2026-06-17T08:57:44Z,0.15,8.55,8.55,0.15,8.4,False,BE_STOP_POST_SCALEOUT,BE_STOP_POST_SCALEOUT,BE_STOP_POST_SCALEOUT,BE_STOP_POST_SCALEOUT,,,52,,,,True,ig_fill,B_20p_SL_no_regime_arm
DIAAAAXR5KJSWAB,SELL,13412.3,20.0,100.0,2026-06-17T13:05:02Z,2026-06-17T14:44:00Z,7.85,16.35,16.35,7.85,8.5,False,TRAIL_STOP,TRAIL_STOP,TRAIL,TRAIL_STOP,,,98,,,,True,ig_fill,B_20p_SL_no_regime_arm
DIAAAAXR9XHRHA6,SELL,13319.3,20.0,100.0,2026-06-18T06:40:11Z,2026-06-18T07:23:22Z,19.5,27.6,27.60,19.5,8.1,False,BRIEFING_TP1_CLOSE,BRIEFING_TP1_CLOSE,TP1,TP1,,,43,,,,True,ig_fill,B_20p_SL_no_regime_arm
DIAAAAXSAPRX2BC,SELL,13242.8,20.0,100.0,2026-06-18T13:45:05Z,2026-06-18T16:11:31Z,21.45,21.45,21.45,,,False,TRAIL_STOP,TRAIL_STOP,TRAIL,TRAIL_STOP,,,146,,,,,ig_fill,B_20p_SL_no_regime_arm
DIAAAAXSGAH9FAZ,SELL,13235.2,20.0,100.0,2026-06-19T13:00:02Z,2026-06-19T13:53:04Z,12.75,20.75,20.75,12.75,8.0,False,TRAIL_STOP,TRAIL_STOP,TRAIL,TRAIL_STOP,,,53,,,,True,ig_fill,B_20p_SL_no_regime_arm
DIAAAAXSGSSZMAP,SELL,13223.8,20.0,100.0,2026-06-19T14:55:04Z,2026-06-19T17:40:02Z,-12.8,-12.8,-12.80,,,False,STRUCTURE_EXIT,"STRUCTURE_EXIT:structure_flip_up: last_close=13236.25000 > prior_5_high=13234.05000, pnl=-12.4p","STRUCTURE_EXIT:structure_flip_up: last_close=13236.25000 > prior_5_high=13234.05000, pnl=-12.4p","STRUCTURE_EXIT:structure_flip_up: last_close=13236.25000 > prior_5_high=13234.05000, pnl=-12.4p",,,164,,,,,ig_fill,B_20p_SL_no_regime_arm
DIAAAAXSUJ933AF,SELL,13260.2,20.0,100.0,2026-06-22T15:10:01Z,2026-06-22T16:23:04Z,13.35,21.25,21.25,13.35,7.9,False,TRAIL_STOP,TRAIL_STOP,TRAIL,TRAIL_STOP,,,73,,,,True,ig_fill,B_20p_SL_no_regime_arm
DIAAAAXS4AGPQAZ,SELL,13238.7,20.0,100.0,2026-06-23T06:30:01Z,2026-06-23T07:04:36Z,-0.05,7.95,7.95,-0.05,8.0,False,BE_STOP_POST_SCALEOUT,BE_STOP_POST_SCALEOUT,BE_STOP_POST_SCALEOUT,BE_STOP_POST_SCALEOUT,10.25,0.45,34,,,,True,ig_fill,B_20p_SL_no_regime_arm
DIAAAAXS4GJLLAG,SELL,13246.8,20.0,100.0,2026-06-23T07:15:01Z,2026-06-23T07:59:33Z,19.65,28.15,28.15,19.65,8.5,False,TRAIL_STOP,TRAIL_STOP,TRAIL,TRAIL_STOP,25.85,2.75,44,,,,True,ig_fill,B_20p_SL_no_regime_arm
DIAAAAXS5QFZWAL,SELL,13222.6,20.0,100.0,2026-06-23T10:10:01Z,2026-06-23T12:01:21Z,9.65,17.65,17.65,9.65,8.0,False,TRAIL_STOP,TRAIL_STOP,TRAIL,TRAIL_STOP,15.65,4.15,111,,,,True,ig_fill,B_20p_SL_no_regime_arm
DIAAAAXTRHQDNA5,SELL,13197.9,20.0,100.0,2026-06-24T06:20:02Z,2026-06-24T07:21:53Z,11.05,19.05,19.05,11.05,8.0,False,TRAIL_STOP,TRAIL_STOP,TRAIL,TRAIL_STOP,17.55,2.25,61,,,,True,ig_fill,B_20p_SL_no_regime_arm
DIAAAAXT4HQ4FAV,SELL,13163.5,20.0,100.0,2026-06-24T12:00:19Z,2026-06-24T12:41:26Z,21.2,29.3,29.30,21.2,8.1,False,BRIEFING_TP1_CLOSE,BRIEFING_TP1_CLOSE,TP1,TP1,13.85,1.75,41,,,,True,ig_fill,B_20p_SL_no_regime_arm
DIAAAAXT64ULRAM,SELL,13163.5,20.0,100.0,2026-06-24T15:35:02Z,2026-06-25T03:52:01Z,-20.35,-20.35,-20.35,,,False,SL_HIT,SL hit,SL,SL,9.65,19.35,736,,,,,ig_fill,B_20p_SL_no_regime_arm
DIAAAAXUFE8EBAH,SELL,13177.3,20.0,100.0,2026-06-25T07:45:06Z,2026-06-25T08:00:41Z,-10.5,-10.5,-10.50,,,False,STRUCTURE_EXIT,"STRUCTURE_EXIT:structure_flip_up: last_close=13185.35000 > prior_5_high=13183.75000, pnl=-10.0p","STRUCTURE_EXIT:structure_flip_up: last_close=13185.35000 > prior_5_high=13183.75000, pnl=-10.0p","STRUCTURE_EXIT:structure_flip_up: last_close=13185.35000 > prior_5_high=13183.75000, pnl=-10.0p",0.0,8.45,15,,,,,ig_fill,C_news_bo_velo_arm_wait
DIAAAAXUFJ9CXAY,SELL,13183.3,20.0,100.0,2026-06-25T08:05:02Z,2026-06-25T08:25:02Z,-10.4,-10.4,-10.40,,,False,STRUCTURE_EXIT,"STRUCTURE_EXIT:structure_flip_up: last_close=13193.65000 > prior_5_high=13189.15000, pnl=-10.2p","STRUCTURE_EXIT:structure_flip_up: last_close=13193.65000 > prior_5_high=13189.15000, pnl=-10.2p","STRUCTURE_EXIT:structure_flip_up: last_close=13193.65000 > prior_5_high=13189.15000, pnl=-10.2p",0.0,10.45,20,,,,,ig_fill,C_news_bo_velo_arm_wait
DIAAAAXUKTKQ8AV,SELL,13179.9,20.0,100.0,2026-06-25T12:55:02Z,2026-06-26T00:05:32Z,-20.0,-20.0,-20.00,,,False,IG_RECONCILE,IG_RECONCILE,IG_RECONCILE,IG_RECONCILE,,,670,,,,,ig_fill,C_news_bo_velo_arm_wait
DIAAAAXUN2PKDAX,SELL,13210.2,20.0,100.0,2026-06-25T14:10:02Z,2026-06-25T14:28:51Z,12.65,20.65,20.65,12.65,8.0,False,TRAIL_STOP,TRAIL_STOP,TRAIL,TRAIL_STOP,18.75,0.0,18,,,,True,ig_fill,C_news_bo_velo_arm_wait
DIAAAAXUPLUGGAC,SELL,13200.4,20.0,100.0,2026-06-25T15:15:01Z,2026-06-26T00:05:32Z,8.6,17.2,17.20,8.6,8.6,False,IG_RECONCILE,IG_RECONCILE,IG_RECONCILE,IG_RECONCILE,,,530,,,,True,ig_fill,C_news_bo_velo_arm_wait
DIAAAAXUYCHGQAZ,SELL,13205.9,20.0,100.0,2026-06-26T07:45:02Z,2026-06-26T09:40:39Z,-20.0,-20.0,-20.00,,,False,BRIEFING_TP_SL_OPEN,BRIEFING_TP_SL_OPEN,TP1,TP1,6.45,17.05,115,,,,,ig_fill,C_news_bo_velo_arm_wait
DIAAAAXUZA4VTAQ,SELL,13223.7,20.0,100.0,2026-06-26T09:55:04Z,2026-06-26T11:59:01Z,7.55,15.85,15.85,7.55,8.3,False,TRAIL_STOP,TRAIL_STOP,TRAIL,TRAIL_STOP,13.25,1.35,123,,,,True,ig_fill,C_news_bo_velo_arm_wait
DIAAAAXU2RFRCAQ,SELL,13222.4,20.0,100.0,2026-06-26T14:30:02Z,2026-06-26T15:09:05Z,18.65,26.65,26.65,18.65,8.0,False,TRAIL_STOP,TRAIL_STOP,TRAIL,TRAIL_STOP,24.65,3.15,39,,,,True,ig_fill,C_news_bo_velo_arm_wait
DIAAAAXVFEHKNBF,SELL,13211.8,20.0,100.0,2026-06-29T09:45:01Z,2026-06-29T11:28:17Z,-20.2,-20.2,-20.20,,,False,BRIEFING_TP_SL_OPEN,BRIEFING_TP_SL_OPEN,TP1,TP1,1.75,19.45,103,,,,,ig_fill,C_news_bo_velo_arm_wait
DIAAAAXVGVCL4AE,SELL,13230.9,20.0,100.0,2026-06-29T12:40:02Z,2026-06-29T15:31:43Z,-19.75,-19.75,-19.75,,,False,SL_HIT,SL hit,SL,SL,3.3,17.65,171,,,,,ig_fill,C_news_bo_velo_arm_wait
DIAAAAXVJEGV4AQ,SELL,13247.3,20.0,100.0,2026-06-29T15:40:02Z,2026-06-30T01:32:09Z,0.25,8.45,8.45,0.25,8.2,False,BE_STOP_POST_SCALEOUT,BE_STOP_POST_SCALEOUT,BE_STOP_POST_SCALEOUT,BE_STOP_POST_SCALEOUT,12.15,15.55,592,,,,True,ig_fill,C_news_bo_velo_arm_wait
DIAAAAXVS58XTAC,SELL,13234.7,20.0,100.0,2026-06-30T10:45:01Z,2026-06-30T14:14:03Z,1.45,9.45,9.45,1.45,8.0,False,BE_STOP_POST_SCALEOUT,BE_STOP_POST_SCALEOUT,BE_STOP_POST_SCALEOUT,BE_STOP_POST_SCALEOUT,22.45,2.45,209,,,,True,ig_fill,C_news_bo_velo_arm_wait
DIAAAAXV38FRFBF,SELL,13266.9,20.0,100.0,2026-06-30T15:05:02Z,2026-06-30T20:48:03Z,6.85,14.85,14.85,6.85,8.0,False,EXTERNAL_MANUAL,External/manual close detected (IG open positions),MANUAL,MANUAL,18.35,9.15,343,,,,True,ig_fill,C_news_bo_velo_arm_wait
DIAAAAXWAXPJNAA,SELL,13251.4,20.0,100.0,2026-07-01T09:35:01Z,2026-07-01T13:43:47Z,-20.4,-11.4,-11.40,-20.4,9.0,False,BRIEFING_TP_SL_OPEN,BRIEFING_TP_SL_OPEN,TP1,TP1,32.15,7.95,248,,,,True,ig_fill,C_news_bo_velo_arm_wait
DIAAAAXWPPJDTAK,SELL,13281.9,20.0,100.0,2026-07-01T16:20:01Z,2026-07-01T19:16:48Z,0.65,8.55,8.55,0.65,7.9,False,BE_STOP_POST_SCALEOUT,BE_STOP_POST_SCALEOUT,BE_STOP_POST_SCALEOUT,BE_STOP_POST_SCALEOUT,10.25,9.65,176,,,,True,ig_fill,C_news_bo_velo_arm_wait
DIAAAAXXFEZL9BA,SELL,13370.5,20.0,100.0,2026-07-03T06:55:01Z,2026-07-03T08:34:07Z,4.65,12.75,12.75,4.65,8.1,False,TRAIL_STOP,TRAIL_STOP,TRAIL,TRAIL_STOP,7.75,6.15,99,,,,True,ig_fill,C_news_bo_velo_arm_wait
DIAAAAXXHNW6JAT,SELL,13353.7,20.0,100.0,2026-07-03T15:05:02Z,2026-07-06T02:52:17Z,8.85,16.95,16.95,8.85,8.1,False,TRAIL_STOP,TRAIL_STOP,TRAIL,TRAIL_STOP,14.8,2.85,3587,,,,True,ig_fill,C_news_bo_velo_arm_wait
DIAAAAXXSB7Y7AM,SELL,13343.6,20.0,100.0,2026-07-06T08:05:02Z,2026-07-06T08:54:07Z,7.05,15.15,15.15,7.05,8.1,False,TRAIL_STOP,TRAIL_STOP,TRAIL,TRAIL_STOP,12.65,0.15,49,,,,True,ig_fill,C_news_bo_velo_arm_wait
DIAAAAXXS7W8EAK,SELL,13340.1,20.0,100.0,2026-07-06T10:30:02Z,2026-07-06T13:29:35Z,-13.35,-13.35,-13.35,,,False,EXTERNAL_MANUAL,External/manual close detected (IG open positions),MANUAL,MANUAL,4.25,13.35,179,,,,,ig_fill,C_news_bo_velo_arm_wait
DIAAAAXX5PVTGAC,SELL,13387.2,20.0,100.0,2026-07-07T08:45:01Z,2026-07-07T10:07:39Z,11.65,19.65,19.65,11.65,8.0,False,TRAIL_STOP,TRAIL_STOP,TRAIL,TRAIL_STOP,15.85,6.75,82,,,,True,ig_fill,C_news_bo_velo_arm_wait
DIAAAAXX6RJPHAX,SELL,13384.9,20.0,100.0,2026-07-07T12:40:02Z,2026-07-07T13:33:05Z,0.35,8.35,8.35,0.35,8.0,False,BE_STOP_POST_SCALEOUT,BE_STOP_POST_SCALEOUT,BE_STOP_POST_SCALEOUT,BE_STOP_POST_SCALEOUT,9.15,1.55,53,,,,True,ig_fill,C_news_bo_velo_arm_wait
DIAAAAXYSYFGQAZ,SELL,13365.2,20.0,100.0,2026-07-08T13:55:02Z,2026-07-08T15:24:59Z,0.65,8.85,8.85,0.65,8.2,False,BE_STOP_POST_SCALEOUT,BE_STOP_POST_SCALEOUT,BE_STOP_POST_SCALEOUT,BE_STOP_POST_SCALEOUT,8.75,10.35,89,,,,True,ig_fill,C_news_bo_velo_arm_wait
DIAAAAX2RX4YYAT,SELL,13397.2,20.0,100.0,2026-07-15T11:15:04Z,2026-07-15T12:30:14Z,-17.35,-17.35,-17.35,,,False,SL_HIT,SL hit,SL,SL,0.95,18.25,75,,,,,ig_fill,D_MACD_5m_pivot_range_rot
DIAAAAX22SFNQAD,SELL,13426.7,20.0,100.0,2026-07-15T13:15:01Z,2026-07-15T13:57:49Z,-22.05,-22.05,-22.05,,,False,SL_HIT,SL hit,SL,SL,5.15,15.95,42,,,,,ig_fill,D_MACD_5m_pivot_range_rot
DIAAAAX23K5W7AU,SELL,13477.0,20.0,100.0,2026-07-15T15:10:01Z,2026-07-15T15:54:32Z,-20.05,-20.05,-20.05,,,False,SL_HIT,SL hit,SL,SL,5.85,17.75,44,,,,,ig_fill,D_MACD_5m_pivot_range_rot
DIAAAAX24NH8NBD,SELL,13508.7,20.0,100.0,2026-07-15T16:35:01Z,2026-07-15T16:53:19Z,-19.75,-19.75,-19.75,,,False,SL_HIT,SL hit,SL,SL,0.55,12.35,18,,,,,ig_fill,D_MACD_5m_pivot_range_rot
DIAAAAX3W8QJ6AL,SELL,13438.9,20.0,100.0,2026-07-17T11:45:03Z,2026-07-17T12:39:11Z,5.25,13.25,13.25,5.25,8.0,False,TRAIL_STOP,TRAIL_STOP,TRAIL,TRAIL_STOP,10.35,2.4,54,London,,,True,ig_fill,D_MACD_5m_pivot_range_rot
DIAAAAX3YKDK9AQ,SELL,13448.9,20.0,100.0,2026-07-17T15:40:02Z,2026-07-17T16:12:20Z,0.45,8.65,8.65,0.45,8.2,False,BE_STOP_POST_SCALEOUT,BE_STOP_POST_SCALEOUT,BE_STOP_POST_SCALEOUT,BE_STOP_POST_SCALEOUT,10.75,0.0,32,NY,,,True,ig_fill,D_MACD_5m_pivot_range_rot
DIAAAAX3YWK4HAV,SELL,13451.4,20.0,100.0,2026-07-17T16:35:01Z,2026-07-20T00:00:05Z,5.85,13.85,13.85,5.85,8.0,False,FLOOR_STOP_POST_SCALEOUT,FLOOR_STOP_POST_SCALEOUT,FLOOR_STOP_POST_SCALEOUT,FLOOR_STOP_POST_SCALEOUT,10.45,4.6,3325,NY,,,True,ig_fill,D_MACD_5m_pivot_range_rot
DIAAAAX39HZMNBD,SELL,13476.0,20.0,100.0,2026-07-20T07:50:02Z,2026-07-20T09:44:13Z,12.55,20.75,20.75,12.55,8.2,False,FLOOR_STOP_POST_SCALEOUT,FLOOR_STOP_POST_SCALEOUT,FLOOR_STOP_POST_SCALEOUT,FLOOR_STOP_POST_SCALEOUT,18.55,1.25,114,London,,,True,ig_fill,D_MACD_5m_pivot_range_rot
DIAAAAX4AHM9GA5,SELL,13471.0,20.0,100.0,2026-07-20T10:45:02Z,2026-07-20T14:45:15Z,30.55,38.65,38.65,30.55,8.1,False,TP_HIT,TP hit,TP1,TP1,29.55,7.05,240,London,,,True,ig_fill,D_MACD_5m_pivot_range_rot
DIAAAAX4K4T87AB,SELL,13448.2,20.0,100.0,2026-07-21T06:55:01Z,2026-07-21T08:19:49Z,-0.65,7.45,7.45,-0.65,8.1,False,BE_STOP_POST_SCALEOUT,BE_STOP_POST_SCALEOUT,BE_STOP_POST_SCALEOUT,BE_STOP_POST_SCALEOUT,11.65,6.95,84,Asia,,,True,ig_fill,D_MACD_5m_pivot_range_rot
DIAAAAX485MEAAQ,SELL,13384.5,20.0,100.0,2026-07-22T07:40:01Z,2026-07-22T07:56:56Z,0.75,8.75,8.75,0.75,8.0,False,BE_STOP_POST_SCALEOUT,BE_STOP_POST_SCALEOUT,BE_STOP_POST_SCALEOUT,BE_STOP_POST_SCALEOUT,8.45,0.0,16,London,,,True,ig_fill,D_MACD_5m_pivot_range_rot
DIAAAAX5BE4KDAV,SELL,13368.7,20.0,100.0,2026-07-22T11:15:02Z,2026-07-22T13:19:55Z,-1.45,6.85,6.85,-1.45,8.3,False,BE_STOP_POST_SCALEOUT,BE_STOP_POST_SCALEOUT,BE_STOP_POST_SCALEOUT,BE_STOP_POST_SCALEOUT,13.35,4.25,124,London,,,True,ig_fill,D_MACD_5m_pivot_range_rot
DIAAAAX5LSHJZAS,SELL,13381.9,20.0,100.0,2026-07-22T13:50:02Z,2026-07-23T09:31:10Z,5.0,13.0,13.00,5.0,8.0,False,IG_RECONCILE,IG_RECONCILE,IG_RECONCILE,IG_RECONCILE,,,1181,NY,,,True,ig_fill,D_MACD_5m_pivot_range_rot
DIAAAAX6UYEEKA9,SELL,13311.3,20.0,100.0,2026-07-27T13:55:01Z,2026-07-27T16:25:13Z,-0.95,9.55,9.55,-0.95,10.5,False,EXTERNAL_MANUAL,External/manual close detected (IG open positions),MANUAL,MANUAL,12.25,5.95,150,NY,,,True,ig_fill,D_MACD_5m_pivot_range_rot
DIAAAAX6WEXE2A9,SELL,13308.6,20.0,100.0,2026-07-27T16:40:02Z,2026-07-27T19:19:07Z,18.25,29.35,29.35,18.25,11.1,False,EXTERNAL_MANUAL,External/manual close detected (IG open positions),MANUAL,MANUAL,24.35,0.0,159,NY,,,True,ig_fill,D_MACD_5m_pivot_range_rot
DIAAAAX643VACAP,SELL,13291.9,12.0,100.0,2026-07-28T06:50:02Z,2026-07-28T07:21:17Z,-11.95,-11.95,-11.95,,,False,SL_HIT,SL hit,SL,SL,0.0,11.45,31,Asia,,,,ig_fill,D_MACD_5m_pivot_range_rot
DIAAAAX65QRPVA6,SELL,13301.6,12.0,100.0,2026-07-28T08:30:02Z,2026-07-28T09:53:15Z,17.9,27.9,27.90,17.9,10.0,False,BRIEFING_TP1_CLOSE,BRIEFING_TP1_CLOSE,TP1,TP1,16.15,1.95,83,London,,,True,ig_fill,D_MACD_5m_pivot_range_rot
DIAAAAX66VNQ6BC,SELL,13279.9,12.0,100.0,2026-07-28T11:45:02Z,2026-07-28T12:41:55Z,-11.95,-11.95,-11.95,,,False,SL_HIT,SL hit,SL,SL,5.65,10.55,56,London,,,,ig_fill,D_MACD_5m_pivot_range_rot
DIAAAAX7RDC8MAX,SELL,13408.1,20.0,100.0,2026-07-30T13:50:01Z,2026-07-30T13:59:43Z,-20.2,-20.2,-20.20,,,False,GBPUSD_BB_BOUNCE_S_TIER_SL_OPEN,GBPUSD_BB_BOUNCE_S_TIER_SL_OPEN,SL,SL,,,9,NY,,,,ig_fill,D_MACD_5m_pivot_range_rot
DIAAAAX7YY3J3AE,SELL,13451.1,20.0,100.0,2026-07-31T07:00:01Z,2026-07-31T08:17:51Z,5.65,13.65,13.65,5.65,8.0,False,FLOOR_STOP_POST_SCALEOUT,FLOOR_STOP_POST_SCALEOUT,FLOOR_STOP_POST_SCALEOUT,FLOOR_STOP_POST_SCALEOUT,11.05,11.75,77,London,,,True,ig_fill,D_MACD_5m_pivot_range_rot
DIAAAAX7ZS2WDAE,SELL,13458.0,20.0,100.0,2026-07-31T09:15:01Z,2026-07-31T10:29:06Z,8.65,16.75,16.75,8.65,8.1,False,FLOOR_STOP_POST_SCALEOUT,FLOOR_STOP_POST_SCALEOUT,FLOOR_STOP_POST_SCALEOUT,FLOOR_STOP_POST_SCALEOUT,14.85,4.45,74,London,,,True,ig_fill,D_MACD_5m_pivot_range_rot
DIAAAAX72MQE9A6,SELL,13420.2,20.0,100.0,2026-07-31T13:35:01Z,2026-07-31T13:41:46Z,14.45,22.75,22.75,14.45,8.3,False,FLOOR_STOP_POST_SCALEOUT,FLOOR_STOP_POST_SCALEOUT,FLOOR_STOP_POST_SCALEOUT,FLOOR_STOP_POST_SCALEOUT,,,6,NY,,,True,ig_fill,D_MACD_5m_pivot_range_rot
DIAAAAX8AMSDZAH,SELL,13473.0,20.0,100.0,2026-08-03T06:10:01Z,2026-08-03T07:00:48Z,10.05,18.35,18.35,10.05,8.3,False,FLOOR_STOP_POST_SCALEOUT,FLOOR_STOP_POST_SCALEOUT,FLOOR_STOP_POST_SCALEOUT,FLOOR_STOP_POST_SCALEOUT,15.85,1.75,50,Asia,,,True,ig_fill,D_MACD_5m_pivot_range_rot
DIAAAAX8CD5BVBB,SELL,13458.2,20.0,100.0,2026-08-03T10:50:01Z,2026-08-03T13:59:42Z,5.55,13.55,13.55,5.55,8.0,False,FLOOR_STOP_POST_SCALEOUT,FLOOR_STOP_POST_SCALEOUT,FLOOR_STOP_POST_SCALEOUT,FLOOR_STOP_POST_SCALEOUT,10.45,13.55,189,London,,,True,ig_fill,D_MACD_5m_pivot_range_rot
DIAAAAX8K8LCLAX,SELL,13426.8,20.0,100.0,2026-08-04T06:30:02Z,2026-08-04T10:44:41Z,-20.0,-20.0,-20.00,,,False,GBPUSD_BB_BOUNCE_S_TIER_SL_OPEN,GBPUSD_BB_BOUNCE_S_TIER_SL_OPEN,SL,SL,0.35,18.25,254,Asia,,,,ig_fill,D_MACD_5m_pivot_range_rot
DIAAAAX8YE33UA2,SELL,13450.1,20.0,100.0,2026-08-04T16:25:02Z,2026-08-04T18:55:51Z,-1.45,6.55,6.55,-1.45,8.0,False,BE_STOP_POST_SCALEOUT,BE_STOP_POST_SCALEOUT,BE_STOP_POST_SCALEOUT,BE_STOP_POST_SCALEOUT,10.15,1.35,150,NY,,,True,ig_fill,D_MACD_5m_pivot_range_rot
DIAAAAX87JM6SBB,SELL,13460.5,20.0,100.0,2026-08-05T08:40:01Z,2026-08-05T11:28:21Z,-20.0,-20.0,-20.00,,,False,GBPUSD_BB_BOUNCE_S_TIER_SL_OPEN,GBPUSD_BB_BOUNCE_S_TIER_SL_OPEN,SL,SL,6.85,18.85,168,London,,,,ig_fill,D_MACD_5m_pivot_range_rot
DIAAAAX9F39GFA5,SELL,13461.9,20.0,100.0,2026-08-06T06:10:01Z,2026-08-06T08:41:54Z,-3.45,-3.45,-3.45,,,False,EXTERNAL_MANUAL,External close (not initiated by this host),External close (not initiated by this host),External close (not initiated by this host),7.35,3.45,151,Asia,,,,ig_fill,D_MACD_5m_pivot_range_rot
DIAAAAX9HWBWZA6,SELL,13462.6,20.0,100.0,2026-08-06T11:15:01Z,2026-08-06T12:52:53Z,-4.55,-4.55,-4.55,,,False,EXTERNAL_MANUAL,External close (not initiated by this host),External close (not initiated by this host),External close (not initiated by this host),5.25,9.15,97,London,,,,ig_fill,D_MACD_5m_pivot_range_rot
DIAAAAX9JDVC6AK,SELL,13466.3,20.0,100.0,2026-08-06T14:15:01Z,2026-08-06T15:36:37Z,15.4,23.5,23.50,15.4,8.1,False,BRIEFING_TP1_CLOSE,BRIEFING_TP1_CLOSE,TP1,TP1,14.55,5.95,81,NY,,,True,ig_fill,D_MACD_5m_pivot_range_rot
DIAAAAX9PG5Y8AP,SELL,13453.2,20.0,100.0,2026-08-07T04:50:01Z,2026-08-07T09:36:32Z,12.8,12.8,12.80,,,False,EXIT_PROFILE_SQUEEZE,EXIT_PROFILE_SQUEEZE,EXIT_PROFILE_SQUEEZE,EXIT_PROFILE_SQUEEZE,12.65,4.45,286,Asia,,,,ig_fill,D_MACD_5m_pivot_range_rot
DIAAAAX9YZU5GBC,SELL,13487.5,20.0,100.0,2026-08-10T05:00:02Z,2026-08-10T09:02:40Z,-15.7,-15.7,-15.70,,,False,LABEL_K_OPERATOR,LABEL_K_OPERATOR,LABEL_K_OPERATOR,LABEL_K_OPERATOR,0.35,17.95,242,Asia,,,,ig_fill,D_MACD_5m_pivot_range_rot
DIAAAAX94X684AF,SELL,13495.3,20.0,100.0,2026-08-10T12:25:02Z,2026-08-10T13:15:01Z,-9.4,-9.4,-9.40,,,False,AUTO_K_PREMISE,AUTO_K_PREMISE,AUTO_K_PREMISE,AUTO_K_PREMISE,4.55,8.95,49,London,,,,ig_fill,D_MACD_5m_pivot_range_rot
DIAAAAYACF9U8BC,SELL,13512.3,20.0,100.0,2026-08-11T05:50:01Z,2026-08-11T06:33:34Z,10.3,10.3,10.30,,,False,EXIT_PROFILE_SQUEEZE,EXIT_PROFILE_SQUEEZE,EXIT_PROFILE_SQUEEZE,EXIT_PROFILE_SQUEEZE,8.75,3.25,43,Asia,,,,ig_fill,D_MACD_5m_pivot_range_rot
DIAAAAYADGCAFA7,SELL,13502.4,20.0,100.0,2026-08-11T08:55:01Z,2026-08-11T16:00:03Z,-13.6,-13.6,-13.60,,,False,AUTO_K_PREMISE,AUTO_K_PREMISE,AUTO_K_PREMISE,AUTO_K_PREMISE,10.35,12.75,425,London,,,,ig_fill,D_MACD_5m_pivot_range_rot
DIAAAAYANFT6UAY,SELL,13504.5,20.0,100.0,2026-08-12T06:55:01Z,2026-08-12T07:10:01Z,-6.3,-6.3,-6.30,,,False,AUTO_K_PREMISE,AUTO_K_PREMISE,AUTO_K_PREMISE,AUTO_K_PREMISE,0.0,6.85,15,Asia,,,,ig_fill,D_MACD_5m_pivot_range_rot
DIAAAAYARL8BDAK,SELL,13492.6,20.0,100.0,2026-08-13T04:55:01Z,2026-08-13T06:45:39Z,11.15,23.45,23.45,11.15,12.3,False,TRAIL_STOP,TRAIL_STOP,TRAIL,TRAIL_STOP,17.65,7.85,110,Asia,,,True,ig_fill,D_MACD_5m_pivot_range_rot
DIAAAAYAT45TAAK,SELL,13486.9,20.0,100.0,2026-08-13T09:45:01Z,2026-08-13T10:05:02Z,-6.8,-6.8,-6.80,,,False,AUTO_K_PREMISE,AUTO_K_PREMISE,AUTO_K_PREMISE,AUTO_K_PREMISE,1.05,6.35,20,London,BIG_NEWS,,,ig_fill,D_MACD_5m_pivot_range_rot
DIAAAAYAT8HBZAY,SELL,13495.9,20.0,100.0,2026-08-13T10:25:01Z,2026-08-13T10:26:43Z,-2.0,-2.0,-2.00,,,False,LABEL_K_OPERATOR,LABEL_K_OPERATOR,LABEL_K_OPERATOR,LABEL_K_OPERATOR,,,1,London,BIG_NEWS,,,ig_fill,D_MACD_5m_pivot_range_rot
DIAAAAYAVEL2BAE,SELL,13484.9,20.0,100.0,2026-08-13T18:50:01Z,2026-08-13T20:55:04Z,-4.1,-4.1,-4.10,,,False,NY_CLOSE,NY_CLOSE,NY_CLOSE,NY_CLOSE,1.65,3.95,125,NY,BIG_NEWS,,,ig_fill,D_MACD_5m_pivot_range_rot
DIAAAAYA3U6F5AE,SELL,13554.8,20.0,100.0,2026-08-17T04:20:02Z,2026-08-17T07:20:01Z,-7.6,-7.6,-7.60,,,False,AUTO_K_PREMISE,AUTO_K_PREMISE,AUTO_K_PREMISE,AUTO_K_PREMISE,5.25,9.25,179,Asia,,,,ig_fill,D_MACD_5m_pivot_range_rot
DIAAAAYA6GBYDAG,SELL,13559.2,20.0,100.0,2026-08-17T10:35:01Z,2026-08-17T11:00:03Z,2.3,2.3,2.30,,,False,BB_RANGE_TARGET,BB_RANGE_TARGET,BB_RANGE_TARGET,BB_RANGE_TARGET,5.45,0.65,25,London,NORMAL,,,ig_fill,D_MACD_5m_pivot_range_rot
DIAAAAYA7SC3BAL,SELL,13557.4,20.0,100.0,2026-08-17T12:20:01Z,2026-08-17T13:50:02Z,0.0,0.0,0.00,,,False,BB_RANGE_TARGET,BB_RANGE_TARGET,BB_RANGE_TARGET,BB_RANGE_TARGET,5.75,9.05,90,London,NORMAL,,,ig_fill,D_MACD_5m_pivot_range_rot
DIAAAAYBCPXSVAK,SELL,13530.0,20.0,100.0,2026-08-18T09:05:01Z,2026-08-18T10:30:01Z,0.3,0.3,0.30,,,False,BB_FLIP,BB_FLIP,BB_FLIP,BB_FLIP,5.25,3.85,85,London,PRE_NEWS,,,ig_fill,D_MACD_5m_pivot_range_rot
DIAAAAYBE95M2A7,SELL,13537.2,20.0,100.0,2026-08-19T04:40:02Z,2026-08-19T05:35:01Z,-6.5,-6.5,-6.50,,,False,AUTO_K_PREMISE,AUTO_K_PREMISE,AUTO_K_PREMISE,AUTO_K_PREMISE,0.0,6.25,54,Asia,,,,ig_fill,D_MACD_5m_pivot_range_rot
DIAAAAYBTC7NSAQ,SELL,13560.4,20.0,100.0,2026-08-19T12:30:01Z,2026-08-19T12:35:03Z,-15.5,-15.5,-15.50,,,False,AUTO_K_PREMISE,AUTO_K_PREMISE,AUTO_K_PREMISE,AUTO_K_PREMISE,,,5,London,BIG_NEWS,,,ig_fill,D_MACD_5m_pivot_range_rot
DIAAAAYBULDNLA9,SELL,13609.1,20.0,100.0,2026-08-19T17:00:02Z,2026-08-19T18:01:21Z,13.65,25.15,25.15,13.65,11.5,False,FLOOR_STOP_POST_SCALEOUT,FLOOR_STOP_POST_SCALEOUT,FLOOR_STOP_POST_SCALEOUT,FLOOR_STOP_POST_SCALEOUT,18.45,0.75,61,NY,BIG_NEWS,,True,ig_fill,D_MACD_5m_pivot_range_rot
DIAAAAYBXY4CHAD,SELL,13611.4,20.0,100.0,2026-08-20T06:55:03Z,2026-08-20T08:15:22Z,-19.35,-19.35,-19.35,,,False,SL_HIT,SL hit,SL,SL,3.05,19.35,80,Asia,,,,ig_fill,D_MACD_5m_pivot_range_rot
DIAAAAYBYXW7UAV,SELL,13646.9,20.0,100.0,2026-08-20T13:10:03Z,2026-08-20T13:38:46Z,5.85,13.95,13.95,5.85,8.1,False,FLOOR_STOP_POST_SCALEOUT,FLOOR_STOP_POST_SCALEOUT,FLOOR_STOP_POST_SCALEOUT,FLOOR_STOP_POST_SCALEOUT,10.35,2.65,28,NY,POST_NEWS,,True,ig_fill,D_MACD_5m_pivot_range_rot
DIAAAAYBZFEGPAV,SELL,13634.1,20.0,100.0,2026-08-20T15:10:02Z,2026-08-20T15:30:06Z,-8.0,-8.0,-8.00,,,False,AUTO_K_PREMISE,AUTO_K_PREMISE,AUTO_K_PREMISE,AUTO_K_PREMISE,4.75,7.95,20,NY,POST_NEWS,,,ig_fill,D_MACD_5m_pivot_range_rot
DIAAAAYBZHUULAD,SELL,13638.1,20.0,100.0,2026-08-20T15:35:01Z,2026-08-20T15:48:35Z,5.65,14.25,14.25,5.65,8.6,False,FLOOR_STOP_POST_SCALEOUT,FLOOR_STOP_POST_SCALEOUT,FLOOR_STOP_POST_SCALEOUT,FLOOR_STOP_POST_SCALEOUT,11.05,0.0,13,NY,POST_NEWS,,True,ig_fill,D_MACD_5m_pivot_range_rot
DIAAAAYCCCWMLBA,SELL,13642.7,20.0,100.0,2026-08-24T07:00:02Z,2026-08-24T07:45:02Z,8.9,8.9,8.90,,,False,BB_RANGE_TARGET,BB_RANGE_TARGET,BB_RANGE_TARGET,BB_RANGE_TARGET,9.85,6.35,45,London,,,,ig_fill,E_range_target_grind_qm
DIAAAAYCC5FJYAV,SELL,13634.8,20.0,100.0,2026-08-24T12:05:03Z,2026-08-24T14:00:02Z,-6.3,-6.3,-6.30,,,False,BB_RANGE_TARGET,BB_RANGE_TARGET,BB_RANGE_TARGET,BB_RANGE_TARGET,2.45,14.45,114,London,NORMAL,,,ig_fill,E_range_target_grind_qm
DIAAAAYCJYSMZBD,SELL,13636.0,20.0,100.0,2026-08-25T16:10:02Z,2026-08-25T20:55:01Z,-16.9,-16.9,-16.90,,,False,NY_CLOSE,NY_CLOSE,NY_CLOSE,NY_CLOSE,3.75,18.35,284,NY,NORMAL,,,ig_fill,E_range_target_grind_qm
DIAAAAYCNVA9NBB,SELL,13636.7,20.0,100.0,2026-08-26T07:20:01Z,2026-08-26T12:19:18Z,1.55,9.55,9.55,1.55,8.0,False,BE_HIT_IG,Breakeven stop hit (IG server-side),Breakeven stop hit (IG server-side),Breakeven stop hit (IG server-side),19.65,0.65,299,London,NORMAL,,True,ig_fill,E_range_target_grind_qm
DIAAAAYCT2F8RAU,SELL,13592.4,20.0,100.0,2026-08-27T07:20:06Z,2026-08-27T08:45:01Z,7.7,7.7,7.70,,,False,BB_FLIP,BB_FLIP,BB_FLIP,BB_FLIP,12.25,2.65,84,London,PRE_NEWS,,,ig_fill,E_range_target_grind_qm
DIAAAAYC6Z3K7AT,SELL,13596.5,20.0,100.0,2026-08-27T13:40:04Z,2026-08-27T15:10:01Z,10.8,10.8,10.80,,,False,BB_FLIP,BB_FLIP,BB_FLIP,BB_FLIP,16.05,0.65,89,NY,PRE_NEWS,,,ig_fill,E_range_target_grind_qm
DIAAAAYC7XGUZBF,SELL,13594.6,20.0,100.0,2026-08-27T16:10:03Z,2026-08-27T20:15:47Z,1.65,1.65,1.65,,,False,BE_HIT_IG,Breakeven stop hit (IG server-side),Breakeven stop hit (IG server-side),Breakeven stop hit (IG server-side),11.25,7.55,245,NY,PRE_NEWS,,,ig_fill,E_range_target_grind_qm
DIAAAAYDB28XYAL,SELL,13588.8,20.0,100.0,2026-08-28T06:20:02Z,2026-08-28T06:58:24Z,-5.4,-5.4,-5.40,,,False,LABEL_K_OPERATOR,LABEL_K_OPERATOR,LABEL_K_OPERATOR,LABEL_K_OPERATOR,0.0,5.55,38,Asia,,,,ig_fill,E_range_target_grind_qm
DIAAAAYDCLGAPAX,SELL,13588.7,20.0,100.0,2026-08-28T10:50:01Z,2026-08-28T12:46:08Z,8.65,19.95,19.95,8.65,11.3,False,FLOOR_STOP_POST_SCALEOUT,FLOOR_STOP_POST_SCALEOUT,FLOOR_STOP_POST_SCALEOUT,FLOOR_STOP_POST_SCALEOUT,14.65,3.25,116,London,BIG_NEWS,,True,ig_fill,E_range_target_grind_qm
DIAAAAYDG3VYJBD,SELL,13542.9,20.0,100.0,2026-08-31T05:35:01Z,2026-08-31T05:35:02Z,-1.4,-1.4,-1.40,,,False,QM_BAND_CLOSE_INSIDE,QM_BAND_CLOSE_INSIDE,QM_BAND_CLOSE_INSIDE,QM_BAND_CLOSE_INSIDE,,,0,Asia,,,,ig_fill,E_range_target_grind_qm
DIAAAAYDH86HMAM,SELL,13545.1,20.0,100.0,2026-08-31T08:15:02Z,2026-08-31T08:55:02Z,4.2,4.2,4.20,,,False,QM_BAND_CLOSE_INSIDE,QM_BAND_CLOSE_INSIDE,QM_BAND_CLOSE_INSIDE,QM_BAND_CLOSE_INSIDE,7.25,3.15,40,London,POST_NEWS,,,ig_fill,E_range_target_grind_qm
DIAAAAYDJUFATB2,SELL,13541.1,20.0,100.0,2026-08-31T12:25:01Z,2026-08-31T12:45:02Z,3.0,3.0,3.00,,,False,QM_BAND_CLOSE_INSIDE,QM_BAND_CLOSE_INSIDE,QM_BAND_CLOSE_INSIDE,QM_BAND_CLOSE_INSIDE,4.05,3.15,20,London,POST_NEWS,,,ig_fill,E_range_target_grind_qm
DIAAAAYDJ2JLQAW,SELL,13543.8,20.0,100.0,2026-08-31T13:35:01Z,2026-08-31T14:05:01Z,3.7,3.7,3.70,,,False,QM_BAND_CLOSE_INSIDE,QM_BAND_CLOSE_INSIDE,QM_BAND_CLOSE_INSIDE,QM_BAND_CLOSE_INSIDE,6.65,4.05,30,NY,POST_NEWS,,,ig_fill,E_range_target_grind_qm
DIAAAAYDKA7UAAZ,SELL,13554.4,20.0,100.0,2026-08-31T15:00:01Z,2026-08-31T16:40:01Z,7.0,7.0,7.00,,,False,QM_BAND_CLOSE_INSIDE,QM_BAND_CLOSE_INSIDE,QM_BAND_CLOSE_INSIDE,QM_BAND_CLOSE_INSIDE,9.15,0.85,100,NY,POST_NEWS,,,ig_fill,E_range_target_grind_qm
DIAAAAYDLMYJAA7,SELL,13544.9,20.0,100.0,2026-09-01T05:10:01Z,2026-09-01T09:08:18Z,1.45,5.25,5.25,1.45,3.8,False,BE_HIT_IG,Breakeven stop hit (IG server-side),Breakeven stop hit (IG server-side),Breakeven stop hit (IG server-side),15.95,5.15,238,Asia,,,True,ig_fill,E_range_target_grind_qm
DIAAAAYDWL82JBC,SELL,13499.9,20.0,100.0,2026-09-02T05:40:03Z,2026-09-02T06:50:02Z,-0.1,-0.1,-0.10,,,False,QM_BAND_CLOSE_INSIDE,QM_BAND_CLOSE_INSIDE,QM_BAND_CLOSE_INSIDE,QM_BAND_CLOSE_INSIDE,1.15,8.15,69,Asia,,,,ig_fill,E_range_target_grind_qm
DIAAAAYDXN7D7A6,SELL,13508.5,20.0,100.0,2026-09-02T07:45:02Z,2026-09-02T09:05:05Z,4.4,4.4,4.40,,,False,BB_FLIP,BB_FLIP,BB_FLIP,BB_FLIP,8.85,5.95,80,London,NORMAL,,,ig_fill,E_range_target_grind_qm
DIAAAAYDY5CBGA2,SELL,13484.8,20.0,100.0,2026-09-02T12:00:02Z,2026-09-02T12:20:02Z,6.5,6.5,6.50,,,False,QM_BAND_CLOSE_INSIDE,QM_BAND_CLOSE_INSIDE,QM_BAND_CLOSE_INSIDE,QM_BAND_CLOSE_INSIDE,6.55,4.15,20,London,NORMAL,,,ig_fill,E_range_target_grind_qm
DIAAAAYDZDTPUBC,SELL,13492.9,20.0,100.0,2026-09-02T13:35:01Z,2026-09-02T13:59:37Z,-21.15,-21.15,-21.15,,,False,SL_HIT,SL hit,SL,SL,0.0,17.05,24,NY,NORMAL,,,ig_fill,E_range_target_grind_qm
DIAAAAYDZJLBPBB,SELL,13501.8,20.0,100.0,2026-09-02T14:10:01Z,2026-09-02T15:40:01Z,0.7,0.7,0.70,,,False,QM_BAND_CLOSE_INSIDE,QM_BAND_CLOSE_INSIDE,QM_BAND_CLOSE_INSIDE,QM_BAND_CLOSE_INSIDE,4.75,8.25,90,NY,NORMAL,,,ig_fill,E_range_target_grind_qm
DIAAAAYEAV9UWBC,SELL,13518.5,20.0,100.0,2026-09-03T13:00:04Z,2026-09-03T13:44:32Z,9.35,17.35,17.35,9.35,8.0,False,FLOOR_STOP_POST_SCALEOUT,FLOOR_STOP_POST_SCALEOUT,FLOOR_STOP_POST_SCALEOUT,FLOOR_STOP_POST_SCALEOUT,13.65,0.0,44,NY,PRE_NEWS,,True,ig_fill,E_range_target_grind_qm
DIAAAAYEKFLZ6AJ,SELL,13530.9,20.0,100.0,2026-09-04T11:00:01Z,2026-09-04T12:30:08Z,41.4,41.4,41.40,,,False,BRIEFING_TP1_CLOSE,BRIEFING_TP1_CLOSE,TP1,TP1,4.05,7.45,90,London,BIG_NEWS,,,ig_fill,E_range_target_grind_qm
DIAAAAYEWRHFVBE,SELL,13527.9,20.0,100.0,2026-09-08T09:50:02Z,2026-09-08T10:40:02Z,4.5,4.5,4.50,,,False,QM_BAND_CLOSE_INSIDE,QM_BAND_CLOSE_INSIDE,QM_BAND_CLOSE_INSIDE,QM_BAND_CLOSE_INSIDE,4.95,11.25,50,London,NORMAL,,,ig_fill,E_range_target_grind_qm
DIAAAAYE4K38MAK,SELL,13536.7,20.0,100.0,2026-09-08T11:45:04Z,2026-09-08T13:06:31Z,-19.65,-19.65,-19.65,,,False,SL_HIT,SL hit,SL,SL,2.95,19.25,81,London,NORMAL,,,ig_fill,E_range_target_grind_qm
DIAAAAYFF5AQLBC,SELL,13559.9,20.0,100.0,2026-09-09T11:40:04Z,2026-09-09T15:30:02Z,13.9,13.9,13.90,,,False,BB_FLIP,BB_FLIP,BB_FLIP,BB_FLIP,25.65,6.55,229,London,NORMAL,,,ig_fill,E_range_target_grind_qm
DIAAAAYFSTZGYAZ,SELL,13528.1,20.0,100.0,2026-09-10T15:30:03Z,2026-09-10T20:55:00Z,13.3,26.9,26.90,13.3,13.6,False,NY_CLOSE,NY_CLOSE,NY_CLOSE,NY_CLOSE,23.85,4.95,324,NY,PRE_NEWS,,True,ig_fill,E_range_target_grind_qm
DIAAAAYGKDWF7BW,SELL,13478.1,20.0,100.0,2026-09-15T10:00:06Z,2026-09-15T13:25:08Z,-6.1,-6.1,-6.10,,,False,QM_BAND_CLOSE_INSIDE,QM_BAND_CLOSE_INSIDE,QM_BAND_CLOSE_INSIDE,QM_BAND_CLOSE_INSIDE,4.05,11.15,205,London,PRE_NEWS,,,ig_fill,E_range_target_grind_qm
DIAAAAYGQMVEWBN,SELL,13470.1,20.0,100.0,2026-09-16T09:40:05Z,2026-09-16T12:21:57Z,20.5,29.7,29.70,20.5,9.2,False,BRIEFING_TP1_CLOSE,BRIEFING_TP1_CLOSE,TP1,TP1,19.35,3.05,161,London,BIG_NEWS,,True,ig_fill,E_range_target_grind_qm
DIAAAAYG2RPHFBE,SELL,13458.9,20.0,100.0,2026-09-16T14:50:09Z,2026-09-16T17:59:35Z,5.0,13.0,13.00,5.0,8.0,False,IG_RECONCILE,IG_RECONCILE,IG_RECONCILE,IG_RECONCILE,,,555,NY,BIG_NEWS,,True,ig_fill,E_range_target_grind_qm
DIAAAAYHQRXWWB3,SELL,13331.8,20.0,100.0,2026-09-22T18:00:14Z,2026-09-22T20:55:01Z,-15.4,-15.4,-15.40,,,False,IG_RECONCILE,IG_RECONCILE,IG_RECONCILE,IG_RECONCILE,,,364,NY,,,,ig_fill,E_range_target_grind_qm
DIAAAAYJAS3JNAY,SELL,13246.6,20.0,100.0,2026-09-24T08:00:06Z,2026-09-24T08:35:03Z,3.3,3.3,3.30,,,False,QM_BAND_CLOSE_INSIDE,QM_BAND_CLOSE_INSIDE,QM_BAND_CLOSE_INSIDE,QM_BAND_CLOSE_INSIDE,8.45,8.65,34,London,,,,ig_fill,E_range_target_grind_qm
DIAAAAYJF247UA8,SELL,13226.0,20.0,100.0,2026-09-24T13:05:24Z,2026-09-24T14:35:02Z,10.6,10.6,10.60,,,False,QM_BAND_CLOSE_INSIDE,QM_BAND_CLOSE_INSIDE,QM_BAND_CLOSE_INSIDE,QM_BAND_CLOSE_INSIDE,13.75,4.35,89,NY,,,,ig_fill,E_range_target_grind_qm
